Price,Surface,City,Housing_unit,city_size,macroregion,floor,num_rooms,surface_bracket
8500.0,250.0,Milano,Appartamento,big,north,3.0,6,large
1150.0,40.0,Milano,Monolocale,big,north,3.0,1,small
900.0,51.0,Milano,Bilocale,big,north,3.0,2,small
1550.0,55.0,Milano,Bilocale,big,north,3.0,2,small
920.0,45.0,Milano,Bilocale,big,north,3.0,2,small
2975.0,150.0,Milano,Quadrilocale,big,north,3.0,4,mid
2990.0,140.0,Milano,Quadrilocale,big,north,3.0,4,mid
1000.0,42.0,Milano,Bilocale,big,north,3.0,2,small
2350.0,110.0,Milano,Trilocale,big,north,3.0,3,mid
3325.0,105.0,Milano,Trilocale,big,north,3.0,3,mid
2500.0,45.0,Milano,Bilocale,big,north,3.0,2,small
2333.0,127.0,Milano,Trilocale,big,north,3.0,3,mid
1650.0,72.0,Milano,Bilocale,big,north,3.0,2,mid-small
1300.0,70.0,Milano,Bilocale,big,north,3.0,2,mid-small
2700.0,95.0,Milano,Trilocale,big,north,3.0,3,mid-small
1000.0,230.0,Milano,Attico,big,north,3.0,5,large
2300.0,75.0,Milano,Appartamento,big,north,3.0,5,mid-small
1890.0,100.0,Milano,Trilocale,big,north,3.0,3,mid
2300.0,135.0,Milano,Trilocale,big,north,3.0,3,mid
1534.0,46.0,Milano,Monolocale,big,north,3.0,1,small
1800.0,57.0,Milano,Bilocale,big,north,3.0,2,small
1200.0,60.0,Milano,Bilocale,big,north,3.0,2,small
2100.0,80.0,Milano,Trilocale,big,north,3.0,3,mid-small
8500.0,250.0,Milano,Appartamento,big,north,3.0,6,large
2950.0,93.0,Milano,Trilocale,big,north,3.0,3,mid-small
1200.0,47.0,Milano,Bilocale,big,north,3.0,2,small
3000.0,145.0,Milano,Trilocale,big,north,3.0,3,mid
2000.0,107.0,Milano,Trilocale,big,north,3.0,3,mid
1800.0,60.0,Milano,Trilocale,big,north,3.0,3,small
2500.0,90.0,Milano,Bilocale,big,north,3.0,2,mid-small
1250.0,45.0,Milano,Bilocale,big,north,3.0,2,small
2200.0,70.0,Milano,Trilocale,big,north,3.0,3,mid-small
6000.0,185.0,Milano,Appartamento,big,north,3.0,6,mid
1400.0,40.0,Milano,Bilocale,big,north,3.0,2,small
1600.0,50.0,Milano,Bilocale,big,north,3.0,2,small
5000.0,100.0,Milano,Appartamento,big,north,3.0,5,mid
4000.0,195.0,Milano,Quadrilocale,big,north,3.0,4,mid
1250.0,55.0,Milano,Bilocale,big,north,3.0,2,small
3000.0,100.0,Milano,Trilocale,big,north,3.0,3,mid
2916.0,76.0,Milano,Bilocale,big,north,3.0,2,mid-small
3333.0,77.0,Milano,Bilocale,big,north,3.0,2,mid-small
850.0,40.0,Milano,Monolocale,big,north,3.0,1,small
1850.0,50.0,Milano,Bilocale,big,north,3.0,2,small
2550.0,200.0,Milano,Appartamento,big,north,3.0,5,large
2500.0,90.0,Milano,Trilocale,big,north,3.0,3,mid-small
1700.0,55.0,Milano,Bilocale,big,north,3.0,2,small
1800.0,80.0,Milano,Bilocale,big,north,3.0,2,mid-small
1700.0,70.0,Milano,Trilocale,big,north,3.0,3,mid-small
2000.0,132.0,Milano,Trilocale,big,north,3.0,3,mid
1400.0,70.0,Milano,Bilocale,big,north,3.0,2,mid-small
1500.0,60.0,Milano,Bilocale,big,north,15.0,2,small
3000.0,98.0,Milano,Bilocale,big,north,15.0,2,mid-small
4258.0,131.0,Milano,Quadrilocale,big,north,15.0,4,mid
1500.0,110.0,Milano,Trilocale,big,north,15.0,3,mid
2500.0,120.0,Milano,Trilocale,big,north,15.0,3,mid
6250.0,250.0,Milano,Appartamento,big,north,15.0,6,large
3000.0,120.0,Milano,Appartamento,big,north,15.0,5,mid
3000.0,60.0,Milano,Bilocale,big,north,15.0,2,small
3500.0,160.0,Milano,Appartamento,big,north,15.0,5,mid
1150.0,68.0,Milano,Bilocale,big,north,15.0,2,small
3500.0,140.0,Milano,Trilocale,big,north,15.0,3,mid
3083.0,110.0,Milano,Trilocale,big,north,15.0,3,mid
2150.0,90.0,Milano,Trilocale,big,north,15.0,3,mid-small
4167.0,112.0,Milano,Trilocale,big,north,15.0,3,mid
1200.0,65.0,Milano,Bilocale,big,north,15.0,2,small
2000.0,100.0,Milano,Trilocale,big,north,15.0,3,mid
5250.0,300.0,Milano,Appartamento,big,north,15.0,6,large
6600.0,200.0,Milano,Attico,big,north,15.0,6,large
6300.0,230.0,Milano,Appartamento,big,north,15.0,6,large
1250.0,65.0,Milano,Bilocale,big,north,15.0,2,small
1300.0,50.0,Milano,Bilocale,big,north,15.0,2,small
2700.0,120.0,Milano,Quadrilocale,big,north,15.0,4,mid
1100.0,50.0,Milano,Bilocale,big,north,15.0,2,small
6700.0,280.0,Milano,Appartamento,big,north,15.0,6,large
1100.0,45.0,Milano,Bilocale,big,north,8.0,2,small
2333.0,730.0,Milano,Palazzo,big,north,8.0,6,very large
1000.0,55.0,Milano,Bilocale,big,north,8.0,2,small
6500.0,209.0,Milano,Attico,big,north,8.0,4,large
1300.0,56.0,Milano,Trilocale,big,north,8.0,3,small
2500.0,110.0,Milano,Trilocale,big,north,8.0,3,mid
800.0,55.0,Milano,Bilocale,big,north,8.0,2,small
8000.0,240.0,Milano,Appartamento,big,north,8.0,5,large
1200.0,60.0,Milano,Bilocale,big,north,8.0,2,small
1600.0,75.0,Milano,Bilocale,big,north,8.0,2,mid-small
3100.0,170.0,Milano,Quadrilocale,big,north,8.0,4,mid
2900.0,95.0,Milano,Bilocale,big,north,8.0,2,mid-small
2885.0,115.0,Milano,Trilocale,big,north,8.0,3,mid
3000.0,67.0,Milano,Bilocale,big,north,8.0,2,small
1000.0,55.0,Milano,Bilocale,big,north,8.0,2,small
3750.0,85.0,Milano,Trilocale,big,north,8.0,3,mid-small
1100.0,50.0,Milano,Bilocale,big,north,8.0,2,small
8000.0,240.0,Milano,Appartamento,big,north,8.0,5,large
2200.0,73.0,Milano,Trilocale,big,north,8.0,3,mid-small
2600.0,80.0,Milano,Bilocale,big,north,8.0,2,mid-small
5500.0,180.0,Milano,Appartamento,big,north,8.0,5,mid
2100.0,110.0,Milano,Trilocale,big,north,8.0,3,mid
2000.0,60.0,Milano,Attico,big,north,8.0,2,small
1750.0,55.0,Milano,Bilocale,big,north,8.0,2,small
1600.0,85.0,Milano,Trilocale,big,north,8.0,3,mid-small
2500.0,152.0,Milano,Quadrilocale,big,north,5.0,4,mid
2300.0,82.0,Milano,Trilocale,big,north,5.0,3,mid-small
1590.0,53.0,Milano,Bilocale,big,north,5.0,2,small
3450.0,120.0,Milano,Quadrilocale,big,north,5.0,4,mid
1000.0,45.0,Milano,Bilocale,big,north,5.0,2,small
2750.0,143.0,Milano,Quadrilocale,big,north,5.0,4,mid
3400.0,179.0,Milano,Quadrilocale,big,north,5.0,4,mid
1650.0,90.0,Milano,Trilocale,big,north,5.0,3,mid-small
1350.0,80.0,Milano,Trilocale,big,north,5.0,3,mid-small
2500.0,134.0,Milano,Attico,big,north,5.0,3,mid
2400.0,100.0,Milano,Quadrilocale,big,north,5.0,4,mid
1650.0,66.0,Milano,Bilocale,big,north,5.0,2,small
1380.0,78.0,Milano,Bilocale,big,north,5.0,2,mid-small
3750.0,132.0,Milano,Quadrilocale,big,north,5.0,4,mid
2000.0,55.0,Milano,Monolocale,big,north,5.0,1,small
3850.0,158.0,Milano,Appartamento,big,north,5.0,5,mid
1210.0,60.0,Milano,Monolocale,big,north,5.0,1,small
2600.0,55.0,Milano,Bilocale,big,north,5.0,2,small
2700.0,50.0,Milano,Bilocale,big,north,5.0,2,small
1000.0,350.0,Milano,Trilocale,big,north,5.0,3,large
1300.0,60.0,Milano,Bilocale,big,north,5.0,2,small
1800.0,50.0,Milano,Bilocale,big,north,5.0,2,small
2200.0,70.0,Milano,Bilocale,big,north,5.0,2,mid-small
2300.0,50.0,Milano,Bilocale,big,north,5.0,2,small
4500.0,50.0,Milano,Monolocale,big,north,5.0,1,small
2550.0,50.0,Milano,Bilocale,big,north,1.0,2,small
1900.0,50.0,Milano,Bilocale,big,north,1.0,2,small
3100.0,50.0,Milano,Bilocale,big,north,1.0,2,small
3200.0,50.0,Milano,Bilocale,big,north,1.0,2,small
2100.0,50.0,Milano,Bilocale,big,north,1.0,2,small
2500.0,45.0,Milano,Bilocale,big,north,1.0,2,small
2800.0,50.0,Milano,Trilocale,big,north,1.0,3,small
4650.0,50.0,Milano,Trilocale,big,north,1.0,3,small
8000.0,200.0,Milano,Trilocale,big,north,1.0,3,large
4800.0,45.0,Milano,Bilocale,big,north,1.0,2,small
5400.0,50.0,Milano,Bilocale,big,north,1.0,2,small
8500.0,80.0,Milano,Trilocale,big,north,1.0,3,mid-small
1400.0,45.0,Milano,Bilocale,big,north,1.0,2,small
1190.0,41.0,Milano,Monolocale,big,north,1.0,1,small
2500.0,50.0,Milano,Bilocale,big,north,1.0,2,small
990.0,50.0,Milano,Bilocale,big,north,1.0,2,small
1800.0,55.0,Milano,Bilocale,big,north,1.0,2,small
1000.0,65.0,Milano,Bilocale,big,north,1.0,2,small
2300.0,120.0,Milano,Quadrilocale,big,north,1.0,4,mid
1800.0,70.0,Milano,Trilocale,big,north,1.0,3,mid-small
950.0,41.0,Milano,Monolocale,big,north,1.0,1,small
3200.0,134.0,Milano,Trilocale,big,north,1.0,3,mid
3000.0,70.0,Milano,Bilocale,big,north,1.0,2,mid-small
2700.0,110.0,Milano,Bilocale,big,north,1.0,2,mid
2200.0,90.0,Milano,Trilocale,big,north,2.0,3,mid-small
3500.0,94.0,Milano,Trilocale,big,north,2.0,3,mid-small
1200.0,54.0,Milano,Bilocale,big,north,2.0,2,small
8080.0,242.0,Milano,Appartamento,big,north,2.0,6,large
1700.0,100.0,Milano,Trilocale,big,north,2.0,3,mid
2500.0,120.0,Milano,Trilocale,big,north,2.0,3,mid
2400.0,90.0,Milano,Trilocale,big,north,2.0,3,mid-small
1150.0,45.0,Milano,Bilocale,big,north,2.0,2,small
1650.0,75.0,Milano,Bilocale,big,north,2.0,2,mid-small
3500.0,100.0,Milano,Bilocale,big,north,2.0,2,mid
1600.0,60.0,Milano,Trilocale,big,north,2.0,3,small
2500.0,80.0,Milano,Mansarda,big,north,2.0,3,mid-small
2500.0,120.0,Milano,Trilocale,big,north,2.0,3,mid
5000.0,145.0,Milano,Trilocale,big,north,2.0,3,mid
1100.0,60.0,Milano,Bilocale,big,north,2.0,2,small
2500.0,800.0,Milano,Appartamento,big,north,2.0,6,very large
1000.0,65.0,Milano,Bilocale,big,north,2.0,2,small
1100.0,40.0,Milano,Bilocale,big,north,2.0,2,small
3916.0,150.0,Milano,Quadrilocale,big,north,2.0,4,mid
1250.0,80.0,Milano,Attico,big,north,2.0,2,mid-small
1300.0,50.0,Milano,Bilocale,big,north,2.0,2,small
5000.0,100.0,Milano,Trilocale,big,north,2.0,3,mid
5800.0,160.0,Milano,Trilocale,big,north,4.0,3,mid
1600.0,65.0,Milano,Bilocale,big,north,4.0,2,small
2700.0,150.0,Milano,Quadrilocale,big,north,4.0,4,mid
1500.0,50.0,Milano,Bilocale,big,north,4.0,2,small
3500.0,150.0,Milano,Trilocale,big,north,4.0,3,mid
1299.0,71.0,Milano,Bilocale,big,north,4.0,2,mid-small
1200.0,68.0,Milano,Bilocale,big,north,4.0,2,small
1950.0,71.0,Milano,Bilocale,big,north,4.0,2,mid-small
1200.0,47.0,Milano,Bilocale,big,north,4.0,2,small
1500.0,65.0,Milano,Bilocale,big,north,4.0,2,small
2100.0,97.0,Milano,Trilocale,big,north,4.0,3,mid-small
2250.0,121.0,Milano,Quadrilocale,big,north,4.0,4,mid
5000.0,125.0,Milano,Trilocale,big,north,4.0,3,mid
1300.0,65.0,Milano,Bilocale,big,north,4.0,2,small
980.0,50.0,Milano,Bilocale,big,north,4.0,2,small
6000.0,180.0,Milano,Appartamento,big,north,4.0,5,mid
4500.0,200.0,Milano,Appartamento,big,north,4.0,5,large
1100.0,50.0,Milano,Bilocale,big,north,4.0,2,small
6667.0,285.0,Milano,Appartamento,big,north,4.0,5,large
2500.0,86.0,Milano,Trilocale,big,north,4.0,3,mid-small
2000.0,253.0,Milano,Quadrilocale,big,north,4.0,4,large
1900.0,50.0,Milano,Bilocale,big,north,4.0,2,small
2500.0,125.0,Milano,Trilocale,big,north,5.0,3,mid
2650.0,150.0,Milano,Quadrilocale,big,north,5.0,4,mid
4810.0,148.0,Milano,Trilocale,big,north,5.0,3,mid
1650.0,40.0,Milano,Bilocale,big,north,5.0,2,small
6000.0,190.0,Milano,Appartamento,big,north,5.0,5,mid
1800.0,45.0,Milano,Bilocale,big,north,5.0,2,small
1950.0,70.0,Milano,Bilocale,big,north,5.0,2,mid-small
3000.0,170.0,Milano,Quadrilocale,big,north,5.0,4,mid
1450.0,80.0,Milano,Bilocale,big,north,5.0,2,mid-small
3300.0,170.0,Milano,Quadrilocale,big,north,5.0,4,mid
1400.0,50.0,Milano,Bilocale,big,north,5.0,2,small
1600.0,35.0,Milano,Monolocale,big,north,5.0,1,very small
700.0,47.0,Milano,Monolocale,big,north,5.0,1,small
850.0,40.0,Milano,Bilocale,big,north,5.0,2,small
3000.0,142.0,Milano,Quadrilocale,big,north,5.0,4,mid
900.0,65.0,Milano,Bilocale,big,north,5.0,2,small
1600.0,58.0,Milano,Bilocale,big,north,5.0,2,small
3958.0,118.0,Milano,Trilocale,big,north,5.0,3,mid
1300.0,65.0,Milano,Bilocale,big,north,5.0,2,small
2500.0,80.0,Milano,Trilocale,big,north,5.0,3,mid-small
1720.0,65.0,Milano,Bilocale,big,north,5.0,2,small
1900.0,70.0,Milano,Trilocale,big,north,5.0,3,mid-small
2950.0,130.0,Milano,Quadrilocale,big,north,5.0,4,mid
3000.0,138.0,Milano,Trilocale,big,north,5.0,3,mid
8500.0,250.0,Milano,Appartamento,big,north,3.0,6,large
1500.0,55.0,Milano,Bilocale,big,north,3.0,2,small
1790.0,80.0,Milano,Trilocale,big,north,3.0,3,mid-small
1250.0,65.0,Milano,Bilocale,big,north,3.0,2,small
1800.0,65.0,Milano,Bilocale,big,north,3.0,2,small
3750.0,135.0,Milano,Quadrilocale,big,north,3.0,4,mid
1000.0,55.0,Milano,Bilocale,big,north,3.0,2,small
2500.0,110.0,Milano,Trilocale,big,north,3.0,3,mid
7500.0,250.0,Milano,Appartamento,big,north,3.0,6,large
1800.0,102.0,Milano,Trilocale,big,north,3.0,3,mid
1200.0,55.0,Milano,Bilocale,big,north,3.0,2,small
1416.0,45.0,Milano,Bilocale,big,north,3.0,2,small
1600.0,89.0,Milano,Bilocale,big,north,3.0,2,mid-small
4500.0,140.0,Milano,Quadrilocale,big,north,3.0,4,mid
1100.0,50.0,Milano,Bilocale,big,north,3.0,2,small
2800.0,130.0,Milano,Quadrilocale,big,north,3.0,4,mid
1300.0,47.0,Milano,Monolocale,big,north,3.0,1,small
1400.0,70.0,Milano,Trilocale,big,north,3.0,3,mid-small
1400.0,60.0,Milano,Bilocale,big,north,3.0,2,small
3750.0,135.0,Milano,Quadrilocale,big,north,3.0,4,mid
2300.0,110.0,Milano,Bilocale,big,north,3.0,2,mid
2333.0,76.0,Milano,Bilocale,big,north,3.0,2,mid-small
1000.0,40.0,Milano,Bilocale,big,north,3.0,2,small
1050.0,60.0,Milano,Bilocale,big,north,3.0,2,small
1050.0,50.0,Milano,Bilocale,big,north,3.0,2,small
8334.0,200.0,Milano,Quadrilocale,big,north,8.0,4,large
1650.0,90.0,Milano,Trilocale,big,north,8.0,3,mid-small
1900.0,65.0,Milano,Bilocale,big,north,8.0,2,small
4200.0,230.0,Milano,Appartamento,big,north,8.0,6,large
1900.0,85.0,Milano,Bilocale,big,north,8.0,2,mid-small
1000.0,100.0,Milano,Bilocale,big,north,8.0,2,mid
5500.0,350.0,Milano,Appartamento,big,north,8.0,6,large
2100.0,102.0,Milano,Trilocale,big,north,8.0,3,mid
1100.0,40.0,Milano,Bilocale,big,north,8.0,2,small
3000.0,95.0,Milano,Trilocale,big,north,8.0,3,mid-small
8500.0,200.0,Milano,Attico,big,north,8.0,4,large
1500.0,80.0,Milano,Trilocale,big,north,8.0,3,mid-small
1400.0,48.0,Milano,Bilocale,big,north,8.0,2,small
2200.0,117.0,Milano,Trilocale,big,north,8.0,3,mid
3500.0,128.0,Milano,Trilocale,big,north,8.0,3,mid
800.0,30.0,Milano,Bilocale,big,north,8.0,2,very small
990.0,32.0,Milano,Monolocale,big,north,8.0,1,very small
1700.0,65.0,Milano,Bilocale,big,north,8.0,2,small
750.0,25.0,Milano,Monolocale,big,north,8.0,1,very small
1800.0,85.0,Milano,Bilocale,big,north,8.0,2,mid-small
3960.0,120.0,Milano,Appartamento,big,north,8.0,6,mid
1100.0,80.0,Milano,Trilocale,big,north,8.0,3,mid-small
1100.0,80.0,Milano,Bilocale,big,north,8.0,2,mid-small
1150.0,65.0,Milano,Bilocale,big,north,8.0,2,small
3500.0,237.0,Milano,Appartamento,big,north,8.0,6,large
1700.0,85.0,Milano,Trilocale,big,north,3.0,3,mid-small
2833.0,137.0,Milano,Trilocale,big,north,3.0,3,mid
1900.0,102.0,Milano,Trilocale,big,north,3.0,3,mid
1700.0,60.0,Milano,Trilocale,big,north,3.0,3,small
2200.0,130.0,Milano,Quadrilocale,big,north,3.0,4,mid
4167.0,110.0,Milano,Trilocale,big,north,3.0,3,mid
1600.0,104.0,Milano,Quadrilocale,big,north,3.0,4,mid
2150.0,80.0,Milano,Trilocale,big,north,3.0,3,mid-small
1300.0,50.0,Milano,Bilocale,big,north,3.0,2,small
2000.0,95.0,Milano,Trilocale,big,north,3.0,3,mid-small
8500.0,250.0,Milano,Appartamento,big,north,3.0,6,large
1800.0,100.0,Milano,Trilocale,big,north,3.0,3,mid
3800.0,180.0,Milano,Quadrilocale,big,north,3.0,4,mid
5800.0,200.0,Milano,Attico,big,north,3.0,4,large
1500.0,50.0,Milano,Bilocale,big,north,3.0,2,small
1200.0,60.0,Milano,Bilocale,big,north,3.0,2,small
2000.0,82.0,Milano,Trilocale,big,north,3.0,3,mid-small
6570.0,180.0,Milano,Appartamento,big,north,3.0,5,mid
1800.0,90.0,Milano,Trilocale,big,north,3.0,3,mid-small
1400.0,33.0,Milano,Bilocale,big,north,3.0,2,very small
2500.0,82.0,Milano,Trilocale,big,north,3.0,3,mid-small
1000.0,65.0,Milano,Trilocale,big,north,3.0,3,small
1350.0,50.0,Milano,Bilocale,big,north,3.0,2,small
2000.0,105.0,Milano,Trilocale,big,north,3.0,3,mid
3334.0,190.0,Milano,Appartamento,big,north,3.0,5,mid
2000.0,68.0,Milano,Bilocale,big,north,2.0,2,small
3750.0,150.0,Milano,Quadrilocale,big,north,2.0,4,mid
3000.0,180.0,Milano,Trilocale,big,north,2.0,3,mid
3500.0,150.0,Milano,Appartamento,big,north,2.0,5,mid
2670.0,130.0,Milano,Trilocale,big,north,2.0,3,mid
880.0,40.0,Milano,Bilocale,big,north,2.0,2,small
670.0,24.0,Milano,Monolocale,big,north,2.0,1,very small
700.0,30.0,Milano,Monolocale,big,north,2.0,1,very small
3000.0,145.0,Milano,Quadrilocale,big,north,2.0,4,mid
1500.0,51.0,Milano,Bilocale,big,north,2.0,2,small
3667.0,145.0,Milano,Quadrilocale,big,north,2.0,4,mid
2400.0,102.0,Milano,Quadrilocale,big,north,2.0,4,mid
1300.0,80.0,Milano,Trilocale,big,north,2.0,3,mid-small
1350.0,65.0,Milano,Bilocale,big,north,2.0,2,small
800.0,26.0,Milano,Monolocale,big,north,2.0,1,very small
2400.0,90.0,Milano,Trilocale,big,north,2.0,3,mid-small
1700.0,80.0,Milano,Trilocale,big,north,2.0,3,mid-small
1450.0,48.0,Milano,Bilocale,big,north,2.0,2,small
1900.0,100.0,Milano,Trilocale,big,north,2.0,3,mid
1560.0,101.0,Milano,Trilocale,big,north,2.0,3,mid
800.0,24.0,Milano,Monolocale,big,north,2.0,1,very small
830.0,35.0,Milano,Monolocale,big,north,2.0,1,very small
1990.0,60.0,Milano,Bilocale,big,north,2.0,2,small
1800.0,67.0,Milano,Bilocale,big,north,2.0,2,small
6000.0,180.0,Milano,Quadrilocale,big,north,2.0,4,mid
900.0,65.0,Milano,Bilocale,big,north,1.0,2,small
5000.0,150.0,Milano,Quadrilocale,big,north,1.0,4,mid
1250.0,50.0,Milano,Bilocale,big,north,1.0,2,small
2670.0,131.0,Milano,Quadrilocale,big,north,1.0,4,mid
1700.0,90.0,Milano,Bilocale,big,north,1.0,2,mid-small
2650.0,145.0,Milano,Quadrilocale,big,north,1.0,4,mid
1000.0,60.0,Milano,Bilocale,big,north,1.0,2,small
1200.0,50.0,Milano,Bilocale,big,north,1.0,2,small
900.0,40.0,Milano,Monolocale,big,north,1.0,1,small
1300.0,50.0,Milano,Bilocale,big,north,1.0,2,small
1650.0,70.0,Milano,Trilocale,big,north,1.0,3,mid-small
1500.0,50.0,Milano,Bilocale,big,north,1.0,2,small
1700.0,40.0,Milano,Bilocale,big,north,1.0,2,small
1600.0,115.0,Milano,Trilocale,big,north,1.0,3,mid
5833.0,240.0,Milano,Villa,big,north,1.0,6,large
1300.0,60.0,Milano,Trilocale,big,north,1.0,3,small
1300.0,61.0,Milano,Bilocale,big,north,1.0,2,small
1800.0,55.0,Milano,Bilocale,big,north,1.0,2,small
1750.0,70.0,Milano,Bilocale,big,north,1.0,2,mid-small
1500.0,70.0,Milano,Bilocale,big,north,1.0,2,mid-small
1500.0,50.0,Milano,Bilocale,big,north,1.0,2,small
2000.0,90.0,Milano,Bilocale,big,north,1.0,2,mid-small
1850.0,55.0,Milano,Bilocale,big,north,1.0,2,small
2500.0,154.0,Milano,Quadrilocale,big,north,1.0,4,mid
1350.0,65.0,Milano,Bilocale,big,north,3.0,2,small
6000.0,180.0,Milano,Appartamento,big,north,3.0,5,mid
3088.0,95.0,Milano,Bilocale,big,north,3.0,2,mid-small
2000.0,90.0,Milano,Trilocale,big,north,3.0,3,mid-small
2000.0,120.0,Milano,Trilocale,big,north,3.0,3,mid
7000.0,350.0,Milano,Appartamento,big,north,3.0,6,large
1200.0,90.0,Milano,Trilocale,big,north,3.0,3,mid-small
2500.0,110.0,Milano,Quadrilocale,big,north,3.0,4,mid
1100.0,28.0,Milano,Monolocale,big,north,3.0,1,very small
1600.0,65.0,Milano,Bilocale,big,north,3.0,2,small
1000.0,50.0,Milano,Bilocale,big,north,3.0,2,small
2500.0,105.0,Milano,Bilocale,big,north,3.0,2,mid
1800.0,55.0,Milano,Bilocale,big,north,3.0,2,small
4400.0,90.0,Milano,Bilocale,big,north,3.0,2,mid-small
1500.0,80.0,Milano,Trilocale,big,north,3.0,3,mid-small
8333.0,285.0,Milano,Attico,big,north,3.0,6,large
1700.0,70.0,Milano,Bilocale,big,north,3.0,2,mid-small
1190.0,35.0,Milano,Bilocale,big,north,3.0,2,very small
1100.0,53.0,Milano,Bilocale,big,north,3.0,2,small
1500.0,90.0,Milano,Trilocale,big,north,3.0,3,mid-small
1500.0,75.0,Milano,Bilocale,big,north,3.0,2,mid-small
1300.0,80.0,Milano,Trilocale,big,north,3.0,3,mid-small
1900.0,60.0,Milano,Bilocale,big,north,3.0,2,small
1000.0,31.0,Milano,Monolocale,big,north,3.0,1,very small
1650.0,120.0,Milano,Trilocale,big,north,3.0,3,mid
1300.0,50.0,Milano,Bilocale,big,north,4.0,2,small
2600.0,90.0,Milano,Trilocale,big,north,4.0,3,mid-small
3500.0,160.0,Milano,Quadrilocale,big,north,4.0,4,mid
1600.0,90.0,Milano,Trilocale,big,north,4.0,3,mid-small
1400.0,60.0,Milano,Trilocale,big,north,4.0,3,small
3000.0,130.0,Milano,Quadrilocale,big,north,4.0,4,mid
2900.0,150.0,Milano,Quadrilocale,big,north,4.0,4,mid
2166.0,120.0,Milano,Trilocale,big,north,4.0,3,mid
1000.0,55.0,Milano,Bilocale,big,north,4.0,2,small
900.0,40.0,Milano,Monolocale,big,north,4.0,1,small
800.0,48.0,Milano,Bilocale,big,north,4.0,2,small
1300.0,65.0,Milano,Bilocale,big,north,4.0,2,small
3000.0,180.0,Milano,Trilocale,big,north,4.0,3,mid
650.0,25.0,Milano,Monolocale,big,north,4.0,1,very small
650.0,25.0,Milano,Monolocale,big,north,4.0,1,very small
2750.0,120.0,Milano,Trilocale,big,north,4.0,3,mid
900.0,50.0,Milano,Bilocale,big,north,4.0,2,small
2350.0,100.0,Milano,Trilocale,big,north,4.0,3,mid
2450.0,70.0,Milano,Bilocale,big,north,4.0,2,mid-small
1500.0,30.0,Milano,Monolocale,big,north,4.0,1,very small
1750.0,85.0,Milano,Bilocale,big,north,4.0,2,mid-small
2600.0,92.0,Milano,Trilocale,big,north,4.0,3,mid-small
7500.0,220.0,Milano,Quadrilocale,big,north,4.0,4,large
2200.0,110.0,Milano,Quadrilocale,big,north,4.0,4,mid
750.0,40.0,Milano,Monolocale,big,north,4.0,1,small
720.0,48.0,Milano,Bilocale,big,north,3.0,2,small
1100.0,45.0,Milano,Bilocale,big,north,3.0,2,small
1150.0,55.0,Milano,Bilocale,big,north,3.0,2,small
1550.0,85.0,Milano,Trilocale,big,north,3.0,3,mid-small
1200.0,90.0,Milano,Trilocale,big,north,3.0,3,mid-small
1450.0,65.0,Milano,Bilocale,big,north,3.0,2,small
2166.0,100.0,Milano,Trilocale,big,north,3.0,3,mid
4000.0,153.0,Milano,Appartamento,big,north,3.0,5,mid
2800.0,145.0,Milano,Appartamento,big,north,3.0,5,mid
1600.0,106.0,Milano,Trilocale,big,north,3.0,3,mid
1400.0,55.0,Milano,Bilocale,big,north,3.0,2,small
1300.0,90.0,Milano,Bilocale,big,north,3.0,2,mid-small
4166.0,140.0,Milano,Quadrilocale,big,north,3.0,4,mid
1300.0,55.0,Milano,Loft,big,north,3.0,2,small
1400.0,70.0,Milano,Bilocale,big,north,3.0,2,mid-small
2100.0,95.0,Milano,Trilocale,big,north,3.0,3,mid-small
900.0,55.0,Milano,Bilocale,big,north,3.0,2,small
1390.0,60.0,Milano,Bilocale,big,north,3.0,2,small
2150.0,120.0,Milano,Trilocale,big,north,3.0,3,mid
1350.0,65.0,Milano,Bilocale,big,north,3.0,2,small
6250.0,170.0,Milano,Appartamento,big,north,3.0,5,mid
1200.0,50.0,Milano,Bilocale,big,north,3.0,2,small
1315.0,55.0,Milano,Bilocale,big,north,3.0,2,small
2250.0,73.0,Milano,Trilocale,big,north,3.0,3,mid-small
1120.0,50.0,Milano,Bilocale,big,north,3.0,2,small
1800.0,85.0,Milano,Bilocale,big,north,3.0,2,mid-small
2000.0,60.0,Milano,Bilocale,big,north,3.0,2,small
5000.0,90.0,Milano,Bilocale,big,north,3.0,2,mid-small
1900.0,100.0,Milano,Trilocale,big,north,3.0,3,mid
4583.0,205.0,Milano,Quadrilocale,big,north,3.0,4,large
680.0,40.0,Milano,Monolocale,big,north,3.0,1,small
2000.0,90.0,Milano,Trilocale,big,north,3.0,3,mid-small
2200.0,120.0,Milano,Trilocale,big,north,3.0,3,mid
6667.0,230.0,Milano,Appartamento,big,north,3.0,5,large
1200.0,100.0,Milano,Trilocale,big,north,3.0,3,mid
1200.0,45.0,Milano,Bilocale,big,north,3.0,2,small
1800.0,113.0,Milano,Loft,big,north,3.0,3,mid
700.0,20.0,Milano,Monolocale,big,north,3.0,1,very small
950.0,45.0,Milano,Bilocale,big,north,3.0,2,small
1100.0,50.0,Milano,Bilocale,big,north,3.0,2,small
2750.0,130.0,Milano,Quadrilocale,big,north,3.0,4,mid
750.0,55.0,Milano,Bilocale,big,north,3.0,2,small
1500.0,90.0,Milano,Trilocale,big,north,3.0,3,mid-small
1200.0,60.0,Milano,Bilocale,big,north,3.0,2,small
1450.0,55.0,Milano,Bilocale,big,north,3.0,2,small
3300.0,85.0,Milano,Trilocale,big,north,3.0,3,mid-small
975.0,50.0,Milano,Bilocale,big,north,3.0,2,small
1050.0,60.0,Milano,Bilocale,big,north,0.5,2,small
1700.0,100.0,Milano,Trilocale,big,north,0.5,3,mid
1030.0,65.0,Milano,Bilocale,big,north,0.5,2,small
700.0,50.0,Milano,Bilocale,big,north,0.5,2,small
600.0,38.0,Milano,Monolocale,big,north,0.5,1,very small
560.0,33.0,Milano,Monolocale,big,north,0.5,1,very small
600.0,35.0,Milano,Monolocale,big,north,0.5,1,very small
2916.0,110.0,Milano,Trilocale,big,north,0.5,3,mid
600.0,55.0,Milano,Bilocale,big,north,0.5,2,small
1000.0,26.0,Milano,Monolocale,big,north,0.5,1,very small
580.0,25.0,Milano,Monolocale,big,north,0.5,1,very small
900.0,55.0,Milano,Bilocale,big,north,0.5,2,small
1400.0,75.0,Milano,Loft,big,north,0.5,2,mid-small
1583.0,65.0,Milano,Bilocale,big,north,0.5,2,small
3500.0,130.0,Milano,Trilocale,big,north,0.5,3,mid
2100.0,115.0,Milano,Trilocale,big,north,0.5,3,mid
3300.0,160.0,Milano,Quadrilocale,big,north,0.5,4,mid
2085.0,85.0,Milano,Trilocale,big,north,0.5,3,mid-small
1750.0,50.0,Milano,Bilocale,big,north,0.5,2,small
1700.0,80.0,Milano,Trilocale,big,north,0.5,3,mid-small
1300.0,65.0,Milano,Trilocale,big,north,0.5,3,small
2100.0,88.0,Milano,Trilocale,big,north,0.5,3,mid-small
1300.0,60.0,Milano,Bilocale,big,north,4.0,2,small
2250.0,100.0,Milano,Quadrilocale,big,north,4.0,4,mid
1000.0,80.0,Milano,Bilocale,big,north,4.0,2,mid-small
7800.0,150.0,Milano,Attico,big,north,4.0,4,mid
1350.0,60.0,Milano,Bilocale,big,north,4.0,2,small
1280.0,70.0,Milano,Bilocale,big,north,4.0,2,mid-small
700.0,40.0,Milano,Monolocale,big,north,4.0,1,small
1200.0,55.0,Milano,Bilocale,big,north,4.0,2,small
700.0,30.0,Milano,Monolocale,big,north,4.0,1,very small
1000.0,40.0,Milano,Monolocale,big,north,4.0,1,small
3300.0,120.0,Milano,Trilocale,big,north,4.0,3,mid
1490.0,63.0,Milano,Bilocale,big,north,4.0,2,small
3000.0,138.0,Milano,Trilocale,big,north,4.0,3,mid
3750.0,125.0,Milano,Quadrilocale,big,north,4.0,4,mid
1450.0,45.0,Milano,Bilocale,big,north,4.0,2,small
1300.0,58.0,Milano,Bilocale,big,north,4.0,2,small
2800.0,66.0,Milano,Bilocale,big,north,4.0,2,small
2500.0,102.0,Milano,Trilocale,big,north,4.0,3,mid
1650.0,60.0,Milano,Bilocale,big,north,4.0,2,small
9000.0,180.0,Milano,Quadrilocale,big,north,4.0,4,mid
4000.0,160.0,Milano,Trilocale,big,north,4.0,3,mid
1100.0,43.0,Milano,Bilocale,big,north,4.0,2,small
1050.0,60.0,Milano,Bilocale,big,north,4.0,2,small
1250.0,50.0,Milano,Bilocale,big,north,4.0,2,small
1300.0,55.0,Milano,Bilocale,big,north,4.0,2,small
3500.0,115.0,Milano,Trilocale,big,north,1.0,3,mid
1200.0,80.0,Milano,Trilocale,big,north,1.0,3,mid-small
5833.0,134.0,Milano,Quadrilocale,big,north,1.0,4,mid
1500.0,42.0,Milano,Monolocale,big,north,1.0,1,small
1300.0,60.0,Milano,Bilocale,big,north,1.0,2,small
4100.0,140.0,Milano,Trilocale,big,north,1.0,3,mid
1450.0,100.0,Milano,Loft,big,north,1.0,3,mid
1100.0,50.0,Milano,Bilocale,big,north,1.0,2,small
2350.0,116.0,Milano,Trilocale,big,north,1.0,3,mid
2100.0,90.0,Milano,Bilocale,big,north,1.0,2,mid-small
3958.0,118.0,Milano,Mansarda,big,north,1.0,3,mid
1350.0,47.0,Milano,Bilocale,big,north,1.0,2,small
2000.0,125.0,Milano,Trilocale,big,north,1.0,3,mid
1100.0,50.0,Milano,Bilocale,big,north,1.0,2,small
3500.0,180.0,Milano,Quadrilocale,big,north,1.0,4,mid
1650.0,57.0,Milano,Bilocale,big,north,1.0,2,small
6459.0,180.0,Milano,Appartamento,big,north,1.0,5,mid
2500.0,55.0,Milano,Bilocale,big,north,1.0,2,small
1600.0,86.0,Milano,Trilocale,big,north,1.0,3,mid-small
3000.0,110.0,Milano,Trilocale,big,north,1.0,3,mid
2100.0,65.0,Milano,Bilocale,big,north,1.0,2,small
1800.0,81.0,Milano,Trilocale,big,north,1.0,3,mid-small
1390.0,77.0,Milano,Bilocale,big,north,1.0,2,mid-small
1250.0,62.0,Milano,Bilocale,big,north,1.0,2,small
2500.0,60.0,Milano,Trilocale,big,north,1.0,3,small
1400.0,70.0,Milano,Bilocale,big,north,1.0,2,mid-small
3200.0,90.0,Milano,Bilocale,big,north,1.0,2,mid-small
2000.0,82.0,Milano,Bilocale,big,north,1.0,2,mid-small
2300.0,95.0,Milano,Trilocale,big,north,1.0,3,mid-small
6000.0,187.0,Milano,Appartamento,big,north,1.0,5,mid
950.0,52.0,Milano,Bilocale,big,north,1.0,2,small
2500.0,133.0,Milano,Quadrilocale,big,north,1.0,4,mid
2335.0,76.0,Milano,Bilocale,big,north,1.0,2,mid-small
1200.0,55.0,Milano,Bilocale,big,north,1.0,2,small
3000.0,105.0,Milano,Trilocale,big,north,1.0,3,mid
1500.0,65.0,Milano,Bilocale,big,north,1.0,2,small
5500.0,340.0,Milano,Appartamento,big,north,1.0,6,large
1850.0,50.0,Milano,Bilocale,big,north,1.0,2,small
2000.0,90.0,Milano,Trilocale,big,north,1.0,3,mid-small
980.0,44.0,Milano,Bilocale,big,north,1.0,2,small
2290.0,80.0,Milano,Trilocale,big,north,1.0,3,mid-small
1400.0,60.0,Milano,Bilocale,big,north,1.0,2,small
1800.0,48.0,Milano,Bilocale,big,north,1.0,2,small
1200.0,50.0,Milano,Bilocale,big,north,1.0,2,small
2200.0,66.0,Milano,Bilocale,big,north,1.0,2,small
1600.0,50.0,Milano,Bilocale,big,north,1.0,2,small
6000.0,180.0,Milano,Quadrilocale,big,north,1.0,4,mid
1350.0,66.0,Milano,Bilocale,big,north,1.0,2,small
1300.0,80.0,Milano,Attico,big,north,1.0,3,mid-small
1300.0,80.0,Milano,Trilocale,big,north,1.0,3,mid-small
2300.0,65.0,Milano,Bilocale,big,north,0.5,2,small
1300.0,80.0,Milano,Trilocale,big,north,0.5,3,mid-small
1700.0,120.0,Milano,Trilocale,big,north,0.5,3,mid
2083.0,80.0,Milano,Trilocale,big,north,0.5,3,mid-small
1500.0,100.0,Milano,Trilocale,big,north,0.5,3,mid
1450.0,65.0,Milano,Bilocale,big,north,0.5,2,small
2200.0,100.0,Milano,Trilocale,big,north,0.5,3,mid
6000.0,200.0,Milano,Villa,big,north,0.5,4,large
1500.0,82.0,Milano,Trilocale,big,north,0.5,3,mid-small
2000.0,120.0,Milano,Trilocale,big,north,0.5,3,mid
975.0,70.0,Milano,Trilocale,big,north,0.5,3,mid-small
2600.0,120.0,Milano,Quadrilocale,big,north,0.5,4,mid
800.0,36.0,Milano,Bilocale,big,north,0.5,2,very small
1250.0,80.0,Milano,Trilocale,big,north,0.5,3,mid-small
3000.0,140.0,Milano,Quadrilocale,big,north,0.5,4,mid
6566.0,177.0,Milano,Quadrilocale,big,north,0.5,4,mid
1700.0,49.0,Milano,Bilocale,big,north,0.5,2,small
1600.0,85.0,Milano,Trilocale,big,north,0.5,3,mid-small
700.0,35.0,Milano,Monolocale,big,north,0.5,1,very small
750.0,55.0,Milano,Bilocale,big,north,0.5,2,small
2300.0,94.0,Milano,Bilocale,big,north,0.5,2,mid-small
1300.0,80.0,Milano,Trilocale,big,north,0.5,3,mid-small
1050.0,80.0,Milano,Quadrilocale,big,north,0.5,4,mid-small
2200.0,62.0,Milano,Trilocale,big,north,0.5,3,small
700.0,20.0,Milano,Monolocale,big,north,0.5,1,very small
1250.0,50.0,Milano,Bilocale,big,north,2.0,2,small
1550.0,90.0,Milano,Quadrilocale,big,north,2.0,4,mid-small
900.0,50.0,Milano,Bilocale,big,north,2.0,2,small
800.0,25.0,Milano,Monolocale,big,north,2.0,1,very small
1050.0,55.0,Milano,Open space,big,north,2.0,2,small
1100.0,60.0,Milano,Bilocale,big,north,2.0,2,small
950.0,45.0,Milano,Bilocale,big,north,2.0,2,small
700.0,35.0,Milano,Monolocale,big,north,2.0,1,very small
1950.0,140.0,Milano,Appartamento,big,north,2.0,5,mid
900.0,25.0,Milano,Monolocale,big,north,2.0,1,very small
1550.0,65.0,Milano,Trilocale,big,north,2.0,3,small
1200.0,50.0,Milano,Bilocale,big,north,2.0,2,small
1300.0,80.0,Milano,Trilocale,big,north,2.0,3,mid-small
1200.0,70.0,Milano,Bilocale,big,north,2.0,2,mid-small
1700.0,90.0,Milano,Trilocale,big,north,2.0,3,mid-small
900.0,28.0,Milano,Monolocale,big,north,2.0,1,very small
750.0,55.0,Milano,Bilocale,big,north,2.0,2,small
1200.0,45.0,Milano,Bilocale,big,north,2.0,2,small
1100.0,42.0,Milano,Bilocale,big,north,2.0,2,small
1400.0,70.0,Milano,Bilocale,big,north,2.0,2,mid-small
650.0,38.0,Milano,Monolocale,big,north,2.0,1,very small
2800.0,107.0,Milano,Quadrilocale,big,north,2.0,4,mid
7000.0,290.0,Milano,Palazzo,big,north,2.0,6,large
1150.0,50.0,Milano,Bilocale,big,north,2.0,2,small
1000.0,55.0,Milano,Bilocale,big,north,2.0,2,small
2100.0,100.0,Milano,Trilocale,big,north,4.0,3,mid
1200.0,50.0,Milano,Bilocale,big,north,4.0,2,small
700.0,35.0,Milano,Monolocale,big,north,4.0,1,very small
750.0,35.0,Milano,Monolocale,big,north,4.0,1,very small
650.0,30.0,Milano,Monolocale,big,north,4.0,1,very small
700.0,55.0,Milano,Bilocale,big,north,4.0,2,small
750.0,60.0,Milano,Bilocale,big,north,4.0,2,small
700.0,45.0,Milano,Bilocale,big,north,4.0,2,small
950.0,70.0,Milano,Trilocale,big,north,4.0,3,mid-small
2500.0,65.0,Milano,Bilocale,big,north,4.0,2,small
1750.0,45.0,Milano,Bilocale,big,north,4.0,2,small
800.0,35.0,Milano,Monolocale,big,north,4.0,1,very small
1200.0,60.0,Milano,Bilocale,big,north,4.0,2,small
1250.0,85.0,Milano,Trilocale,big,north,4.0,3,mid-small
1300.0,90.0,Milano,Trilocale,big,north,4.0,3,mid-small
1550.0,90.0,Milano,Trilocale,big,north,4.0,3,mid-small
1300.0,95.0,Milano,Trilocale,big,north,4.0,3,mid-small
1300.0,60.0,Milano,Bilocale,big,north,4.0,2,small
1500.0,48.0,Milano,Bilocale,big,north,4.0,2,small
2000.0,135.0,Milano,Trilocale,big,north,4.0,3,mid
3750.0,135.0,Milano,Quadrilocale,big,north,4.0,4,mid
1100.0,68.0,Milano,Bilocale,big,north,4.0,2,small
1150.0,60.0,Milano,Bilocale,big,north,4.0,2,small
1150.0,50.0,Milano,Loft,big,north,0.0,2,small
4000.0,200.0,Milano,Attico,big,north,0.0,6,large
2750.0,87.0,Milano,Trilocale,big,north,0.0,3,mid-small
1600.0,90.0,Milano,Trilocale,big,north,0.0,3,mid-small
2500.0,125.0,Milano,Trilocale,big,north,0.0,3,mid
1050.0,55.0,Milano,Bilocale,big,north,0.0,2,small
1500.0,134.0,Milano,Quadrilocale,big,north,0.0,4,mid
2180.0,60.0,Milano,Trilocale,big,north,0.0,3,small
1200.0,60.0,Milano,Bilocale,big,north,0.0,2,small
1000.0,45.0,Milano,Bilocale,big,north,0.0,2,small
2500.0,90.0,Milano,Bilocale,big,north,0.0,2,mid-small
1300.0,50.0,Milano,Monolocale,big,north,0.0,1,small
2400.0,120.0,Milano,Trilocale,big,north,0.0,3,mid
2083.0,85.0,Milano,Trilocale,big,north,0.0,3,mid-small
2000.0,75.0,Milano,Trilocale,big,north,0.0,3,mid-small
2600.0,94.0,Milano,Trilocale,big,north,0.0,3,mid-small
2750.0,85.0,Milano,Trilocale,big,north,0.0,3,mid-small
1400.0,55.0,Milano,Bilocale,big,north,0.0,2,small
5500.0,180.0,Milano,Appartamento,big,north,0.0,6,mid
2200.0,117.0,Milano,Trilocale,big,north,0.0,3,mid
1150.0,50.0,Milano,Bilocale,big,north,0.0,2,small
1890.0,55.0,Milano,Bilocale,big,north,0.0,2,small
1700.0,50.0,Milano,Bilocale,big,north,0.0,2,small
920.0,49.0,Milano,Bilocale,big,north,0.0,2,small
2250.0,100.0,Milano,Quadrilocale,big,north,2.0,4,mid
1300.0,45.0,Milano,Bilocale,big,north,2.0,2,small
1300.0,70.0,Milano,Bilocale,big,north,2.0,2,mid-small
900.0,58.0,Milano,Bilocale,big,north,2.0,2,small
1250.0,80.0,Milano,Trilocale,big,north,2.0,3,mid-small
1200.0,40.0,Milano,Bilocale,big,north,2.0,2,small
1100.0,50.0,Milano,Bilocale,big,north,2.0,2,small
1400.0,130.0,Milano,Trilocale,big,north,2.0,3,mid
4000.0,280.0,Milano,Appartamento,big,north,2.0,6,large
2500.0,110.0,Milano,Mansarda,big,north,2.0,4,mid
3000.0,103.0,Milano,Trilocale,big,north,2.0,3,mid
1050.0,60.0,Milano,Loft,big,north,2.0,2,small
1100.0,30.0,Milano,Monolocale,big,north,2.0,1,very small
2000.0,60.0,Milano,Bilocale,big,north,2.0,2,small
1350.0,60.0,Milano,Bilocale,big,north,2.0,2,small
2840.0,185.0,Milano,Quadrilocale,big,north,2.0,4,mid
1000.0,250.0,Milano,Attico,big,north,2.0,6,large
5400.0,250.0,Milano,Appartamento,big,north,2.0,6,large
1500.0,88.0,Milano,Trilocale,big,north,2.0,3,mid-small
1650.0,98.0,Milano,Trilocale,big,north,2.0,3,mid-small
1500.0,70.0,Milano,Bilocale,big,north,2.0,2,mid-small
2600.0,129.0,Milano,Bilocale,big,north,2.0,2,mid
1916.0,90.0,Milano,Trilocale,big,north,2.0,3,mid-small
800.0,60.0,Milano,Bilocale,big,north,2.0,2,small
2000.0,132.0,Milano,Trilocale,big,north,2.0,3,mid
2950.0,110.0,Milano,Trilocale,big,north,3.0,3,mid
2300.0,90.0,Milano,Trilocale,big,north,3.0,3,mid-small
1583.0,110.0,Milano,Trilocale,big,north,3.0,3,mid
1370.0,57.0,Milano,Bilocale,big,north,3.0,2,small
1700.0,60.0,Milano,Bilocale,big,north,3.0,2,small
2000.0,60.0,Milano,Bilocale,big,north,3.0,2,small
1800.0,85.0,Milano,Bilocale,big,north,3.0,2,mid-small
2950.0,235.0,Milano,Attico,big,north,3.0,5,large
2000.0,78.0,Milano,Trilocale,big,north,3.0,3,mid-small
1550.0,90.0,Milano,Trilocale,big,north,3.0,3,mid-small
2400.0,100.0,Milano,Trilocale,big,north,3.0,3,mid
1500.0,35.0,Milano,Monolocale,big,north,3.0,1,very small
2800.0,145.0,Milano,Appartamento,big,north,3.0,5,mid
950.0,45.0,Milano,Monolocale,big,north,3.0,1,small
1300.0,50.0,Milano,Bilocale,big,north,3.0,2,small
4452.0,130.0,Milano,Attico,big,north,3.0,4,mid
1200.0,55.0,Milano,Bilocale,big,north,3.0,2,small
620.0,35.0,Milano,Bilocale,big,north,3.0,2,very small
1050.0,40.0,Milano,Bilocale,big,north,3.0,2,small
1650.0,40.0,Milano,Monolocale,big,north,3.0,1,small
3500.0,130.0,Milano,Trilocale,big,north,3.0,3,mid
1250.0,60.0,Milano,Bilocale,big,north,3.0,2,small
2000.0,70.0,Milano,Trilocale,big,north,3.0,3,mid-small
900.0,25.0,Milano,Monolocale,big,north,3.0,1,very small
1100.0,65.0,Milano,Bilocale,big,north,3.0,2,small
1150.0,50.0,Milano,Bilocale,big,north,2.0,2,small
1850.0,100.0,Milano,Trilocale,big,north,2.0,3,mid
8000.0,220.0,Milano,Quadrilocale,big,north,2.0,4,large
3000.0,138.0,Milano,Trilocale,big,north,2.0,3,mid
700.0,30.0,Milano,Monolocale,big,north,2.0,1,very small
1150.0,58.0,Milano,Bilocale,big,north,2.0,2,small
1300.0,25.0,Milano,Monolocale,big,north,2.0,1,very small
1600.0,78.0,Milano,Trilocale,big,north,2.0,3,mid-small
1900.0,95.0,Milano,Trilocale,big,north,2.0,3,mid-small
2200.0,130.0,Milano,Quadrilocale,big,north,2.0,4,mid
1200.0,58.0,Milano,Bilocale,big,north,2.0,2,small
2200.0,130.0,Milano,Quadrilocale,big,north,2.0,4,mid
2950.0,120.0,Milano,Trilocale,big,north,2.0,3,mid
1090.0,45.0,Milano,Monolocale,big,north,2.0,1,small
950.0,45.0,Milano,Bilocale,big,north,2.0,2,small
1100.0,55.0,Milano,Bilocale,big,north,2.0,2,small
1350.0,80.0,Milano,Bilocale,big,north,2.0,2,mid-small
1500.0,60.0,Milano,Trilocale,big,north,2.0,3,small
1090.0,40.0,Milano,Monolocale,big,north,2.0,1,small
950.0,36.0,Milano,Monolocale,big,north,2.0,1,very small
1250.0,65.0,Milano,Bilocale,big,north,2.0,2,small
700.0,20.0,Milano,Monolocale,big,north,2.0,1,very small
800.0,23.0,Milano,Monolocale,big,north,2.0,1,very small
1350.0,54.0,Milano,Bilocale,big,north,2.0,2,small
1250.0,50.0,Milano,Bilocale,big,north,2.0,2,small
1280.0,60.0,Milano,Bilocale,big,north,2.0,2,small
1450.0,58.0,Milano,Trilocale,big,north,2.0,3,small
1100.0,55.0,Milano,Bilocale,big,north,2.0,2,small
950.0,36.0,Milano,Monolocale,big,north,2.0,1,very small
1000.0,50.0,Milano,Bilocale,big,north,2.0,2,small
950.0,55.0,Milano,Bilocale,big,north,2.0,2,small
850.0,30.0,Milano,Monolocale,big,north,2.0,1,very small
1200.0,40.0,Milano,Monolocale,big,north,2.0,1,small
1250.0,65.0,Milano,Bilocale,big,north,2.0,2,small
1300.0,80.0,Milano,Trilocale,big,north,2.0,3,mid-small
1100.0,55.0,Milano,Bilocale,big,north,2.0,2,small
1200.0,100.0,Milano,Trilocale,big,north,2.0,3,mid
900.0,25.0,Milano,Monolocale,big,north,2.0,1,very small
1200.0,52.0,Milano,Bilocale,big,north,2.0,2,small
1900.0,75.0,Milano,Bilocale,big,north,2.0,2,mid-small
1100.0,50.0,Milano,Bilocale,big,north,2.0,2,small
700.0,35.0,Milano,Monolocale,big,north,2.0,1,very small
670.0,40.0,Milano,Monolocale,big,north,2.0,1,small
900.0,40.0,Milano,Monolocale,big,north,2.0,1,small
800.0,25.0,Milano,Monolocale,big,north,2.0,1,very small
580.0,25.0,Milano,Monolocale,big,north,2.0,1,very small
3500.0,140.0,Milano,Trilocale,big,north,2.0,3,mid
1200.0,50.0,Milano,Bilocale,big,north,2.0,2,small
975.0,75.0,Milano,Trilocale,big,north,1.0,3,mid-small
750.0,35.0,Milano,Monolocale,big,north,1.0,1,very small
1000.0,65.0,Milano,Bilocale,big,north,1.0,2,small
1200.0,80.0,Milano,Bilocale,big,north,1.0,2,mid-small
580.0,25.0,Milano,Monolocale,big,north,1.0,1,very small
1200.0,55.0,Milano,Bilocale,big,north,1.0,2,small
1500.0,77.0,Milano,Bilocale,big,north,1.0,2,mid-small
4000.0,150.0,Milano,Appartamento,big,north,1.0,6,mid
1100.0,53.0,Milano,Bilocale,big,north,1.0,2,small
1950.0,100.0,Milano,Trilocale,big,north,1.0,3,mid
1100.0,45.0,Milano,Villa,big,north,1.0,2,small
1300.0,50.0,Milano,Bilocale,big,north,1.0,2,small
1950.0,87.0,Milano,Trilocale,big,north,1.0,3,mid-small
980.0,60.0,Milano,Bilocale,big,north,1.0,2,small
2300.0,51.0,Milano,Bilocale,big,north,1.0,2,small
3166.0,80.0,Milano,Bilocale,big,north,1.0,2,mid-small
1100.0,60.0,Milano,Bilocale,big,north,1.0,2,small
800.0,40.0,Milano,Monolocale,big,north,1.0,1,small
1750.0,73.0,Milano,Bilocale,big,north,1.0,2,mid-small
1583.0,52.0,Milano,Bilocale,big,north,1.0,2,small
690.0,30.0,Milano,Monolocale,big,north,1.0,1,very small
800.0,40.0,Milano,Bilocale,big,north,1.0,2,small
1100.0,57.0,Milano,Bilocale,big,north,1.0,2,small
1200.0,50.0,Milano,Bilocale,big,north,1.0,2,small
1350.0,70.0,Milano,Bilocale,big,north,0.0,2,mid-small
7500.0,285.0,Milano,Appartamento,big,north,0.0,6,large
3500.0,190.0,Milano,Appartamento,big,north,0.0,5,mid
1280.0,70.0,Milano,Trilocale,big,north,0.0,3,mid-small
1700.0,45.0,Milano,Bilocale,big,north,0.0,2,small
1200.0,70.0,Milano,Trilocale,big,north,0.0,3,mid-small
1100.0,90.0,Milano,Trilocale,big,north,0.0,3,mid-small
535.0,120.0,Milano,Quadrilocale,big,north,0.0,4,mid
2100.0,135.0,Milano,Quadrilocale,big,north,0.0,4,mid
3750.0,125.0,Milano,Trilocale,big,north,0.0,3,mid
1880.0,55.0,Milano,Bilocale,big,north,0.0,2,small
1400.0,71.0,Milano,Bilocale,big,north,0.0,2,mid-small
2500.0,90.0,Milano,Trilocale,big,north,0.0,3,mid-small
2250.0,85.0,Milano,Trilocale,big,north,0.0,3,mid-small
1000.0,40.0,Milano,Monolocale,big,north,0.0,1,small
1750.0,73.0,Milano,Trilocale,big,north,0.0,3,mid-small
1500.0,75.0,Milano,Bilocale,big,north,0.0,2,mid-small
1200.0,58.0,Milano,Bilocale,big,north,0.0,2,small
1100.0,72.0,Milano,Bilocale,big,north,0.0,2,mid-small
1100.0,52.0,Milano,Bilocale,big,north,0.0,2,small
2166.0,94.0,Milano,Trilocale,big,north,0.0,3,mid-small
1416.0,70.0,Milano,Bilocale,big,north,0.0,2,mid-small
1200.0,50.0,Milano,Bilocale,big,north,0.0,2,small
1100.0,50.0,Milano,Bilocale,big,north,0.0,2,small
2700.0,140.0,Milano,Quadrilocale,big,north,0.0,4,mid
6500.0,230.0,Milano,Quadrilocale,big,north,4.0,4,large
1400.0,75.0,Milano,Trilocale,big,north,4.0,3,mid-small
1300.0,80.0,Milano,Trilocale,big,north,4.0,3,mid-small
850.0,40.0,Milano,Monolocale,big,north,4.0,1,small
4800.0,221.0,Milano,Quadrilocale,big,north,4.0,4,large
1200.0,72.0,Milano,Bilocale,big,north,4.0,2,mid-small
1450.0,75.0,Milano,Trilocale,big,north,4.0,3,mid-small
1000.0,60.0,Milano,Bilocale,big,north,4.0,2,small
1200.0,77.0,Milano,Bilocale,big,north,4.0,2,mid-small
1400.0,40.0,Milano,Bilocale,big,north,4.0,2,small
1500.0,50.0,Milano,Bilocale,big,north,4.0,2,small
2000.0,90.0,Milano,Bilocale,big,north,4.0,2,mid-small
1250.0,40.0,Milano,Bilocale,big,north,4.0,2,small
1000.0,37.0,Milano,Monolocale,big,north,4.0,1,very small
1150.0,87.0,Milano,Bilocale,big,north,4.0,2,mid-small
2000.0,90.0,Milano,Trilocale,big,north,4.0,3,mid-small
1450.0,50.0,Milano,Bilocale,big,north,4.0,2,small
1200.0,40.0,Milano,Monolocale,big,north,4.0,1,small
1200.0,87.0,Milano,Trilocale,big,north,4.0,3,mid-small
4452.0,130.0,Milano,Quadrilocale,big,north,4.0,4,mid
2190.0,64.0,Milano,Bilocale,big,north,4.0,2,small
1990.0,100.0,Milano,Trilocale,big,north,4.0,3,mid
1300.0,90.0,Milano,Trilocale,big,north,4.0,3,mid-small
800.0,28.0,Milano,Monolocale,big,north,4.0,1,very small
6000.0,185.0,Milano,Appartamento,big,north,4.0,6,mid
1000.0,40.0,Milano,Monolocale,big,north,1.0,1,small
4166.0,132.0,Milano,Attico,big,north,1.0,4,mid
2500.0,105.0,Milano,Quadrilocale,big,north,1.0,4,mid
1200.0,61.0,Milano,Bilocale,big,north,1.0,2,small
1700.0,80.0,Milano,Trilocale,big,north,1.0,3,mid-small
1580.0,75.0,Milano,Bilocale,big,north,1.0,2,mid-small
2000.0,101.0,Milano,Trilocale,big,north,1.0,3,mid
3100.0,185.0,Milano,Quadrilocale,big,north,1.0,4,mid
625.0,120.0,Milano,Quadrilocale,big,north,1.0,4,mid
1000.0,70.0,Milano,Trilocale,big,north,1.0,3,mid-small
2300.0,90.0,Milano,Bilocale,big,north,1.0,2,mid-small
2200.0,90.0,Milano,Bilocale,big,north,1.0,2,mid-small
2200.0,160.0,Milano,Quadrilocale,big,north,1.0,4,mid
1350.0,55.0,Milano,Monolocale,big,north,1.0,1,small
2100.0,200.0,Milano,Quadrilocale,big,north,1.0,4,large
1175.0,50.0,Milano,Bilocale,big,north,1.0,2,small
4166.0,140.0,Milano,Quadrilocale,big,north,1.0,4,mid
3166.0,78.0,Milano,Attico,big,north,1.0,2,mid-small
3000.0,103.0,Milano,Trilocale,big,north,1.0,3,mid
1200.0,60.0,Milano,Bilocale,big,north,1.0,2,small
1500.0,97.0,Milano,Trilocale,big,north,1.0,3,mid-small
1130.0,55.0,Milano,Bilocale,big,north,1.0,2,small
720.0,47.0,Milano,Bilocale,big,north,1.0,2,small
1000.0,90.0,Milano,Trilocale,big,north,1.0,3,mid-small
1700.0,90.0,Milano,Trilocale,big,north,1.0,3,mid-small
800.0,38.0,Milano,Monolocale,big,north,3.0,1,very small
1850.0,68.0,Milano,Bilocale,big,north,3.0,2,small
1200.0,70.0,Milano,Bilocale,big,north,3.0,2,mid-small
1000.0,60.0,Milano,Bilocale,big,north,3.0,2,small
3000.0,100.0,Milano,Trilocale,big,north,3.0,3,mid
2100.0,100.0,Milano,Trilocale,big,north,3.0,3,mid
1200.0,55.0,Milano,Bilocale,big,north,3.0,2,small
1100.0,70.0,Milano,Bilocale,big,north,3.0,2,mid-small
2166.0,111.0,Milano,Trilocale,big,north,3.0,3,mid
1050.0,80.0,Milano,Trilocale,big,north,3.0,3,mid-small
2500.0,125.0,Milano,Trilocale,big,north,3.0,3,mid
3167.0,80.0,Milano,Bilocale,big,north,3.0,2,mid-small
1500.0,65.0,Milano,Bilocale,big,north,3.0,2,small
900.0,51.0,Milano,Bilocale,big,north,3.0,2,small
1500.0,54.0,Milano,Bilocale,big,north,3.0,2,small
800.0,36.0,Milano,Monolocale,big,north,3.0,1,very small
1300.0,75.0,Milano,Bilocale,big,north,3.0,2,mid-small
1200.0,50.0,Milano,Bilocale,big,north,3.0,2,small
1300.0,95.0,Milano,Attico,big,north,3.0,3,mid-small
5000.0,330.0,Milano,Palazzo,big,north,3.0,4,large
1300.0,65.0,Milano,Bilocale,big,north,3.0,2,small
2300.0,94.0,Milano,Trilocale,big,north,3.0,3,mid-small
1050.0,50.0,Milano,Bilocale,big,north,3.0,2,small
900.0,50.0,Milano,Bilocale,big,north,3.0,2,small
3450.0,194.0,Milano,Appartamento,big,north,3.0,5,mid
1150.0,55.0,Milano,Bilocale,big,north,5.0,2,small
1250.0,50.0,Milano,Bilocale,big,north,5.0,2,small
3000.0,140.0,Milano,Trilocale,big,north,5.0,3,mid
1166.0,50.0,Milano,Monolocale,big,north,5.0,1,small
2800.0,135.0,Milano,Quadrilocale,big,north,5.0,4,mid
3305.0,96.0,Milano,Trilocale,big,north,5.0,3,mid-small
1400.0,40.0,Milano,Bilocale,big,north,5.0,2,small
1000.0,50.0,Milano,Bilocale,big,north,5.0,2,small
1900.0,50.0,Milano,Bilocale,big,north,5.0,2,small
1300.0,50.0,Milano,Bilocale,big,north,5.0,2,small
1000.0,55.0,Milano,Bilocale,big,north,5.0,2,small
1250.0,53.0,Milano,Bilocale,big,north,5.0,2,small
2030.0,97.0,Milano,Attico,big,north,5.0,3,mid-small
1400.0,70.0,Milano,Attico,big,north,5.0,2,mid-small
1100.0,75.0,Milano,Bilocale,big,north,5.0,2,mid-small
1200.0,72.0,Milano,Bilocale,big,north,5.0,2,mid-small
1450.0,77.0,Milano,Bilocale,big,north,5.0,2,mid-small
1400.0,85.0,Milano,Bilocale,big,north,5.0,2,mid-small
1700.0,95.0,Milano,Trilocale,big,north,5.0,3,mid-small
2900.0,80.0,Milano,Bilocale,big,north,5.0,2,mid-small
1800.0,60.0,Milano,Bilocale,big,north,5.0,2,small
4000.0,170.0,Milano,Quadrilocale,big,north,5.0,4,mid
2300.0,76.0,Milano,Bilocale,big,north,5.0,2,mid-small
850.0,50.0,Milano,Bilocale,big,north,5.0,2,small
900.0,55.0,Milano,Bilocale,big,north,5.0,2,small
2250.0,95.0,Milano,Appartamento,big,north,2.0,5,mid-small
1250.0,56.0,Milano,Monolocale,big,north,2.0,1,small
700.0,29.0,Milano,Monolocale,big,north,2.0,1,very small
1300.0,40.0,Milano,Monolocale,big,north,2.0,1,small
1300.0,70.0,Milano,Bilocale,big,north,2.0,2,mid-small
1000.0,50.0,Milano,Bilocale,big,north,2.0,2,small
3400.0,130.0,Milano,Trilocale,big,north,2.0,3,mid
1200.0,60.0,Milano,Bilocale,big,north,2.0,2,small
2900.0,105.0,Milano,Mansarda,big,north,2.0,4,mid
500.0,20.0,Milano,Monolocale,big,north,2.0,1,very small
790.0,25.0,Milano,Monolocale,big,north,2.0,1,very small
1500.0,104.0,Milano,Trilocale,big,north,2.0,3,mid
990.0,42.0,Milano,Bilocale,big,north,2.0,2,small
900.0,60.0,Milano,Bilocale,big,north,2.0,2,small
1450.0,90.0,Milano,Bilocale,big,north,2.0,2,mid-small
2300.0,100.0,Milano,Trilocale,big,north,2.0,3,mid
1100.0,65.0,Milano,Bilocale,big,north,2.0,2,small
2200.0,77.0,Milano,Trilocale,big,north,2.0,3,mid-small
1000.0,44.0,Milano,Monolocale,big,north,2.0,1,small
950.0,69.0,Milano,Bilocale,big,north,2.0,2,small
2600.0,85.0,Milano,Trilocale,big,north,2.0,3,mid-small
760.0,45.0,Milano,Bilocale,big,north,2.0,2,small
2000.0,130.0,Milano,Quadrilocale,big,north,2.0,4,mid
990.0,60.0,Milano,Bilocale,big,north,2.0,2,small
1150.0,47.0,Milano,Bilocale,big,north,2.0,2,small
7500.0,221.0,Milano,Appartamento,big,north,3.0,5,large
900.0,30.0,Milano,Monolocale,big,north,3.0,1,very small
1333.0,62.0,Milano,Bilocale,big,north,3.0,2,small
2917.0,155.0,Milano,Quadrilocale,big,north,3.0,4,mid
1917.0,90.0,Milano,Trilocale,big,north,3.0,3,mid-small
5833.0,201.0,Milano,Quadrilocale,big,north,3.0,4,large
1000.0,44.0,Milano,Monolocale,big,north,3.0,1,small
1100.0,75.0,Milano,Attico,big,north,3.0,3,mid-small
900.0,30.0,Milano,Monolocale,big,north,3.0,1,very small
900.0,40.0,Milano,Monolocale,big,north,3.0,1,small
1100.0,60.0,Milano,Loft,big,north,3.0,2,small
1000.0,30.0,Milano,Monolocale,big,north,3.0,1,very small
700.0,40.0,Milano,Monolocale,big,north,3.0,1,small
2500.0,90.0,Milano,Trilocale,big,north,3.0,3,mid-small
2000.0,80.0,Milano,Trilocale,big,north,3.0,3,mid-small
1000.0,67.0,Milano,Bilocale,big,north,3.0,2,small
800.0,39.0,Milano,Bilocale,big,north,3.0,2,very small
1750.0,100.0,Milano,Trilocale,big,north,3.0,3,mid
2500.0,88.0,Milano,Bilocale,big,north,3.0,2,mid-small
1500.0,60.0,Milano,Bilocale,big,north,3.0,2,small
4583.0,180.0,Milano,Appartamento,big,north,3.0,6,mid
5500.0,140.0,Milano,Quadrilocale,big,north,3.0,4,mid
2333.0,80.0,Milano,Bilocale,big,north,3.0,2,mid-small
1750.0,103.0,Milano,Appartamento,big,north,3.0,5,mid
1750.0,90.0,Milano,Trilocale,big,north,3.0,3,mid-small
4100.0,150.0,Milano,Trilocale,big,north,2.0,3,mid
2166.0,130.0,Milano,Trilocale,big,north,2.0,3,mid
2083.0,95.0,Milano,Trilocale,big,north,2.0,3,mid-small
4452.0,150.0,Milano,Quadrilocale,big,north,2.0,4,mid
2084.0,85.0,Milano,Trilocale,big,north,2.0,3,mid-small
1417.0,75.0,Milano,Bilocale,big,north,2.0,2,mid-small
3500.0,110.0,Milano,Trilocale,big,north,2.0,3,mid
1000.0,330.0,Milano,Attico,big,north,2.0,6,large
3600.0,160.0,Milano,Appartamento,big,north,2.0,5,mid
1400.0,90.0,Milano,Trilocale,big,north,2.0,3,mid-small
1750.0,65.0,Milano,Bilocale,big,north,2.0,2,small
2915.0,130.0,Milano,Bilocale,big,north,2.0,2,mid
2700.0,155.0,Milano,Quadrilocale,big,north,2.0,4,mid
2300.0,77.0,Milano,Bilocale,big,north,2.0,2,mid-small
4167.0,150.0,Milano,Quadrilocale,big,north,2.0,4,mid
4900.0,180.0,Milano,Appartamento,big,north,2.0,6,mid
4166.0,135.0,Milano,Quadrilocale,big,north,2.0,4,mid
2125.0,75.0,Milano,Bilocale,big,north,2.0,2,mid-small
1150.0,50.0,Milano,Bilocale,big,north,2.0,2,small
4915.0,165.0,Milano,Quadrilocale,big,north,2.0,4,mid
6500.0,225.0,Milano,Appartamento,big,north,2.0,5,large
1000.0,30.0,Milano,Monolocale,big,north,2.0,1,very small
3500.0,132.0,Milano,Quadrilocale,big,north,2.0,4,mid
2915.0,100.0,Milano,Attico,big,north,2.0,3,mid
3500.0,120.0,Milano,Trilocale,big,north,2.0,3,mid
2400.0,103.0,Milano,Trilocale,big,north,3.0,3,mid
1600.0,100.0,Milano,Trilocale,big,north,3.0,3,mid
1700.0,100.0,Milano,Trilocale,big,north,3.0,3,mid
2500.0,100.0,Milano,Trilocale,big,north,3.0,3,mid
2167.0,107.0,Milano,Trilocale,big,north,3.0,3,mid
1000.0,330.0,Milano,Appartamento,big,north,3.0,5,large
5000.0,220.0,Milano,Appartamento,big,north,3.0,6,large
1350.0,64.0,Milano,Trilocale,big,north,3.0,3,small
2000.0,70.0,Milano,Trilocale,big,north,3.0,3,mid-small
2400.0,128.0,Milano,Quadrilocale,big,north,3.0,4,mid
7500.0,220.0,Milano,Appartamento,big,north,3.0,5,large
2250.0,145.0,Milano,Quadrilocale,big,north,3.0,4,mid
680.0,40.0,Milano,Monolocale,big,north,3.0,1,small
1400.0,60.0,Milano,Bilocale,big,north,3.0,2,small
1400.0,96.0,Milano,Trilocale,big,north,3.0,3,mid-small
950.0,50.0,Milano,Bilocale,big,north,3.0,2,small
900.0,45.0,Milano,Bilocale,big,north,3.0,2,small
1100.0,65.0,Milano,Bilocale,big,north,3.0,2,small
4000.0,157.0,Milano,Trilocale,big,north,3.0,3,mid
8000.0,237.0,Milano,Quadrilocale,big,north,3.0,4,large
1600.0,85.0,Milano,Bilocale,big,north,3.0,2,mid-small
1300.0,80.0,Milano,Bilocale,big,north,3.0,2,mid-small
2400.0,103.0,Milano,Trilocale,big,north,3.0,3,mid
1000.0,40.0,Milano,Bilocale,big,north,3.0,2,small
1100.0,70.0,Milano,Bilocale,big,north,3.0,2,mid-small
8000.0,243.0,Milano,Quadrilocale,big,north,3.0,4,large
4500.0,150.0,Milano,Quadrilocale,big,north,3.0,4,mid
900.0,48.0,Milano,Bilocale,big,north,3.0,2,small
1250.0,80.0,Milano,Trilocale,big,north,3.0,3,mid-small
1650.0,64.0,Milano,Bilocale,big,north,3.0,2,small
850.0,35.0,Milano,Monolocale,big,north,3.0,1,very small
1950.0,55.0,Milano,Bilocale,big,north,3.0,2,small
1150.0,58.0,Milano,Bilocale,big,north,3.0,2,small
1200.0,82.0,Milano,Trilocale,big,north,3.0,3,mid-small
1000.0,50.0,Milano,Bilocale,big,north,3.0,2,small
2780.0,80.0,Milano,Attico,big,north,3.0,3,mid-small
1800.0,110.0,Milano,Trilocale,big,north,3.0,3,mid
2100.0,66.0,Milano,Bilocale,big,north,3.0,2,small
1333.0,53.0,Milano,Bilocale,big,north,3.0,2,small
1200.0,65.0,Milano,Bilocale,big,north,3.0,2,small
1350.0,60.0,Milano,Bilocale,big,north,3.0,2,small
1400.0,72.0,Milano,Trilocale,big,north,3.0,3,mid-small
1670.0,80.0,Milano,Trilocale,big,north,3.0,3,mid-small
1250.0,60.0,Milano,Bilocale,big,north,3.0,2,small
1250.0,70.0,Milano,Trilocale,big,north,3.0,3,mid-small
1250.0,75.0,Milano,Bilocale,big,north,3.0,2,mid-small
8000.0,237.0,Milano,Quadrilocale,big,north,3.0,4,large
1500.0,60.0,Milano,Bilocale,big,north,3.0,2,small
575.0,20.0,Milano,Monolocale,big,north,3.0,1,very small
1600.0,63.0,Milano,Bilocale,big,north,6.0,2,small
1600.0,60.0,Milano,Bilocale,big,north,6.0,2,small
700.0,60.0,Milano,Bilocale,big,north,6.0,2,small
1900.0,72.0,Milano,Bilocale,big,north,6.0,2,mid-small
1700.0,70.0,Milano,Bilocale,big,north,6.0,2,mid-small
2050.0,102.0,Milano,Trilocale,big,north,6.0,3,mid
900.0,60.0,Milano,Bilocale,big,north,6.0,2,small
900.0,45.0,Milano,Bilocale,big,north,6.0,2,small
1600.0,60.0,Milano,Bilocale,big,north,6.0,2,small
1250.0,49.0,Milano,Bilocale,big,north,6.0,2,small
900.0,30.0,Milano,Monolocale,big,north,6.0,1,very small
4500.0,188.0,Milano,Appartamento,big,north,6.0,5,mid
1300.0,65.0,Milano,Bilocale,big,north,6.0,2,small
900.0,50.0,Milano,Bilocale,big,north,6.0,2,small
800.0,40.0,Milano,Bilocale,big,north,6.0,2,small
1100.0,50.0,Milano,Bilocale,big,north,6.0,2,small
1200.0,65.0,Milano,Bilocale,big,north,6.0,2,small
3359.0,166.0,Milano,Trilocale,big,north,6.0,3,mid
1700.0,80.0,Milano,Bilocale,big,north,6.0,2,mid-small
1400.0,110.0,Milano,Trilocale,big,north,6.0,3,mid
1200.0,50.0,Milano,Bilocale,big,north,6.0,2,small
1000.0,50.0,Milano,Bilocale,big,north,6.0,2,small
1275.0,125.0,Milano,Trilocale,big,north,6.0,3,mid
1900.0,90.0,Milano,Trilocale,big,north,6.0,3,mid-small
1800.0,100.0,Milano,Trilocale,big,north,1.0,3,mid
2200.0,72.0,Milano,Bilocale,big,north,1.0,2,mid-small
5000.0,262.0,Milano,Appartamento,big,north,1.0,6,large
2800.0,111.0,Milano,Bilocale,big,north,1.0,2,mid
1500.0,55.0,Milano,Bilocale,big,north,1.0,2,small
2000.0,85.0,Milano,Bilocale,big,north,1.0,2,mid-small
2350.0,125.0,Milano,Trilocale,big,north,1.0,3,mid
1250.0,62.0,Milano,Trilocale,big,north,1.0,3,small
1200.0,50.0,Milano,Bilocale,big,north,1.0,2,small
1200.0,65.0,Milano,Bilocale,big,north,1.0,2,small
1800.0,100.0,Milano,Trilocale,big,north,1.0,3,mid
750.0,55.0,Milano,Monolocale,big,north,1.0,1,small
2900.0,115.0,Milano,Mansarda,big,north,1.0,3,mid
1250.0,50.0,Milano,Bilocale,big,north,1.0,2,small
1300.0,90.0,Milano,Trilocale,big,north,1.0,3,mid-small
1700.0,55.0,Milano,Bilocale,big,north,1.0,2,small
1200.0,50.0,Milano,Bilocale,big,north,1.0,2,small
2000.0,135.0,Milano,Trilocale,big,north,1.0,3,mid
970.0,50.0,Milano,Bilocale,big,north,1.0,2,small
930.0,49.0,Milano,Bilocale,big,north,1.0,2,small
1200.0,60.0,Milano,Bilocale,big,north,1.0,2,small
1300.0,65.0,Milano,Bilocale,big,north,1.0,2,small
1200.0,50.0,Milano,Bilocale,big,north,1.0,2,small
920.0,100.0,Milano,Loft,big,north,1.0,2,mid
950.0,40.0,Milano,Monolocale,big,north,1.0,1,small
1250.0,50.0,Milano,Bilocale,big,north,3.0,2,small
1400.0,58.0,Milano,Bilocale,big,north,3.0,2,small
3000.0,130.0,Milano,Quadrilocale,big,north,3.0,4,mid
2200.0,85.0,Milano,Trilocale,big,north,3.0,3,mid-small
2084.0,85.0,Milano,Trilocale,big,north,3.0,3,mid-small
1800.0,65.0,Milano,Bilocale,big,north,3.0,2,small
1000.0,50.0,Milano,Bilocale,big,north,3.0,2,small
1900.0,63.0,Milano,Bilocale,big,north,3.0,2,small
1100.0,50.0,Milano,Bilocale,big,north,3.0,2,small
1750.0,82.0,Milano,Trilocale,big,north,3.0,3,mid-small
1500.0,60.0,Milano,Bilocale,big,north,3.0,2,small
1400.0,85.0,Milano,Bilocale,big,north,3.0,2,mid-small
1200.0,40.0,Milano,Bilocale,big,north,3.0,2,small
1200.0,67.0,Milano,Bilocale,big,north,3.0,2,small
1400.0,95.0,Milano,Trilocale,big,north,3.0,3,mid-small
1250.0,65.0,Milano,Bilocale,big,north,3.0,2,small
1805.0,722.0,Milano,Palazzo,big,north,3.0,4,very large
1800.0,60.0,Milano,Bilocale,big,north,3.0,2,small
1000.0,60.0,Milano,Bilocale,big,north,3.0,2,small
3167.0,90.0,Milano,Bilocale,big,north,3.0,2,mid-small
1250.0,50.0,Milano,Bilocale,big,north,3.0,2,small
1450.0,85.0,Milano,Trilocale,big,north,8.0,3,mid-small
2500.0,75.0,Milano,Trilocale,big,north,8.0,3,mid-small
1100.0,51.0,Milano,Bilocale,big,north,8.0,2,small
1800.0,60.0,Milano,Bilocale,big,north,8.0,2,small
1100.0,45.0,Milano,Monolocale,big,north,8.0,1,small
1250.0,65.0,Milano,Bilocale,big,north,8.0,2,small
1350.0,55.0,Milano,Bilocale,big,north,8.0,2,small
2300.0,55.0,Milano,Bilocale,big,north,8.0,2,small
1750.0,75.0,Milano,Quadrilocale,big,north,8.0,4,mid-small
2900.0,139.0,Milano,Trilocale,big,north,8.0,3,mid
2083.0,85.0,Milano,Trilocale,big,north,8.0,3,mid-small
2400.0,75.0,Milano,Bilocale,big,north,8.0,2,mid-small
1200.0,45.0,Milano,Bilocale,big,north,8.0,2,small
2100.0,95.0,Milano,Trilocale,big,north,8.0,3,mid-small
1200.0,60.0,Milano,Bilocale,big,north,8.0,2,small
1550.0,87.0,Milano,Trilocale,big,north,8.0,3,mid-small
750.0,33.0,Milano,Bilocale,big,north,8.0,2,very small
1200.0,45.0,Milano,Bilocale,big,north,2.0,2,small
1600.0,50.0,Milano,Bilocale,big,north,2.0,2,small
1190.0,75.0,Milano,Bilocale,big,north,2.0,2,mid-small
1800.0,55.0,Milano,Bilocale,big,north,2.0,2,small
1200.0,65.0,Milano,Bilocale,big,north,2.0,2,small
900.0,65.0,Milano,Bilocale,big,north,2.0,2,small
1500.0,50.0,Milano,Bilocale,big,north,2.0,2,small
890.0,39.0,Milano,Bilocale,big,north,2.0,2,very small
1333.0,55.0,Milano,Bilocale,big,north,2.0,2,small
3166.0,80.0,Milano,Bilocale,big,north,2.0,2,mid-small
3305.0,96.0,Milano,Trilocale,big,north,2.0,3,mid-small
1600.0,94.0,Milano,Trilocale,big,north,2.0,3,mid-small
2100.0,150.0,Milano,Appartamento,big,north,2.0,5,mid
2916.0,80.0,Milano,Trilocale,big,north,2.0,3,mid-small
2070.0,60.0,Milano,Bilocale,big,north,2.0,2,small
1600.0,40.0,Milano,Bilocale,big,north,2.0,2,small
1000.0,45.0,Milano,Bilocale,big,north,2.0,2,small
1750.0,80.0,Milano,Trilocale,big,north,2.0,3,mid-small
1150.0,70.0,Milano,Bilocale,big,north,2.0,2,mid-small
2500.0,85.0,Milano,Trilocale,big,north,2.0,3,mid-small
1000.0,40.0,Milano,Monolocale,big,north,2.0,1,small
6566.0,207.0,Milano,Attico,big,north,2.0,4,large
2833.0,120.0,Milano,Bilocale,big,north,2.0,2,mid
2400.0,90.0,Milano,Appartamento,big,north,2.0,5,mid-small
700.0,40.0,Milano,Bilocale,big,north,0.5,2,small
1916.0,90.0,Milano,Trilocale,big,north,0.5,3,mid-small
750.0,42.0,Milano,Bilocale,big,north,0.5,2,small
1250.0,60.0,Milano,Monolocale,big,north,0.5,1,small
2600.0,170.0,Milano,Quadrilocale,big,north,0.5,4,mid
3000.0,120.0,Milano,Trilocale,big,north,0.5,3,mid
3500.0,105.0,Milano,Quadrilocale,big,north,0.5,4,mid
1880.0,55.0,Milano,Bilocale,big,north,0.5,2,small
3166.0,80.0,Milano,Bilocale,big,north,0.5,2,mid-small
1150.0,70.0,Milano,Bilocale,big,north,0.5,2,mid-small
1350.0,250.0,Milano,Attico,big,north,0.5,5,large
750.0,30.0,Milano,Monolocale,big,north,0.5,1,very small
2800.0,176.0,Milano,Quadrilocale,big,north,0.5,4,mid
2166.0,95.0,Milano,Trilocale,big,north,0.5,3,mid-small
2190.0,65.0,Milano,Bilocale,big,north,0.5,2,small
1180.0,55.0,Milano,Bilocale,big,north,0.5,2,small
1750.0,90.0,Milano,Trilocale,big,north,0.5,3,mid-small
1583.0,50.0,Milano,Bilocale,big,north,0.5,2,small
2083.0,75.0,Milano,Trilocale,big,north,0.5,3,mid-small
1490.0,80.0,Milano,Bilocale,big,north,0.5,2,mid-small
1416.0,45.0,Milano,Bilocale,big,north,0.5,2,small
1500.0,104.0,Milano,Trilocale,big,north,0.5,3,mid
2100.0,130.0,Milano,Quadrilocale,big,north,0.5,4,mid
850.0,53.0,Milano,Bilocale,big,north,0.5,2,small
3166.0,80.0,Milano,Bilocale,big,north,3.0,2,mid-small
2400.0,140.0,Milano,Quadrilocale,big,north,3.0,4,mid
1583.0,55.0,Milano,Bilocale,big,north,3.0,2,small
1240.0,70.0,Milano,Bilocale,big,north,3.0,2,mid-small
1800.0,60.0,Milano,Appartamento,big,north,3.0,5,small
1300.0,55.0,Milano,Bilocale,big,north,3.0,2,small
1800.0,50.0,Milano,Bilocale,big,north,3.0,2,small
2700.0,75.0,Milano,Trilocale,big,north,3.0,3,mid-small
1100.0,40.0,Milano,Monolocale,big,north,3.0,1,small
760.0,28.0,Milano,Monolocale,big,north,3.0,1,very small
1890.0,55.0,Milano,Bilocale,big,north,3.0,2,small
1400.0,96.0,Milano,Trilocale,big,north,3.0,3,mid-small
2200.0,80.0,Milano,Trilocale,big,north,3.0,3,mid-small
2800.0,145.0,Milano,Appartamento,big,north,3.0,6,mid
1580.0,74.0,Milano,Bilocale,big,north,3.0,2,mid-small
1917.0,90.0,Milano,Trilocale,big,north,3.0,3,mid-small
850.0,55.0,Milano,Bilocale,big,north,3.0,2,small
1000.0,40.0,Milano,Monolocale,big,north,3.0,1,small
1000.0,40.0,Milano,Bilocale,big,north,3.0,2,small
1250.0,60.0,Milano,Trilocale,big,north,3.0,3,small
3950.0,118.0,Milano,Mansarda,big,north,3.0,3,mid
825.0,65.0,Milano,Bilocale,big,north,3.0,2,small
1200.0,84.0,Milano,Bilocale,big,north,3.0,2,mid-small
850.0,40.0,Milano,Bilocale,big,north,3.0,2,small
1400.0,92.0,Milano,Trilocale,big,north,3.0,3,mid-small
950.0,40.0,Milano,Bilocale,big,north,1.0,2,small
900.0,75.0,Milano,Bilocale,big,north,1.0,2,mid-small
1750.0,90.0,Milano,Bilocale,big,north,1.0,2,mid-small
650.0,30.0,Milano,Monolocale,big,north,1.0,1,very small
1500.0,70.0,Milano,Bilocale,big,north,1.0,2,mid-small
1400.0,90.0,Milano,Quadrilocale,big,north,1.0,4,mid-small
1000.0,46.0,Milano,Bilocale,big,north,1.0,2,small
1200.0,200.0,Milano,Trilocale,big,north,1.0,3,large
2100.0,90.0,Milano,Trilocale,big,north,1.0,3,mid-small
1400.0,95.0,Milano,Trilocale,big,north,1.0,3,mid-small
3166.0,80.0,Milano,Bilocale,big,north,1.0,2,mid-small
1000.0,40.0,Milano,Monolocale,big,north,1.0,1,small
1400.0,90.0,Milano,Trilocale,big,north,1.0,3,mid-small
1200.0,57.0,Milano,Bilocale,big,north,1.0,2,small
850.0,23.0,Milano,Monolocale,big,north,1.0,1,very small
1350.0,100.0,Milano,Trilocale,big,north,1.0,3,mid
1300.0,75.0,Milano,Bilocale,big,north,1.0,2,mid-small
950.0,40.0,Milano,Bilocale,big,north,1.0,2,small
1000.0,55.0,Milano,Bilocale,big,north,1.0,2,small
800.0,40.0,Milano,Bilocale,big,north,1.0,2,small
2500.0,88.0,Milano,Bilocale,big,north,1.0,2,mid-small
1450.0,60.0,Milano,Bilocale,big,north,1.0,2,small
725.0,35.0,Milano,Monolocale,big,north,1.0,1,very small
1920.0,90.0,Milano,Trilocale,big,north,1.0,3,mid-small
1100.0,65.0,Milano,Bilocale,big,north,1.0,2,small
7500.0,280.0,Milano,Appartamento,big,north,1.0,6,large
1350.0,70.0,Milano,Trilocale,big,north,1.0,3,mid-small
2417.0,110.0,Milano,Trilocale,big,north,1.0,3,mid
1400.0,65.0,Milano,Trilocale,big,north,1.0,3,small
2500.0,110.0,Milano,Quadrilocale,big,north,1.0,4,mid
4452.0,130.0,Milano,Quadrilocale,big,north,1.0,4,mid
1300.0,45.0,Milano,Bilocale,big,north,1.0,2,small
1100.0,57.0,Milano,Bilocale,big,north,1.0,2,small
1450.0,87.0,Milano,Trilocale,big,north,1.0,3,mid-small
3166.0,80.0,Milano,Bilocale,big,north,1.0,2,mid-small
1050.0,45.0,Milano,Bilocale,big,north,1.0,2,small
820.0,30.0,Milano,Bilocale,big,north,1.0,2,very small
1916.0,58.0,Milano,Bilocale,big,north,1.0,2,small
2000.0,45.0,Milano,Monolocale,big,north,1.0,1,small
2833.0,96.0,Milano,Trilocale,big,north,1.0,3,mid-small
2916.0,79.0,Milano,Bilocale,big,north,1.0,2,mid-small
4000.0,150.0,Milano,Quadrilocale,big,north,1.0,4,mid
4083.0,150.0,Milano,Trilocale,big,north,1.0,3,mid
2000.0,100.0,Milano,Trilocale,big,north,1.0,3,mid
950.0,44.0,Milano,Monolocale,big,north,1.0,1,small
1166.0,50.0,Milano,Bilocale,big,north,1.0,2,small
800.0,30.0,Milano,Monolocale,big,north,1.0,1,very small
1000.0,55.0,Milano,Bilocale,big,north,1.0,2,small
1050.0,65.0,Milano,Bilocale,big,north,3.0,2,small
2000.0,75.0,Milano,Bilocale,big,north,3.0,2,mid-small
1150.0,55.0,Milano,Bilocale,big,north,3.0,2,small
2200.0,115.0,Milano,Trilocale,big,north,3.0,3,mid
1333.0,65.0,Milano,Bilocale,big,north,3.0,2,small
2125.0,64.0,Milano,Bilocale,big,north,3.0,2,small
1333.0,75.0,Milano,Bilocale,big,north,3.0,2,mid-small
3500.0,96.0,Milano,Trilocale,big,north,3.0,3,mid-small
4452.0,130.0,Milano,Quadrilocale,big,north,3.0,4,mid
1750.0,55.0,Milano,Bilocale,big,north,3.0,2,small
1250.0,50.0,Milano,Bilocale,big,north,3.0,2,small
1300.0,60.0,Milano,Bilocale,big,north,3.0,2,small
900.0,30.0,Milano,Monolocale,big,north,3.0,1,very small
2000.0,70.0,Milano,Bilocale,big,north,3.0,2,mid-small
2200.0,65.0,Milano,Bilocale,big,north,3.0,2,small
2850.0,100.0,Milano,Trilocale,big,north,3.0,3,mid
2750.0,87.0,Milano,Attico,big,north,3.0,3,mid-small
2750.0,87.0,Milano,Trilocale,big,north,3.0,3,mid-small
1300.0,80.0,Milano,Trilocale,big,north,3.0,3,mid-small
1650.0,120.0,Milano,Trilocale,big,north,3.0,3,mid
700.0,40.0,Milano,Monolocale,big,north,3.0,1,small
2800.0,145.0,Milano,Appartamento,big,north,3.0,5,mid
1800.0,60.0,Milano,Bilocale,big,north,3.0,2,small
950.0,40.0,Milano,Monolocale,big,north,3.0,1,small
1300.0,58.0,Milano,Bilocale,big,north,3.0,2,small
1120.0,47.0,Milano,Bilocale,big,north,1.0,2,small
1833.0,52.0,Milano,Bilocale,big,north,1.0,2,small
1800.0,60.0,Milano,Bilocale,big,north,1.0,2,small
1850.0,132.0,Milano,Quadrilocale,big,north,1.0,4,mid
1100.0,80.0,Milano,Trilocale,big,north,1.0,3,mid-small
1550.0,72.0,Milano,Trilocale,big,north,1.0,3,mid-small
1250.0,55.0,Milano,Bilocale,big,north,1.0,2,small
1200.0,93.0,Milano,Trilocale,big,north,1.0,3,mid-small
1250.0,55.0,Milano,Bilocale,big,north,1.0,2,small
6000.0,310.0,Milano,Appartamento,big,north,1.0,6,large
2500.0,131.0,Milano,Quadrilocale,big,north,1.0,4,mid
700.0,20.0,Milano,Monolocale,big,north,1.0,1,very small
1200.0,50.0,Milano,Bilocale,big,north,1.0,2,small
2500.0,110.0,Milano,Quadrilocale,big,north,1.0,4,mid
3200.0,95.0,Milano,Bilocale,big,north,1.0,2,mid-small
3959.0,120.0,Milano,Mansarda,big,north,1.0,3,mid
1200.0,64.0,Milano,Bilocale,big,north,1.0,2,small
5833.0,270.0,Milano,Appartamento,big,north,1.0,6,large
6000.0,180.0,Milano,Appartamento,big,north,1.0,5,mid
850.0,30.0,Milano,Monolocale,big,north,1.0,1,very small
2000.0,75.0,Milano,Trilocale,big,north,1.0,3,mid-small
1600.0,90.0,Milano,Loft,big,north,1.0,3,mid-small
1850.0,59.0,Milano,Bilocale,big,north,1.0,2,small
1250.0,117.0,Milano,Bilocale,big,north,1.0,2,mid
2333.0,701.0,Milano,Palazzo,big,north,1.0,6,very large
1200.0,45.0,Milano,Bilocale,big,north,1.0,2,small
3000.0,101.0,Milano,Trilocale,big,north,1.0,3,mid
1100.0,61.0,Milano,Bilocale,big,north,1.0,2,small
2500.0,130.0,Milano,Quadrilocale,big,north,1.0,4,mid
5000.0,148.0,Milano,Trilocale,big,north,1.0,3,mid
2200.0,105.0,Milano,Trilocale,big,north,1.0,3,mid
1050.0,45.0,Milano,Monolocale,big,north,1.0,1,small
8000.0,250.0,Milano,Appartamento,big,north,1.0,5,large
1900.0,65.0,Milano,Bilocale,big,north,1.0,2,small
1000.0,37.0,Milano,Monolocale,big,north,1.0,1,very small
1800.0,95.0,Milano,Trilocale,big,north,1.0,3,mid-small
1450.0,71.0,Milano,Trilocale,big,north,1.0,3,mid-small
2800.0,100.0,Milano,Attico,big,north,1.0,3,mid
950.0,48.0,Milano,Bilocale,big,north,1.0,2,small
1700.0,100.0,Milano,Trilocale,big,north,1.0,3,mid
2400.0,110.0,Milano,Trilocale,big,north,1.0,3,mid
1500.0,60.0,Milano,Bilocale,big,north,1.0,2,small
1200.0,60.0,Milano,Bilocale,big,north,1.0,2,small
2400.0,110.0,Milano,Trilocale,big,north,1.0,3,mid
5000.0,100.0,Milano,Trilocale,big,north,1.0,3,mid
2800.0,100.0,Milano,Trilocale,big,north,1.0,3,mid
1200.0,55.0,Milano,Bilocale,big,north,1.0,2,small
750.0,40.0,Milano,Monolocale,big,north,1.0,1,small
1250.0,65.0,Milano,Bilocale,big,north,1.0,2,small
750.0,50.0,Milano,Monolocale,big,north,1.0,1,small
1650.0,120.0,Milano,Trilocale,big,north,7.0,3,mid
2400.0,100.0,Milano,Mansarda,big,north,7.0,3,mid
1750.0,55.0,Milano,Bilocale,big,north,7.0,2,small
4500.0,200.0,Milano,Appartamento,big,north,7.0,6,large
2050.0,100.0,Milano,Appartamento,big,north,7.0,5,mid
1200.0,60.0,Milano,Bilocale,big,north,7.0,2,small
1550.0,75.0,Milano,Bilocale,big,north,7.0,2,mid-small
1200.0,60.0,Milano,Bilocale,big,north,7.0,2,small
1917.0,120.0,Milano,Trilocale,big,north,7.0,3,mid
3000.0,75.0,Milano,Bilocale,big,north,7.0,2,mid-small
900.0,50.0,Milano,Bilocale,big,north,7.0,2,small
2000.0,125.0,Milano,Trilocale,big,north,7.0,3,mid
1200.0,60.0,Milano,Bilocale,big,north,7.0,2,small
1100.0,66.0,Milano,Bilocale,big,north,7.0,2,small
2300.0,75.0,Milano,Bilocale,big,north,7.0,2,mid-small
4500.0,190.0,Milano,Appartamento,big,north,7.0,5,mid
2917.0,90.0,Milano,Trilocale,big,north,7.0,3,mid-small
2166.0,61.0,Milano,Bilocale,big,north,7.0,2,small
900.0,26.0,Milano,Monolocale,big,north,7.0,1,very small
1000.0,48.0,Milano,Bilocale,big,north,7.0,2,small
850.0,55.0,Milano,Bilocale,big,north,7.0,2,small
770.0,70.0,Milano,Trilocale,big,north,7.0,3,mid-small
900.0,55.0,Milano,Bilocale,big,north,7.0,2,small
1200.0,48.0,Milano,Bilocale,big,north,7.0,2,small
2350.0,110.0,Milano,Trilocale,big,north,1.0,3,mid
1300.0,50.0,Milano,Bilocale,big,north,1.0,2,small
2300.0,135.0,Milano,Quadrilocale,big,north,1.0,4,mid
2700.0,172.0,Milano,Trilocale,big,north,1.0,3,mid
1650.0,85.0,Milano,Trilocale,big,north,1.0,3,mid-small
800.0,55.0,Milano,Bilocale,big,north,1.0,2,small
4000.0,120.0,Milano,Appartamento,big,north,1.0,5,mid
6000.0,180.0,Milano,Quadrilocale,big,north,1.0,4,mid
1500.0,45.0,Milano,Monolocale,big,north,1.0,1,small
4200.0,150.0,Milano,Quadrilocale,big,north,1.0,4,mid
700.0,45.0,Milano,Bilocale,big,north,1.0,2,small
1500.0,85.0,Milano,Trilocale,big,north,1.0,3,mid-small
6250.0,190.0,Milano,Appartamento,big,north,1.0,5,mid
1150.0,45.0,Milano,Bilocale,big,north,1.0,2,small
1100.0,45.0,Milano,Bilocale,big,north,1.0,2,small
6570.0,206.0,Milano,Attico,big,north,1.0,4,large
1700.0,65.0,Milano,Bilocale,big,north,1.0,2,small
2300.0,87.0,Milano,Trilocale,big,north,1.0,3,mid-small
2200.0,117.0,Milano,Trilocale,big,north,1.0,3,mid
1250.0,50.0,Milano,Bilocale,big,north,1.0,2,small
1850.0,80.0,Milano,Trilocale,big,north,1.0,3,mid-small
2083.0,85.0,Milano,Trilocale,big,north,1.0,3,mid-small
1950.0,80.0,Milano,Bilocale,big,north,1.0,2,mid-small
1000.0,55.0,Milano,Bilocale,big,north,1.0,2,small
1650.0,105.0,Milano,Trilocale,big,north,4.0,3,mid
1400.0,80.0,Milano,Bilocale,big,north,4.0,2,mid-small
2690.0,78.0,Milano,Attico,big,north,4.0,3,mid-small
1200.0,60.0,Milano,Bilocale,big,north,4.0,2,small
1700.0,72.0,Milano,Trilocale,big,north,4.0,3,mid-small
1450.0,71.0,Milano,Trilocale,big,north,4.0,3,mid-small
1750.0,95.0,Milano,Trilocale,big,north,4.0,3,mid-small
1150.0,53.0,Milano,Bilocale,big,north,4.0,2,small
3450.0,170.0,Milano,Quadrilocale,big,north,4.0,4,mid
1100.0,50.0,Milano,Bilocale,big,north,4.0,2,small
2500.0,100.0,Milano,Trilocale,big,north,4.0,3,mid
1500.0,88.0,Milano,Trilocale,big,north,4.0,3,mid-small
1200.0,50.0,Milano,Bilocale,big,north,4.0,2,small
1100.0,50.0,Milano,Bilocale,big,north,4.0,2,small
1100.0,60.0,Milano,Bilocale,big,north,4.0,2,small
1800.0,102.0,Milano,Trilocale,big,north,4.0,3,mid
1300.0,50.0,Milano,Bilocale,big,north,4.0,2,small
1400.0,80.0,Milano,Bilocale,big,north,4.0,2,mid-small
2000.0,132.0,Milano,Trilocale,big,north,4.0,3,mid
1500.0,80.0,Milano,Trilocale,big,north,4.0,3,mid-small
900.0,65.0,Milano,Bilocale,big,north,4.0,2,small
1320.0,78.0,Milano,Bilocale,big,north,4.0,2,mid-small
1050.0,65.0,Milano,Trilocale,big,north,4.0,3,small
1050.0,50.0,Milano,Bilocale,big,north,4.0,2,small
1500.0,85.0,Milano,Trilocale,big,north,4.0,3,mid-small
1584.0,76.0,Milano,Bilocale,big,north,4.0,2,mid-small
2500.0,700.0,Milano,Palazzo,big,north,4.0,6,very large
2500.0,130.0,Milano,Trilocale,big,north,4.0,3,mid
3100.0,110.0,Milano,Trilocale,big,north,4.0,3,mid
1000.0,55.0,Milano,Bilocale,big,north,4.0,2,small
1050.0,52.0,Milano,Bilocale,big,north,4.0,2,small
1300.0,55.0,Milano,Bilocale,big,north,4.0,2,small
1800.0,100.0,Milano,Quadrilocale,big,north,4.0,4,mid
900.0,40.0,Milano,Bilocale,big,north,4.0,2,small
1200.0,40.0,Milano,Loft,big,north,4.0,2,small
975.0,50.0,Milano,Bilocale,big,north,4.0,2,small
1300.0,40.0,Milano,Bilocale,big,north,4.0,2,small
1500.0,50.0,Milano,Bilocale,big,north,4.0,2,small
1600.0,60.0,Milano,Trilocale,big,north,4.0,3,small
1900.0,100.0,Milano,Quadrilocale,big,north,4.0,4,mid
1400.0,110.0,Milano,Trilocale,big,north,4.0,3,mid
1416.0,45.0,Milano,Bilocale,big,north,4.0,2,small
1850.0,110.0,Milano,Trilocale,big,north,4.0,3,mid
1100.0,50.0,Milano,Bilocale,big,north,4.0,2,small
5500.0,201.0,Milano,Attico,big,north,4.0,5,large
900.0,68.0,Milano,Bilocale,big,north,4.0,2,small
1200.0,53.0,Milano,Bilocale,big,north,4.0,2,small
1600.0,58.0,Milano,Bilocale,big,north,4.0,2,small
1400.0,75.0,Milano,Bilocale,big,north,4.0,2,mid-small
1600.0,80.0,Milano,Trilocale,big,north,4.0,3,mid-small
1000.0,75.0,Milano,Bilocale,big,north,5.0,2,mid-small
1200.0,67.0,Milano,Bilocale,big,north,5.0,2,small
2700.0,75.0,Milano,Trilocale,big,north,5.0,3,mid-small
1667.0,140.0,Milano,Quadrilocale,big,north,5.0,4,mid
1400.0,70.0,Milano,Bilocale,big,north,5.0,2,mid-small
1583.0,60.0,Milano,Bilocale,big,north,5.0,2,small
1000.0,48.0,Milano,Bilocale,big,north,5.0,2,small
1650.0,70.0,Milano,Bilocale,big,north,5.0,2,mid-small
1200.0,58.0,Milano,Bilocale,big,north,5.0,2,small
1700.0,85.0,Milano,Trilocale,big,north,5.0,3,mid-small
1500.0,60.0,Milano,Bilocale,big,north,5.0,2,small
1300.0,55.0,Milano,Bilocale,big,north,5.0,2,small
3833.0,140.0,Milano,Quadrilocale,big,north,5.0,4,mid
1800.0,95.0,Milano,Trilocale,big,north,5.0,3,mid-small
2500.0,124.0,Milano,Quadrilocale,big,north,5.0,4,mid
2800.0,140.0,Milano,Appartamento,big,north,5.0,5,mid
900.0,30.0,Milano,Monolocale,big,north,5.0,1,very small
2400.0,110.0,Milano,Trilocale,big,north,5.0,3,mid
800.0,30.0,Milano,Monolocale,big,north,5.0,1,very small
1050.0,45.0,Milano,Bilocale,big,north,5.0,2,small
3000.0,90.0,Milano,Trilocale,big,north,5.0,3,mid-small
2500.0,95.0,Milano,Trilocale,big,north,5.0,3,mid-small
3500.0,102.0,Milano,Quadrilocale,big,north,5.0,4,mid
1800.0,90.0,Milano,Trilocale,big,north,5.0,3,mid-small
1200.0,65.0,Milano,Loft,big,north,0.0,2,small
1000.0,40.0,Milano,Monolocale,big,north,0.0,1,small
2500.0,150.0,Milano,Quadrilocale,big,north,0.0,4,mid
850.0,37.0,Milano,Monolocale,big,north,0.0,1,very small
3600.0,145.0,Milano,Quadrilocale,big,north,0.0,4,mid
1330.0,55.0,Milano,Bilocale,big,north,0.0,2,small
1500.0,60.0,Milano,Bilocale,big,north,0.0,2,small
1300.0,60.0,Milano,Bilocale,big,north,0.0,2,small
1200.0,55.0,Milano,Bilocale,big,north,0.0,2,small
2200.0,73.0,Milano,Monolocale,big,north,0.0,1,mid-small
1300.0,90.0,Milano,Trilocale,big,north,0.0,3,mid-small
2400.0,110.0,Milano,Trilocale,big,north,0.0,3,mid
1000.0,25.0,Milano,Monolocale,big,north,0.0,1,very small
3750.0,135.0,Milano,Quadrilocale,big,north,0.0,4,mid
1100.0,55.0,Milano,Mansarda,big,north,0.0,2,small
1300.0,67.0,Milano,Bilocale,big,north,0.0,2,small
2083.0,85.0,Milano,Trilocale,big,north,0.0,3,mid-small
900.0,53.0,Milano,Bilocale,big,north,0.0,2,small
7500.0,237.0,Milano,Appartamento,big,north,0.0,5,large
2800.0,137.0,Milano,Trilocale,big,north,0.0,3,mid
2200.0,130.0,Milano,Appartamento,big,north,0.0,5,mid
7000.0,320.0,Milano,Appartamento,big,north,0.0,5,large
1900.0,80.0,Milano,Trilocale,big,north,0.0,3,mid-small
850.0,45.0,Milano,Bilocale,big,north,0.0,2,small
1200.0,45.0,Milano,Bilocale,big,north,0.0,2,small
585.0,240.0,Milano,Loft,big,north,2.0,6,large
1100.0,80.0,Milano,Quadrilocale,big,north,2.0,4,mid-small
700.0,55.0,Milano,Bilocale,big,north,2.0,2,small
1300.0,50.0,Milano,Bilocale,big,north,2.0,2,small
9300.0,180.0,Milano,Quadrilocale,big,north,2.0,4,mid
850.0,48.0,Milano,Bilocale,big,north,2.0,2,small
1415.0,45.0,Milano,Bilocale,big,north,2.0,2,small
1300.0,55.0,Milano,Monolocale,big,north,2.0,1,small
2400.0,93.0,Milano,Trilocale,big,north,2.0,3,mid-small
1750.0,98.0,Milano,Trilocale,big,north,2.0,3,mid-small
1100.0,65.0,Milano,Bilocale,big,north,2.0,2,small
2400.0,80.0,Milano,Trilocale,big,north,2.0,3,mid-small
2190.0,64.0,Milano,Bilocale,big,north,2.0,2,small
2333.0,140.0,Milano,Bilocale,big,north,2.0,2,mid
1150.0,60.0,Milano,Bilocale,big,north,2.0,2,small
2400.0,140.0,Milano,Quadrilocale,big,north,2.0,4,mid
1800.0,63.0,Milano,Bilocale,big,north,2.0,2,small
2000.0,70.0,Milano,Bilocale,big,north,2.0,2,mid-small
1800.0,105.0,Milano,Quadrilocale,big,north,2.0,4,mid
2833.0,137.0,Milano,Trilocale,big,north,2.0,3,mid
2300.0,150.0,Milano,Quadrilocale,big,north,2.0,4,mid
3500.0,96.0,Milano,Trilocale,big,north,2.0,3,mid-small
1100.0,55.0,Milano,Bilocale,big,north,2.0,2,small
1000.0,55.0,Milano,Bilocale,big,north,2.0,2,small
1300.0,95.0,Milano,Trilocale,big,north,2.0,3,mid-small
2920.0,116.0,Milano,Trilocale,big,north,5.0,3,mid
1000.0,55.0,Milano,Bilocale,big,north,5.0,2,small
5900.0,160.0,Milano,Attico,big,north,5.0,4,mid
1900.0,100.0,Milano,Trilocale,big,north,5.0,3,mid
1100.0,60.0,Milano,Attico,big,north,5.0,2,small
900.0,70.0,Milano,Bilocale,big,north,5.0,2,mid-small
740.0,40.0,Milano,Monolocale,big,north,5.0,1,small
1250.0,96.0,Milano,Trilocale,big,north,5.0,3,mid-small
1200.0,50.0,Milano,Bilocale,big,north,5.0,2,small
8000.0,148.0,Milano,Attico,big,north,5.0,4,mid
2000.0,75.0,Milano,Trilocale,big,north,5.0,3,mid-small
2200.0,120.0,Milano,Quadrilocale,big,north,5.0,4,mid
1200.0,70.0,Milano,Bilocale,big,north,5.0,2,mid-small
1300.0,60.0,Milano,Bilocale,big,north,5.0,2,small
2700.0,95.0,Milano,Trilocale,big,north,5.0,3,mid-small
1300.0,55.0,Milano,Bilocale,big,north,5.0,2,small
2150.0,90.0,Milano,Trilocale,big,north,5.0,3,mid-small
900.0,75.0,Milano,Bilocale,big,north,5.0,2,mid-small
833.0,75.0,Milano,Bilocale,big,north,5.0,2,mid-small
2200.0,260.0,Milano,Palazzo,big,north,5.0,5,large
1800.0,85.0,Milano,Trilocale,big,north,5.0,3,mid-small
1100.0,48.0,Milano,Bilocale,big,north,5.0,2,small
1280.0,75.0,Milano,Trilocale,big,north,5.0,3,mid-small
1400.0,50.0,Milano,Bilocale,big,north,4.0,2,small
950.0,40.0,Milano,Bilocale,big,north,4.0,2,small
2830.0,106.0,Milano,Trilocale,big,north,4.0,3,mid
1916.0,90.0,Milano,Trilocale,big,north,4.0,3,mid-small
1700.0,93.0,Milano,Bilocale,big,north,4.0,2,mid-small
1300.0,60.0,Milano,Bilocale,big,north,4.0,2,small
1200.0,55.0,Milano,Bilocale,big,north,4.0,2,small
900.0,36.0,Milano,Monolocale,big,north,4.0,1,very small
2300.0,100.0,Milano,Trilocale,big,north,4.0,3,mid
5000.0,110.0,Milano,Trilocale,big,north,4.0,3,mid
3300.0,140.0,Milano,Trilocale,big,north,4.0,3,mid
3000.0,90.0,Milano,Bilocale,big,north,4.0,2,mid-small
1800.0,96.0,Milano,Attico,big,north,4.0,3,mid-small
1370.0,70.0,Milano,Attico,big,north,4.0,2,mid-small
2000.0,45.0,Milano,Appartamento,big,north,4.0,5,small
1300.0,60.0,Milano,Bilocale,big,north,4.0,2,small
900.0,30.0,Milano,Bilocale,big,north,4.0,2,very small
1100.0,80.0,Milano,Bilocale,big,north,4.0,2,mid-small
1400.0,65.0,Milano,Trilocale,big,north,4.0,3,small
1400.0,60.0,Milano,Bilocale,big,north,4.0,2,small
2000.0,95.0,Milano,Trilocale,big,north,4.0,3,mid-small
950.0,55.0,Milano,Bilocale,big,north,4.0,2,small
2850.0,100.0,Milano,Trilocale,big,north,4.0,3,mid
2916.0,80.0,Milano,Trilocale,big,north,1.0,3,mid-small
700.0,40.0,Milano,Monolocale,big,north,1.0,1,small
600.0,28.0,Milano,Monolocale,big,north,1.0,1,very small
1800.0,72.0,Milano,Bilocale,big,north,1.0,2,mid-small
1350.0,103.0,Milano,Trilocale,big,north,1.0,3,mid
1800.0,110.0,Milano,Trilocale,big,north,1.0,3,mid
1200.0,65.0,Milano,Bilocale,big,north,1.0,2,small
1600.0,84.0,Milano,Attico,big,north,1.0,2,mid-small
2900.0,120.0,Milano,Trilocale,big,north,1.0,3,mid
2500.0,100.0,Milano,Trilocale,big,north,1.0,3,mid
1175.0,65.0,Milano,Bilocale,big,north,1.0,2,small
1900.0,95.0,Milano,Trilocale,big,north,1.0,3,mid-small
4200.0,90.0,Milano,Trilocale,big,north,1.0,3,mid-small
1650.0,45.0,Milano,Bilocale,big,north,1.0,2,small
1700.0,60.0,Milano,Bilocale,big,north,1.0,2,small
1700.0,103.0,Milano,Trilocale,big,north,1.0,3,mid
3000.0,140.0,Milano,Quadrilocale,big,north,1.0,4,mid
2000.0,256.0,Milano,Attico,big,north,1.0,5,large
700.0,20.0,Milano,Bilocale,big,north,1.0,2,very small
3960.0,118.0,Milano,Trilocale,big,north,1.0,3,mid
1300.0,48.0,Milano,Bilocale,big,north,1.0,2,small
1250.0,81.0,Milano,Bilocale,big,north,1.0,2,mid-small
1090.0,60.0,Milano,Trilocale,big,north,1.0,3,small
1833.0,60.0,Milano,Bilocale,big,north,1.0,2,small
2500.0,167.0,Milano,Quadrilocale,big,north,4.0,4,mid
2300.0,85.0,Milano,Trilocale,big,north,4.0,3,mid-small
2833.0,90.0,Milano,Trilocale,big,north,4.0,3,mid-small
1000.0,60.0,Milano,Bilocale,big,north,4.0,2,small
690.0,23.0,Milano,Monolocale,big,north,4.0,1,very small
720.0,30.0,Milano,Monolocale,big,north,4.0,1,very small
1400.0,75.0,Milano,Bilocale,big,north,4.0,2,mid-small
1900.0,59.0,Milano,Bilocale,big,north,4.0,2,small
1450.0,46.0,Milano,Bilocale,big,north,4.0,2,small
8000.0,237.0,Milano,Quadrilocale,big,north,4.0,4,large
1150.0,52.0,Milano,Bilocale,big,north,4.0,2,small
1500.0,80.0,Milano,Bilocale,big,north,4.0,2,mid-small
600.0,50.0,Milano,Bilocale,big,north,4.0,2,small
2200.0,73.0,Milano,Monolocale,big,north,4.0,1,mid-small
2700.0,80.0,Milano,Trilocale,big,north,4.0,3,mid-small
1100.0,55.0,Milano,Bilocale,big,north,4.0,2,small
1000.0,50.0,Milano,Bilocale,big,north,4.0,2,small
1350.0,100.0,Milano,Trilocale,big,north,4.0,3,mid
4166.0,118.0,Milano,Trilocale,big,north,4.0,3,mid
2450.0,140.0,Milano,Trilocale,big,north,4.0,3,mid
8083.0,242.0,Milano,Appartamento,big,north,4.0,5,large
1350.0,55.0,Milano,Bilocale,big,north,4.0,2,small
1000.0,67.0,Milano,Bilocale,big,north,4.0,2,small
3958.0,118.0,Milano,Mansarda,big,north,4.0,4,mid
1583.0,54.0,Milano,Bilocale,big,north,4.0,2,small
1916.0,65.0,Milano,Trilocale,big,north,4.0,3,small
1150.0,55.0,Milano,Bilocale,big,north,4.0,2,small
950.0,30.0,Milano,Monolocale,big,north,4.0,1,very small
800.0,63.0,Milano,Bilocale,big,north,4.0,2,small
1050.0,48.0,Milano,Bilocale,big,north,4.0,2,small
8080.0,242.0,Milano,Appartamento,big,north,4.0,6,large
2080.0,80.0,Milano,Trilocale,big,north,4.0,3,mid-small
1270.0,50.0,Milano,Bilocale,big,north,4.0,2,small
808.0,35.0,Milano,Monolocale,big,north,4.0,1,very small
2500.0,150.0,Milano,Appartamento,big,north,4.0,5,mid
1250.0,50.0,Milano,Bilocale,big,north,4.0,2,small
3960.0,118.0,Milano,Mansarda,big,north,4.0,3,mid
850.0,37.0,Milano,Monolocale,big,north,4.0,1,very small
1600.0,85.0,Milano,Trilocale,big,north,4.0,3,mid-small
1600.0,55.0,Milano,Bilocale,big,north,4.0,2,small
2600.0,128.0,Milano,Trilocale,big,north,4.0,3,mid
8750.0,360.0,Milano,Appartamento,big,north,4.0,6,large
2500.0,90.0,Milano,Bilocale,big,north,4.0,2,mid-small
1200.0,50.0,Milano,Bilocale,big,north,4.0,2,small
2700.0,90.0,Milano,Bilocale,big,north,4.0,2,mid-small
1500.0,62.0,Milano,Bilocale,big,north,4.0,2,small
1650.0,50.0,Milano,Bilocale,big,north,4.0,2,small
1166.0,55.0,Milano,Bilocale,big,north,4.0,2,small
1700.0,130.0,Milano,Quadrilocale,big,north,0.5,4,mid
1350.0,60.0,Milano,Bilocale,big,north,0.5,2,small
4167.0,131.0,Milano,Quadrilocale,big,north,0.5,4,mid
1800.0,121.0,Milano,Appartamento,big,north,0.5,5,mid
1720.0,75.0,Milano,Trilocale,big,north,0.5,3,mid-small
1150.0,50.0,Milano,Bilocale,big,north,0.5,2,small
992.0,60.0,Milano,Bilocale,big,north,0.5,2,small
2000.0,65.0,Milano,Bilocale,big,north,0.5,2,small
1150.0,50.0,Milano,Bilocale,big,north,0.5,2,small
4500.0,153.0,Milano,Appartamento,big,north,0.5,5,mid
2000.0,58.0,Milano,Bilocale,big,north,0.5,2,small
1350.0,65.0,Milano,Bilocale,big,north,0.5,2,small
1300.0,60.0,Milano,Bilocale,big,north,0.5,2,small
1600.0,100.0,Milano,Trilocale,big,north,0.5,3,mid
1200.0,70.0,Milano,Trilocale,big,north,0.5,3,mid-small
1800.0,80.0,Milano,Loft,big,north,0.5,5,mid-small
1600.0,56.0,Milano,Bilocale,big,north,0.5,2,small
1550.0,100.0,Milano,Trilocale,big,north,0.5,3,mid
1700.0,72.0,Milano,Bilocale,big,north,0.5,2,mid-small
1100.0,55.0,Milano,Bilocale,big,north,0.5,2,small
3400.0,112.0,Milano,Trilocale,big,north,0.5,3,mid
1400.0,94.0,Milano,Quadrilocale,big,north,0.5,4,mid-small
2600.0,127.0,Milano,Bilocale,big,north,0.5,2,mid
750.0,22.0,Milano,Monolocale,big,north,0.5,1,very small
1600.0,56.0,Milano,Bilocale,big,north,0.5,2,small
2050.0,90.0,Milano,Quadrilocale,big,north,3.0,4,mid-small
1300.0,75.0,Milano,Bilocale,big,north,3.0,2,mid-small
2084.0,85.0,Milano,Trilocale,big,north,3.0,3,mid-small
800.0,44.0,Milano,Monolocale,big,north,3.0,1,small
850.0,40.0,Milano,Bilocale,big,north,3.0,2,small
850.0,58.0,Milano,Bilocale,big,north,3.0,2,small
980.0,60.0,Milano,Bilocale,big,north,3.0,2,small
1550.0,55.0,Milano,Bilocale,big,north,3.0,2,small
1150.0,55.0,Milano,Bilocale,big,north,3.0,2,small
2416.0,110.0,Milano,Trilocale,big,north,3.0,3,mid
2000.0,90.0,Milano,Trilocale,big,north,3.0,3,mid-small
1600.0,25.0,Milano,Monolocale,big,north,3.0,1,very small
900.0,30.0,Milano,Monolocale,big,north,3.0,1,very small
2083.0,80.0,Milano,Trilocale,big,north,3.0,3,mid-small
1100.0,31.0,Milano,Monolocale,big,north,3.0,1,very small
3100.0,135.0,Milano,Quadrilocale,big,north,3.0,4,mid
3100.0,135.0,Milano,Quadrilocale,big,north,3.0,4,mid
2200.0,260.0,Milano,Palazzo,big,north,3.0,5,large
1300.0,45.0,Milano,Loft,big,north,3.0,2,small
1750.0,90.0,Milano,Trilocale,big,north,3.0,3,mid-small
1916.0,72.0,Milano,Bilocale,big,north,3.0,2,mid-small
1000.0,45.0,Milano,Monolocale,big,north,3.0,1,small
2200.0,95.0,Milano,Trilocale,big,north,3.0,3,mid-small
4000.0,200.0,Milano,Attico,big,north,3.0,4,large
545.0,93.0,Milano,Trilocale,big,north,3.0,3,mid-small
1300.0,50.0,Milano,Bilocale,big,north,0.0,2,small
1500.0,55.0,Milano,Bilocale,big,north,0.0,2,small
1200.0,75.0,Milano,Trilocale,big,north,0.0,3,mid-small
1400.0,55.0,Milano,Bilocale,big,north,0.0,2,small
1250.0,50.0,Milano,Bilocale,big,north,0.0,2,small
1250.0,55.0,Milano,Bilocale,big,north,0.0,2,small
1700.0,75.0,Milano,Trilocale,big,north,0.0,3,mid-small
1050.0,45.0,Milano,Bilocale,big,north,0.0,2,small
2150.0,180.0,Milano,Villa,big,north,0.0,5,mid
1250.0,85.0,Milano,Trilocale,big,north,0.0,3,mid-small
6000.0,180.0,Milano,Quadrilocale,big,north,0.0,4,mid
750.0,38.0,Milano,Monolocale,big,north,0.0,1,very small
1500.0,60.0,Milano,Trilocale,big,north,0.0,3,small
1150.0,50.0,Milano,Bilocale,big,north,0.0,2,small
930.0,50.0,Milano,Bilocale,big,north,0.0,2,small
4000.0,200.0,Milano,Attico,big,north,0.0,4,large
1600.0,50.0,Milano,Bilocale,big,north,0.0,2,small
2180.0,55.0,Milano,Bilocale,big,north,0.0,2,small
3500.0,155.0,Milano,Appartamento,big,north,0.0,5,mid
1650.0,95.0,Milano,Trilocale,big,north,0.0,3,mid-small
1500.0,40.0,Milano,Monolocale,big,north,0.0,1,small
2900.0,80.0,Milano,Bilocale,big,north,0.0,2,mid-small
1100.0,43.0,Milano,Bilocale,big,north,0.0,2,small
3166.0,79.0,Milano,Bilocale,big,north,0.0,2,mid-small
1400.0,92.0,Milano,Bilocale,big,north,0.0,2,mid-small
1200.0,55.0,Milano,Bilocale,big,north,6.0,2,small
980.0,40.0,Milano,Bilocale,big,north,6.0,2,small
1100.0,60.0,Milano,Bilocale,big,north,6.0,2,small
2000.0,100.0,Milano,Trilocale,big,north,6.0,3,mid
1350.0,75.0,Milano,Bilocale,big,north,6.0,2,mid-small
1150.0,40.0,Milano,Bilocale,big,north,6.0,2,small
1800.0,56.0,Milano,Monolocale,big,north,6.0,1,small
1000.0,40.0,Milano,Bilocale,big,north,6.0,2,small
1400.0,55.0,Milano,Bilocale,big,north,6.0,2,small
1350.0,93.0,Milano,Trilocale,big,north,6.0,3,mid-small
1100.0,90.0,Milano,Bilocale,big,north,6.0,2,mid-small
1400.0,44.0,Milano,Bilocale,big,north,6.0,2,small
1300.0,64.0,Milano,Bilocale,big,north,6.0,2,small
2100.0,120.0,Milano,Attico,big,north,6.0,2,mid
3000.0,140.0,Milano,Trilocale,big,north,6.0,3,mid
1100.0,41.0,Milano,Bilocale,big,north,6.0,2,small
1400.0,55.0,Milano,Bilocale,big,north,6.0,2,small
2650.0,192.0,Milano,Appartamento,big,north,6.0,5,mid
1050.0,55.0,Milano,Bilocale,big,north,6.0,2,small
3300.0,121.0,Milano,Palazzo,big,north,6.0,2,mid
2180.0,64.0,Milano,Bilocale,big,north,6.0,2,small
1250.0,53.0,Milano,Bilocale,big,north,6.0,2,small
1100.0,50.0,Milano,Bilocale,big,north,6.0,2,small
1550.0,55.0,Milano,Bilocale,big,north,6.0,2,small
1800.0,60.0,Milano,Bilocale,big,north,6.0,2,small
1600.0,50.0,Milano,Bilocale,big,north,0.0,2,small
1700.0,60.0,Milano,Bilocale,big,north,0.0,2,small
1800.0,90.0,Milano,Bilocale,big,north,0.0,2,mid-small
1200.0,50.0,Milano,Loft,big,north,0.0,2,small
2000.0,133.0,Milano,Trilocale,big,north,0.0,3,mid
1000.0,55.0,Milano,Bilocale,big,north,0.0,2,small
1250.0,40.0,Milano,Bilocale,big,north,0.0,2,small
1000.0,55.0,Milano,Bilocale,big,north,0.0,2,small
1400.0,64.0,Milano,Trilocale,big,north,0.0,3,small
2800.0,120.0,Milano,Trilocale,big,north,0.0,3,mid
1600.0,55.0,Milano,Bilocale,big,north,0.0,2,small
1250.0,65.0,Milano,Bilocale,big,north,0.0,2,small
1800.0,90.0,Milano,Trilocale,big,north,0.0,3,mid-small
1000.0,59.0,Milano,Bilocale,big,north,0.0,2,small
8000.0,160.0,Milano,Quadrilocale,big,north,0.0,4,mid
3600.0,51.0,Milano,Bilocale,big,north,0.0,2,small
1350.0,50.0,Milano,Monolocale,big,north,0.0,1,small
1300.0,67.0,Milano,Bilocale,big,north,0.0,2,small
1200.0,65.0,Milano,Bilocale,big,north,0.0,2,small
1200.0,55.0,Milano,Bilocale,big,north,0.0,2,small
4167.0,132.0,Milano,Quadrilocale,big,north,0.0,4,mid
790.0,25.0,Milano,Monolocale,big,north,0.0,1,very small
900.0,25.0,Milano,Monolocale,big,north,0.0,1,very small
1100.0,35.0,Milano,Bilocale,big,north,0.0,2,very small
1700.0,100.0,Milano,Trilocale,big,north,0.0,3,mid
1200.0,55.0,Milano,Bilocale,big,north,0.0,2,small
1200.0,55.0,Milano,Bilocale,big,north,0.0,2,small
1300.0,45.0,Milano,Monolocale,big,north,0.0,1,small
2200.0,87.0,Milano,Monolocale,big,north,0.0,1,mid-small
3960.0,118.0,Milano,Mansarda,big,north,0.0,3,mid
2500.0,120.0,Milano,Quadrilocale,big,north,0.0,4,mid
2600.0,135.0,Milano,Trilocale,big,north,0.0,3,mid
3500.0,104.0,Milano,Attico,big,north,0.0,4,mid
2800.0,150.0,Milano,Appartamento,big,north,0.0,5,mid
1000.0,65.0,Milano,Bilocale,big,north,0.0,2,small
1250.0,75.0,Milano,Bilocale,big,north,0.0,2,mid-small
1100.0,45.0,Milano,Bilocale,big,north,0.0,2,small
800.0,30.0,Milano,Monolocale,big,north,0.0,1,very small
1950.0,119.0,Milano,Trilocale,big,north,0.0,3,mid
1600.0,60.0,Milano,Bilocale,big,north,0.0,2,small
1000.0,55.0,Milano,Bilocale,big,north,0.0,2,small
750.0,40.0,Milano,Bilocale,big,north,0.0,2,small
2650.0,105.0,Milano,Trilocale,big,north,0.0,3,mid
750.0,40.0,Milano,Bilocale,big,north,0.0,2,small
1300.0,75.0,Milano,Bilocale,big,north,0.0,2,mid-small
1000.0,55.0,Milano,Bilocale,big,north,0.0,2,small
850.0,35.0,Milano,Monolocale,big,north,0.0,1,very small
1100.0,45.0,Milano,Bilocale,big,north,0.0,2,small
1700.0,90.0,Milano,Trilocale,big,north,0.0,3,mid-small
1500.0,35.0,Milano,Bilocale,big,north,0.0,2,very small
1300.0,55.0,Milano,Bilocale,big,north,1.0,2,small
2000.0,55.0,Milano,Bilocale,big,north,1.0,2,small
2600.0,66.0,Milano,Bilocale,big,north,1.0,2,small
1375.0,75.0,Milano,Bilocale,big,north,1.0,2,mid-small
3300.0,100.0,Milano,Trilocale,big,north,1.0,3,mid
750.0,22.0,Milano,Monolocale,big,north,1.0,1,very small
1583.0,60.0,Milano,Attico,big,north,1.0,2,small
2084.0,70.0,Milano,Trilocale,big,north,1.0,3,mid-small
2250.0,95.0,Milano,Trilocale,big,north,1.0,3,mid-small
1750.0,90.0,Milano,Trilocale,big,north,1.0,3,mid-small
1100.0,65.0,Milano,Bilocale,big,north,1.0,2,small
1250.0,75.0,Milano,Bilocale,big,north,1.0,2,mid-small
2700.0,63.0,Milano,Bilocale,big,north,1.0,2,small
2700.0,72.0,Milano,Bilocale,big,north,1.0,2,mid-small
5300.0,134.0,Milano,Trilocale,big,north,1.0,3,mid
850.0,65.0,Milano,Bilocale,big,north,1.0,2,small
3500.0,142.0,Milano,Quadrilocale,big,north,1.0,4,mid
1700.0,90.0,Milano,Trilocale,big,north,1.0,3,mid-small
1200.0,58.0,Milano,Bilocale,big,north,1.0,2,small
1500.0,100.0,Milano,Trilocale,big,north,1.0,3,mid
650.0,20.0,Milano,Bilocale,big,north,1.0,2,very small
1600.0,80.0,Milano,Bilocale,big,north,1.0,2,mid-small
2180.0,60.0,Milano,Bilocale,big,north,1.0,2,small
8085.0,242.0,Milano,Appartamento,big,north,1.0,5,large
2350.0,130.0,Milano,Quadrilocale,big,north,1.0,4,mid
1175.0,78.0,Milano,Trilocale,big,north,1.0,3,mid-small
5830.0,185.0,Milano,Quadrilocale,big,north,1.0,4,mid
1150.0,55.0,Milano,Bilocale,big,north,1.0,2,small
1200.0,70.0,Milano,Bilocale,big,north,1.0,2,mid-small
1300.0,67.0,Milano,Bilocale,big,north,1.0,2,small
2500.0,50.0,Milano,Bilocale,big,north,1.0,2,small
3250.0,100.0,Milano,Trilocale,big,north,1.0,3,mid
900.0,40.0,Milano,Monolocale,big,north,1.0,1,small
2450.0,80.0,Milano,Bilocale,big,north,1.0,2,mid-small
5000.0,285.0,Milano,Appartamento,big,north,1.0,5,large
800.0,38.0,Milano,Monolocale,big,north,1.0,1,very small
1850.0,105.0,Milano,Trilocale,big,north,1.0,3,mid
2600.0,140.0,Milano,Quadrilocale,big,north,1.0,4,mid
1050.0,45.0,Milano,Bilocale,big,north,1.0,2,small
3166.0,79.0,Milano,Bilocale,big,north,1.0,2,mid-small
1400.0,85.0,Milano,Bilocale,big,north,1.0,2,mid-small
1100.0,65.0,Milano,Bilocale,big,north,1.0,2,small
1500.0,80.0,Milano,Bilocale,big,north,1.0,2,mid-small
2083.0,85.0,Milano,Trilocale,big,north,1.0,3,mid-small
5800.0,230.0,Milano,Appartamento,big,north,1.0,6,large
3900.0,130.0,Milano,Trilocale,big,north,1.0,3,mid
1583.0,52.0,Milano,Bilocale,big,north,1.0,2,small
1150.0,45.0,Milano,Bilocale,big,north,1.0,2,small
2000.0,70.0,Milano,Bilocale,big,north,1.0,2,mid-small
1100.0,50.0,Milano,Bilocale,big,north,1.0,2,small
2550.0,130.0,Milano,Trilocale,big,north,8.0,3,mid
750.0,35.0,Milano,Monolocale,big,north,8.0,1,very small
2200.0,65.0,Milano,Bilocale,big,north,8.0,2,small
2660.0,110.0,Milano,Quadrilocale,big,north,8.0,4,mid
2700.0,75.0,Milano,Trilocale,big,north,8.0,3,mid-small
700.0,25.0,Milano,Bilocale,big,north,8.0,2,very small
8000.0,160.0,Milano,Quadrilocale,big,north,8.0,4,mid
3750.0,135.0,Milano,Quadrilocale,big,north,8.0,4,mid
1100.0,50.0,Milano,Bilocale,big,north,8.0,2,small
3000.0,140.0,Milano,Trilocale,big,north,8.0,3,mid
1000.0,40.0,Milano,Bilocale,big,north,8.0,2,small
1320.0,81.0,Milano,Trilocale,big,north,8.0,3,mid-small
1583.0,55.0,Milano,Bilocale,big,north,8.0,2,small
2500.0,50.0,Milano,Bilocale,big,north,8.0,2,small
3500.0,105.0,Milano,Quadrilocale,big,north,8.0,4,mid
4300.0,170.0,Milano,Appartamento,big,north,8.0,5,mid
1100.0,45.0,Milano,Bilocale,big,north,8.0,2,small
950.0,36.0,Milano,Monolocale,big,north,8.0,1,very small
1750.0,58.0,Milano,Bilocale,big,north,8.0,2,small
1900.0,61.0,Milano,Bilocale,big,north,8.0,2,small
1900.0,58.0,Milano,Bilocale,big,north,8.0,2,small
1250.0,40.0,Milano,Bilocale,big,north,8.0,2,small
1100.0,70.0,Milano,Bilocale,big,north,8.0,2,mid-small
2300.0,120.0,Milano,Quadrilocale,big,north,8.0,4,mid
4500.0,154.0,Milano,Quadrilocale,big,north,8.0,4,mid
1420.0,50.0,Milano,Bilocale,big,north,1.0,2,small
3450.0,185.0,Milano,Appartamento,big,north,1.0,6,mid
1250.0,45.0,Milano,Bilocale,big,north,1.0,2,small
3000.0,180.0,Milano,Quadrilocale,big,north,1.0,4,mid
900.0,58.0,Milano,Bilocale,big,north,1.0,2,small
990.0,65.0,Milano,Bilocale,big,north,1.0,2,small
2200.0,87.0,Milano,Monolocale,big,north,1.0,1,mid-small
2085.0,85.0,Milano,Trilocale,big,north,1.0,3,mid-small
3200.0,95.0,Milano,Trilocale,big,north,1.0,3,mid-small
700.0,30.0,Milano,Monolocale,big,north,1.0,1,very small
850.0,35.0,Milano,Monolocale,big,north,1.0,1,very small
1535.0,78.0,Milano,Quadrilocale,big,north,1.0,4,mid-small
2800.0,120.0,Milano,Trilocale,big,north,1.0,3,mid
2300.0,145.0,Milano,Quadrilocale,big,north,1.0,4,mid
3000.0,103.0,Milano,Trilocale,big,north,1.0,3,mid
4450.0,130.0,Milano,Quadrilocale,big,north,1.0,4,mid
1950.0,110.0,Milano,Bilocale,big,north,1.0,2,mid
1000.0,75.0,Milano,Bilocale,big,north,1.0,2,mid-small
1300.0,69.0,Milano,Bilocale,big,north,1.0,2,small
2300.0,75.0,Milano,Trilocale,big,north,1.0,3,mid-small
1500.0,60.0,Milano,Bilocale,big,north,1.0,2,small
7500.0,250.0,Milano,Appartamento,big,north,1.0,6,large
2300.0,119.0,Milano,Quadrilocale,big,north,1.0,4,mid
2300.0,130.0,Milano,Quadrilocale,big,north,1.0,4,mid
1500.0,55.0,Milano,Bilocale,big,north,1.0,2,small
1500.0,60.0,Milano,Bilocale,big,north,0.0,2,small
1500.0,65.0,Milano,Bilocale,big,north,0.0,2,small
1950.0,60.0,Milano,Bilocale,big,north,0.0,2,small
1800.0,90.0,Milano,Quadrilocale,big,north,0.0,4,mid-small
1333.0,63.0,Milano,Bilocale,big,north,0.0,2,small
2083.0,85.0,Milano,Trilocale,big,north,0.0,3,mid-small
1750.0,50.0,Milano,Bilocale,big,north,0.0,2,small
2666.0,110.0,Milano,Trilocale,big,north,0.0,3,mid
3500.0,96.0,Milano,Trilocale,big,north,0.0,3,mid-small
2100.0,85.0,Milano,Trilocale,big,north,0.0,3,mid-small
1270.0,50.0,Milano,Attico,big,north,0.0,2,small
1950.0,60.0,Milano,Bilocale,big,north,0.0,2,small
2150.0,88.0,Milano,Quadrilocale,big,north,0.0,4,mid-small
1300.0,60.0,Milano,Bilocale,big,north,0.0,2,small
1792.0,55.0,Milano,Bilocale,big,north,0.0,2,small
1500.0,115.0,Milano,Bilocale,big,north,0.0,2,mid
620.0,40.0,Milano,Monolocale,big,north,0.0,1,small
850.0,45.0,Milano,Bilocale,big,north,0.0,2,small
1750.0,55.0,Milano,Bilocale,big,north,0.0,2,small
3150.0,65.0,Milano,Trilocale,big,north,0.0,3,small
750.0,22.0,Milano,Monolocale,big,north,0.0,1,very small
2000.0,105.0,Milano,Trilocale,big,north,0.0,3,mid
1430.0,60.0,Milano,Trilocale,big,north,2.0,3,small
2500.0,101.0,Milano,Quadrilocale,big,north,2.0,4,mid
1300.0,49.0,Milano,Bilocale,big,north,2.0,2,small
4000.0,190.0,Milano,Appartamento,big,north,2.0,6,mid
850.0,50.0,Milano,Monolocale,big,north,2.0,1,small
1930.0,100.0,Milano,Trilocale,big,north,2.0,3,mid
1950.0,50.0,Milano,Monolocale,big,north,2.0,1,small
2700.0,63.0,Milano,Bilocale,big,north,2.0,2,small
1450.0,60.0,Milano,Bilocale,big,north,2.0,2,small
1850.0,95.0,Milano,Bilocale,big,north,2.0,2,mid-small
2700.0,60.0,Milano,Loft,big,north,2.0,3,small
2085.0,85.0,Milano,Trilocale,big,north,2.0,3,mid-small
2085.0,85.0,Milano,Trilocale,big,north,2.0,3,mid-small
2800.0,230.0,Milano,Appartamento,big,north,2.0,6,large
1980.0,133.0,Milano,Trilocale,big,north,2.0,3,mid
1400.0,75.0,Milano,Bilocale,big,north,2.0,2,mid-small
780.0,38.0,Milano,Monolocale,big,north,2.0,1,very small
1400.0,65.0,Milano,Bilocale,big,north,2.0,2,small
1800.0,90.0,Milano,Trilocale,big,north,2.0,3,mid-small
1250.0,53.0,Milano,Bilocale,big,north,2.0,2,small
1500.0,75.0,Milano,Bilocale,big,north,2.0,2,mid-small
3000.0,75.0,Milano,Bilocale,big,north,2.0,2,mid-small
1960.0,115.0,Milano,Trilocale,big,north,2.0,3,mid
1200.0,65.0,Milano,Bilocale,big,north,2.0,2,small
1600.0,52.0,Milano,Bilocale,big,north,2.0,2,small
5000.0,238.0,Milano,Appartamento,big,north,2.0,5,large
1750.0,75.0,Milano,Trilocale,big,north,2.0,3,mid-small
2500.0,123.0,Milano,Trilocale,big,north,2.0,3,mid
1200.0,48.0,Milano,Bilocale,big,north,2.0,2,small
6000.0,180.0,Milano,Quadrilocale,big,north,2.0,4,mid
1100.0,65.0,Milano,Bilocale,big,north,2.0,2,small
900.0,60.0,Milano,Bilocale,big,north,2.0,2,small
1100.0,65.0,Milano,Bilocale,big,north,2.0,2,small
1000.0,50.0,Milano,Bilocale,big,north,2.0,2,small
3100.0,80.0,Milano,Bilocale,big,north,2.0,2,mid-small
1750.0,130.0,Milano,Quadrilocale,big,north,2.0,4,mid
1100.0,52.0,Milano,Bilocale,big,north,2.0,2,small
1300.0,45.0,Milano,Bilocale,big,north,2.0,2,small
1417.0,45.0,Milano,Mansarda,big,north,2.0,2,small
850.0,40.0,Milano,Monolocale,big,north,2.0,1,small
1200.0,55.0,Milano,Bilocale,big,north,2.0,2,small
1950.0,50.0,Milano,Bilocale,big,north,2.0,2,small
1600.0,80.0,Milano,Trilocale,big,north,2.0,3,mid-small
750.0,50.0,Milano,Bilocale,big,north,2.0,2,small
2500.0,115.0,Milano,Loft,big,north,2.0,3,mid
1280.0,65.0,Milano,Bilocale,big,north,2.0,2,small
900.0,52.0,Milano,Bilocale,big,north,2.0,2,small
2100.0,100.0,Milano,Bilocale,big,north,2.0,2,mid
1096.0,45.0,Milano,Bilocale,big,north,2.0,2,small
1500.0,106.0,Milano,Trilocale,big,north,6.0,3,mid
3750.0,150.0,Milano,Quadrilocale,big,north,6.0,4,mid
700.0,40.0,Milano,Monolocale,big,north,6.0,1,small
1200.0,100.0,Milano,Loft,big,north,6.0,3,mid
1250.0,45.0,Milano,Bilocale,big,north,6.0,2,small
1750.0,90.0,Milano,Trilocale,big,north,6.0,3,mid-small
850.0,45.0,Milano,Bilocale,big,north,6.0,2,small
1700.0,105.0,Milano,Appartamento,big,north,6.0,5,mid
740.0,25.0,Milano,Monolocale,big,north,6.0,1,very small
1942.0,157.0,Milano,Trilocale,big,north,6.0,3,mid
2166.0,95.0,Milano,Trilocale,big,north,6.0,3,mid-small
3500.0,120.0,Milano,Trilocale,big,north,6.0,3,mid
1000.0,42.0,Milano,Bilocale,big,north,6.0,2,small
1350.0,85.0,Milano,Bilocale,big,north,6.0,2,mid-small
1500.0,87.0,Milano,Trilocale,big,north,6.0,3,mid-small
1050.0,68.0,Milano,Bilocale,big,north,6.0,2,small
1400.0,92.0,Milano,Bilocale,big,north,6.0,2,mid-small
1500.0,52.0,Milano,Bilocale,big,north,6.0,2,small
2167.0,95.0,Milano,Trilocale,big,north,6.0,3,mid-small
1750.0,45.0,Milano,Bilocale,big,north,6.0,2,small
1334.0,55.0,Milano,Bilocale,big,north,6.0,2,small
1167.0,65.0,Milano,Bilocale,big,north,6.0,2,small
1850.0,65.0,Milano,Bilocale,big,north,6.0,2,small
1950.0,40.0,Milano,Bilocale,big,north,6.0,2,small
1300.0,50.0,Milano,Bilocale,big,north,6.0,2,small
1250.0,55.0,Milano,Bilocale,big,north,7.0,2,small
1300.0,100.0,Milano,Trilocale,big,north,7.0,3,mid
2650.0,80.0,Milano,Trilocale,big,north,7.0,3,mid-small
2300.0,65.0,Milano,Bilocale,big,north,7.0,2,small
1500.0,60.0,Milano,Trilocale,big,north,7.0,3,small
2084.0,70.0,Milano,Trilocale,big,north,7.0,3,mid-small
1600.0,50.0,Milano,Bilocale,big,north,7.0,2,small
2000.0,70.0,Milano,Bilocale,big,north,7.0,2,mid-small
1200.0,65.0,Milano,Bilocale,big,north,7.0,2,small
900.0,63.0,Milano,Bilocale,big,north,7.0,2,small
1600.0,75.0,Milano,Bilocale,big,north,7.0,2,mid-small
850.0,40.0,Milano,Bilocale,big,north,7.0,2,small
1600.0,55.0,Milano,Bilocale,big,north,7.0,2,small
1600.0,94.0,Milano,Trilocale,big,north,7.0,3,mid-small
2150.0,90.0,Milano,Trilocale,big,north,7.0,3,mid-small
1200.0,78.0,Milano,Trilocale,big,north,7.0,3,mid-small
1100.0,60.0,Milano,Bilocale,big,north,7.0,2,small
900.0,40.0,Milano,Bilocale,big,north,7.0,2,small
1950.0,100.0,Milano,Trilocale,big,north,7.0,3,mid
1550.0,85.0,Milano,Trilocale,big,north,7.0,3,mid-small
2200.0,73.0,Milano,Monolocale,big,north,7.0,1,mid-small
1917.0,90.0,Milano,Trilocale,big,north,7.0,3,mid-small
1200.0,70.0,Milano,Trilocale,big,north,7.0,3,mid-small
2415.0,110.0,Milano,Trilocale,big,north,7.0,3,mid
2700.0,161.0,Roma,Attico,big,center,4.0,4,mid
4300.0,220.0,Roma,Appartamento,big,center,4.0,6,large
2700.0,130.0,Roma,Quadrilocale,big,center,4.0,4,mid
3300.0,100.0,Roma,Trilocale,big,center,4.0,3,mid
2150.0,210.0,Roma,Appartamento,big,center,4.0,5,large
1900.0,141.0,Roma,Appartamento,big,center,4.0,5,mid
3000.0,160.0,Roma,Attico,big,center,4.0,3,mid
2400.0,162.0,Roma,Appartamento,big,center,4.0,6,mid
1850.0,80.0,Roma,Trilocale,big,center,4.0,3,mid-small
7000.0,336.0,Roma,Appartamento,big,center,4.0,6,large
1600.0,130.0,Roma,Quadrilocale,big,center,4.0,4,mid
2500.0,160.0,Roma,Appartamento,big,center,4.0,5,mid
4600.0,246.0,Roma,Appartamento,big,center,4.0,6,large
1800.0,80.0,Roma,Trilocale,big,center,4.0,3,mid-small
3200.0,150.0,Roma,Quadrilocale,big,center,4.0,4,mid
850.0,62.0,Roma,Trilocale,big,center,4.0,3,small
850.0,51.0,Roma,Appartamento,big,center,4.0,2,small
8300.0,350.0,Roma,Attico,big,center,4.0,6,large
2200.0,90.0,Roma,Trilocale,big,center,4.0,3,mid-small
5200.0,261.0,Roma,Appartamento,big,center,4.0,6,large
2200.0,165.0,Roma,Attico,big,center,4.0,4,mid
6500.0,185.0,Roma,Villa,big,center,4.0,4,mid
2300.0,198.0,Roma,Appartamento,big,center,4.0,5,mid
9500.0,330.0,Roma,Appartamento,big,center,4.0,6,large
4200.0,280.0,Roma,Appartamento,big,center,4.0,6,large
2200.0,110.0,Roma,Trilocale,big,center,2.0,3,mid
2400.0,186.0,Roma,Appartamento,big,center,2.0,5,mid
1700.0,138.0,Roma,Appartamento,big,center,2.0,5,mid
6700.0,322.0,Roma,Appartamento,big,center,2.0,6,large
1650.0,85.0,Roma,Trilocale,big,center,2.0,3,mid-small
2900.0,130.0,Roma,Quadrilocale,big,center,2.0,4,mid
900.0,50.0,Roma,Loft,big,center,2.0,2,small
1500.0,105.0,Roma,Quadrilocale,big,center,2.0,4,mid
9500.0,330.0,Roma,Appartamento,big,center,2.0,6,large
3000.0,300.0,Roma,Villa,big,center,2.0,6,large
1300.0,65.0,Roma,Trilocale,big,center,2.0,3,small
8500.0,191.0,Roma,Attico,big,center,2.0,6,mid
2500.0,115.0,Roma,Quadrilocale,big,center,2.0,4,mid
9500.0,330.0,Roma,Attico,big,center,2.0,6,large
1400.0,90.0,Roma,Trilocale,big,center,2.0,3,mid-small
9500.0,415.0,Roma,Appartamento,big,center,2.0,6,very large
1600.0,86.0,Roma,Attico,big,center,2.0,3,mid-small
3750.0,103.0,Roma,Bilocale,big,center,2.0,2,mid
5200.0,510.0,Roma,Villa,big,center,2.0,6,very large
1600.0,240.0,Roma,Appartamento,big,center,2.0,6,large
5500.0,280.0,Roma,Appartamento,big,center,2.0,5,large
950.0,50.0,Roma,Bilocale,big,center,2.0,2,small
3900.0,50.0,Roma,Bilocale,big,center,2.0,2,small
3200.0,50.0,Roma,Trilocale,big,center,2.0,3,small
2300.0,90.0,Roma,Trilocale,big,center,2.0,3,mid-small
1390.0,105.0,Roma,Appartamento,big,center,3.0,6,mid
2500.0,160.0,Roma,Quadrilocale,big,center,3.0,4,mid
1300.0,75.0,Roma,Bilocale,big,center,3.0,2,mid-small
2200.0,130.0,Roma,Attico,big,center,3.0,3,mid
3200.0,240.0,Roma,Appartamento,big,center,3.0,6,large
4000.0,200.0,Roma,Appartamento,big,center,3.0,6,large
2200.0,80.0,Roma,Bilocale,big,center,3.0,2,mid-small
950.0,92.0,Roma,Bilocale,big,center,3.0,2,mid-small
2400.0,166.0,Roma,Quadrilocale,big,center,3.0,4,mid
5000.0,396.0,Roma,Villa,big,center,3.0,6,large
1100.0,50.0,Roma,Bilocale,big,center,3.0,2,small
1650.0,201.0,Roma,Attico,big,center,3.0,5,large
700.0,38.0,Roma,Monolocale,big,center,3.0,1,very small
1350.0,789.0,Roma,Villa,big,center,3.0,6,very large
3800.0,250.0,Roma,Appartamento,big,center,3.0,5,large
1100.0,169.0,Roma,Attico,big,center,3.0,6,mid
2300.0,600.0,Roma,Palazzo,big,center,3.0,6,very large
1800.0,75.0,Roma,Bilocale,big,center,3.0,2,mid-small
1500.0,140.0,Roma,Attico,big,center,3.0,3,mid
2400.0,180.0,Roma,Appartamento,big,center,3.0,5,mid
4500.0,180.0,Roma,Attico,big,center,3.0,5,mid
1900.0,140.0,Roma,Quadrilocale,big,center,3.0,4,mid
1200.0,91.0,Roma,Quadrilocale,big,center,1.0,4,mid-small
1100.0,70.0,Roma,Bilocale,big,center,1.0,2,mid-small
1700.0,97.0,Roma,Quadrilocale,big,center,1.0,4,mid-small
2200.0,132.0,Roma,Attico,big,center,1.0,3,mid
5000.0,156.0,Roma,Appartamento,big,center,1.0,6,mid
2100.0,120.0,Roma,Quadrilocale,big,center,1.0,4,mid
2100.0,90.0,Roma,Trilocale,big,center,1.0,3,mid-small
850.0,30.0,Roma,Bilocale,big,center,1.0,2,very small
900.0,78.0,Roma,Bilocale,big,center,1.0,2,mid-small
3000.0,434.0,Roma,Villa,big,center,1.0,4,very large
6500.0,415.0,Roma,Villa,big,center,1.0,6,very large
2300.0,112.0,Roma,Trilocale,big,center,1.0,3,mid
1250.0,93.0,Roma,Trilocale,big,center,1.0,3,mid-small
5200.0,266.0,Roma,Appartamento,big,center,1.0,6,large
1400.0,130.0,Roma,Quadrilocale,big,center,1.0,4,mid
1000.0,62.0,Roma,Bilocale,big,center,1.0,2,small
3500.0,180.0,Roma,Appartamento,big,center,1.0,6,mid
4900.0,276.0,Roma,Attico,big,center,1.0,6,large
2400.0,194.0,Roma,Attico,big,center,1.0,6,mid
1800.0,133.0,Roma,Quadrilocale,big,center,1.0,4,mid
3800.0,240.0,Roma,Villa,big,center,1.0,6,large
1200.0,40.0,Roma,Bilocale,big,center,1.0,2,small
850.0,73.0,Roma,Bilocale,big,center,1.0,2,mid-small
4500.0,235.0,Roma,Attico,big,center,1.0,6,large
1000.0,150.0,Roma,Attico,big,center,5.0,3,mid
3500.0,300.0,Roma,Villa,big,center,5.0,6,large
2700.0,105.0,Roma,Trilocale,big,center,5.0,3,mid
600.0,66.0,Roma,Bilocale,big,center,5.0,2,small
3000.0,228.0,Roma,Trilocale,big,center,5.0,3,large
4500.0,250.0,Roma,Appartamento,big,center,5.0,6,large
4000.0,250.0,Roma,Attico,big,center,5.0,6,large
2400.0,135.0,Roma,Trilocale,big,center,5.0,3,mid
1550.0,50.0,Roma,Bilocale,big,center,5.0,2,small
1300.0,120.0,Roma,Attico,big,center,5.0,4,mid
2850.0,172.0,Roma,Appartamento,big,center,5.0,6,mid
2150.0,81.0,Roma,Trilocale,big,center,5.0,3,mid-small
3200.0,160.0,Roma,Appartamento,big,center,5.0,5,mid
900.0,80.0,Roma,Bilocale,big,center,5.0,2,mid-small
4500.0,240.0,Roma,Attico,big,center,5.0,6,large
2800.0,191.0,Roma,Appartamento,big,center,5.0,6,mid
1750.0,60.0,Roma,Bilocale,big,center,5.0,2,small
2600.0,124.0,Roma,Attico,big,center,5.0,4,mid
7500.0,130.0,Roma,Bilocale,big,center,5.0,2,mid
2300.0,140.0,Roma,Quadrilocale,big,center,5.0,4,mid
2800.0,200.0,Roma,Appartamento,big,center,5.0,6,large
2500.0,100.0,Roma,Bilocale,big,center,5.0,2,mid
1100.0,95.0,Roma,Bilocale,big,center,5.0,2,mid-small
950.0,70.0,Roma,Bilocale,big,center,5.0,2,mid-small
900.0,100.0,Roma,Trilocale,big,center,2.0,3,mid
1400.0,65.0,Roma,Attico,big,center,2.0,2,small
1600.0,71.0,Roma,Bilocale,big,center,2.0,2,mid-small
1550.0,100.0,Roma,Open space,big,center,2.0,3,mid
3600.0,220.0,Roma,Appartamento,big,center,2.0,6,large
2200.0,132.0,Roma,Quadrilocale,big,center,2.0,4,mid
950.0,70.0,Roma,Bilocale,big,center,2.0,2,mid-small
2300.0,83.0,Roma,Trilocale,big,center,2.0,3,mid-small
950.0,38.0,Roma,Bilocale,big,center,2.0,2,very small
1100.0,65.0,Roma,Attico,big,center,2.0,2,small
1100.0,116.0,Roma,Trilocale,big,center,2.0,3,mid
950.0,60.0,Roma,Bilocale,big,center,2.0,2,small
900.0,70.0,Roma,Bilocale,big,center,2.0,2,mid-small
800.0,50.0,Roma,Bilocale,big,center,2.0,2,small
4000.0,251.0,Roma,Attico,big,center,2.0,6,large
2200.0,131.0,Roma,Quadrilocale,big,center,2.0,4,mid
1250.0,119.0,Roma,Quadrilocale,big,center,2.0,4,mid
1400.0,60.0,Roma,Bilocale,big,center,2.0,2,small
1000.0,70.0,Roma,Trilocale,big,center,2.0,3,mid-small
650.0,25.0,Roma,Monolocale,big,center,2.0,1,very small
3500.0,219.0,Roma,Attico,big,center,2.0,5,large
2600.0,160.0,Roma,Attico,big,center,2.0,5,mid
3500.0,100.0,Roma,Appartamento,big,center,2.0,6,mid
1200.0,50.0,Roma,Bilocale,big,center,2.0,2,small
950.0,68.0,Roma,Bilocale,big,center,2.0,2,small
2100.0,135.0,Roma,Quadrilocale,big,center,2.0,4,mid
6500.0,250.0,Roma,Villa,big,center,2.0,5,large
1000.0,100.0,Roma,Trilocale,big,center,2.0,3,mid
4500.0,230.0,Roma,Quadrilocale,big,center,2.0,4,large
700.0,50.0,Roma,Bilocale,big,center,2.0,2,small
1100.0,360.0,Roma,Trilocale,big,center,2.0,3,large
800.0,45.0,Roma,Bilocale,big,center,2.0,2,small
570.0,40.0,Roma,Bilocale,big,center,2.0,2,small
7000.0,300.0,Roma,Attico,big,center,2.0,5,large
800.0,45.0,Roma,Bilocale,big,center,2.0,2,small
2400.0,160.0,Roma,Appartamento,big,center,2.0,5,mid
800.0,65.0,Roma,Bilocale,big,center,2.0,2,small
1200.0,85.0,Roma,Trilocale,big,center,2.0,3,mid-small
1100.0,70.0,Roma,Bilocale,big,center,2.0,2,mid-small
3000.0,638.0,Roma,Villa,big,center,2.0,6,very large
2800.0,150.0,Roma,Appartamento,big,center,2.0,5,mid
900.0,80.0,Roma,Trilocale,big,center,2.0,3,mid-small
2600.0,180.0,Roma,Attico,big,center,2.0,5,mid
600.0,45.0,Roma,Bilocale,big,center,2.0,2,small
900.0,190.0,Roma,Appartamento,big,center,2.0,6,mid
3700.0,210.0,Roma,Attico,big,center,2.0,6,large
1400.0,311.0,Roma,Appartamento,big,center,2.0,6,large
950.0,103.0,Roma,Trilocale,big,center,2.0,3,mid
1600.0,135.0,Roma,Quadrilocale,big,center,2.0,4,mid
1850.0,55.0,Roma,Bilocale,big,center,2.0,2,small
1200.0,75.0,Roma,Trilocale,big,center,2.0,3,mid-small
1200.0,75.0,Roma,Trilocale,big,center,2.0,3,mid-small
1000.0,85.0,Roma,Trilocale,big,center,2.0,3,mid-small
1080.0,90.0,Roma,Trilocale,big,center,2.0,3,mid-small
3700.0,240.0,Roma,Appartamento,big,center,2.0,6,large
1550.0,110.0,Roma,Appartamento,big,center,2.0,5,mid
2200.0,145.0,Roma,Trilocale,big,center,2.0,3,mid
1400.0,63.0,Roma,Attico,big,center,2.0,2,small
2000.0,179.0,Roma,Quadrilocale,big,center,2.0,4,mid
2000.0,130.0,Roma,Appartamento,big,center,2.0,5,mid
1650.0,100.0,Roma,Attico,big,center,2.0,3,mid
1100.0,65.0,Roma,Bilocale,big,center,2.0,2,small
1250.0,82.0,Roma,Trilocale,big,center,2.0,3,mid-small
900.0,30.0,Roma,Monolocale,big,center,2.0,1,very small
3500.0,230.0,Roma,Appartamento,big,center,2.0,6,large
800.0,30.0,Roma,Monolocale,big,center,2.0,1,very small
1250.0,95.0,Roma,Trilocale,big,center,2.0,3,mid-small
1700.0,80.0,Roma,Trilocale,big,center,2.0,3,mid-small
900.0,80.0,Roma,Trilocale,big,center,2.0,3,mid-small
5000.0,173.0,Roma,Attico,big,center,2.0,5,mid
1600.0,150.0,Roma,Quadrilocale,big,center,2.0,4,mid
750.0,125.0,Roma,Trilocale,big,center,1.0,3,mid
3500.0,250.0,Roma,Appartamento,big,center,1.0,6,large
1000.0,70.0,Roma,Bilocale,big,center,1.0,2,mid-small
3000.0,300.0,Roma,Villa,big,center,1.0,6,large
4500.0,302.0,Roma,Appartamento,big,center,1.0,6,large
2500.0,120.0,Roma,Trilocale,big,center,1.0,3,mid
1500.0,440.0,Roma,Appartamento,big,center,1.0,6,very large
750.0,22.0,Roma,Monolocale,big,center,1.0,1,very small
4500.0,220.0,Roma,Attico,big,center,1.0,6,large
650.0,30.0,Roma,Monolocale,big,center,1.0,1,very small
600.0,30.0,Roma,Monolocale,big,center,1.0,1,very small
750.0,60.0,Roma,Bilocale,big,center,1.0,2,small
650.0,50.0,Roma,Bilocale,big,center,1.0,2,small
950.0,40.0,Roma,Bilocale,big,center,1.0,2,small
480.0,27.0,Roma,Monolocale,big,center,1.0,1,very small
650.0,30.0,Roma,Monolocale,big,center,1.0,1,very small
700.0,87.0,Roma,Quadrilocale,big,center,1.0,4,mid-small
670.0,45.0,Roma,Bilocale,big,center,1.0,2,small
500.0,30.0,Roma,Monolocale,big,center,1.0,1,very small
700.0,45.0,Roma,Bilocale,big,center,1.0,2,small
650.0,50.0,Roma,Bilocale,big,center,1.0,2,small
750.0,70.0,Roma,Bilocale,big,center,1.0,2,mid-small
400.0,20.0,Roma,Monolocale,big,center,1.0,1,very small
750.0,22.0,Roma,Monolocale,big,center,1.0,1,very small
650.0,30.0,Roma,Monolocale,big,center,1.0,1,very small
600.0,30.0,Roma,Monolocale,big,center,0.0,1,very small
700.0,30.0,Roma,Monolocale,big,center,0.0,1,very small
700.0,50.0,Roma,Bilocale,big,center,0.0,2,small
550.0,38.0,Roma,Bilocale,big,center,0.0,2,very small
700.0,30.0,Roma,Monolocale,big,center,0.0,1,very small
400.0,20.0,Roma,Monolocale,big,center,0.0,1,very small
500.0,35.0,Roma,Monolocale,big,center,0.0,1,very small
480.0,27.0,Roma,Monolocale,big,center,0.0,1,very small
750.0,22.0,Roma,Monolocale,big,center,0.0,1,very small
450.0,45.0,Roma,Bilocale,big,center,0.0,2,small
650.0,30.0,Roma,Monolocale,big,center,0.0,1,very small
700.0,87.0,Roma,Quadrilocale,big,center,0.0,4,mid-small
850.0,22.0,Roma,Monolocale,big,center,0.0,1,very small
580.0,45.0,Roma,Monolocale,big,center,0.0,1,small
1300.0,110.0,Roma,Quadrilocale,big,center,0.0,4,mid
1100.0,50.0,Roma,Bilocale,big,center,0.0,2,small
1300.0,90.0,Roma,Trilocale,big,center,0.0,3,mid-small
1600.0,154.0,Roma,Attico,big,center,0.0,5,mid
1200.0,100.0,Roma,Appartamento,big,center,0.0,5,mid
850.0,58.0,Roma,Bilocale,big,center,0.0,2,small
6300.0,135.0,Roma,Attico,big,center,0.0,3,mid
750.0,90.0,Roma,Trilocale,big,center,0.0,3,mid-small
700.0,85.0,Roma,Trilocale,big,center,0.0,3,mid-small
4000.0,190.0,Roma,Appartamento,big,center,0.0,5,mid
800.0,65.0,Roma,Trilocale,big,center,0.0,3,small
1100.0,110.0,Roma,Quadrilocale,big,center,2.0,4,mid
950.0,95.0,Roma,Trilocale,big,center,2.0,3,mid-small
1600.0,70.0,Roma,Trilocale,big,center,2.0,3,mid-small
899.0,65.0,Roma,Trilocale,big,center,2.0,3,small
1500.0,153.0,Roma,Quadrilocale,big,center,2.0,4,mid
2500.0,100.0,Roma,Quadrilocale,big,center,2.0,4,mid
1350.0,75.0,Roma,Bilocale,big,center,2.0,2,mid-small
1200.0,145.0,Roma,Quadrilocale,big,center,2.0,4,mid
1500.0,156.0,Roma,Quadrilocale,big,center,2.0,4,mid
2800.0,102.0,Roma,Trilocale,big,center,2.0,3,mid
1450.0,101.0,Roma,Quadrilocale,big,center,2.0,4,mid
1800.0,118.0,Roma,Quadrilocale,big,center,2.0,4,mid
1900.0,130.0,Roma,Quadrilocale,big,center,2.0,4,mid
3410.0,25.0,Roma,Monolocale,big,center,2.0,1,very small
1100.0,105.0,Roma,Trilocale,big,center,2.0,3,mid
950.0,38.0,Roma,Bilocale,big,center,2.0,2,very small
990.0,54.0,Roma,Bilocale,big,center,2.0,2,small
650.0,40.0,Roma,Monolocale,big,center,2.0,1,small
3300.0,70.0,Roma,Attico,big,center,2.0,3,mid-small
1700.0,171.0,Roma,Attico,big,center,2.0,5,mid
1250.0,85.0,Roma,Trilocale,big,center,2.0,3,mid-small
700.0,30.0,Roma,Monolocale,big,center,2.0,1,very small
1200.0,50.0,Roma,Trilocale,big,center,2.0,3,small
5800.0,380.0,Roma,Appartamento,big,center,2.0,6,large
7000.0,130.0,Roma,Quadrilocale,big,center,2.0,4,mid
1300.0,86.0,Roma,Quadrilocale,big,center,1.0,4,mid-small
2200.0,195.0,Roma,Appartamento,big,center,1.0,6,mid
1550.0,128.0,Roma,Quadrilocale,big,center,1.0,4,mid
1080.0,70.0,Roma,Trilocale,big,center,1.0,3,mid-small
1450.0,150.0,Roma,Attico,big,center,1.0,5,mid
2500.0,182.0,Roma,Quadrilocale,big,center,1.0,4,mid
930.0,83.0,Roma,Trilocale,big,center,1.0,3,mid-small
1200.0,59.0,Roma,Bilocale,big,center,1.0,2,small
1150.0,105.0,Roma,Trilocale,big,center,1.0,3,mid
2300.0,175.0,Roma,Quadrilocale,big,center,1.0,4,mid
1500.0,80.0,Roma,Trilocale,big,center,1.0,3,mid-small
6000.0,250.0,Roma,Appartamento,big,center,1.0,5,large
1600.0,140.0,Roma,Quadrilocale,big,center,1.0,4,mid
1350.0,101.0,Roma,Trilocale,big,center,1.0,3,mid
1650.0,100.0,Roma,Attico,big,center,1.0,4,mid
3500.0,160.0,Roma,Trilocale,big,center,1.0,3,mid
4800.0,230.0,Roma,Attico,big,center,1.0,6,large
1300.0,100.0,Roma,Trilocale,big,center,1.0,3,mid
4750.0,265.0,Roma,Attico,big,center,1.0,6,large
700.0,50.0,Roma,Bilocale,big,center,1.0,2,small
450.0,45.0,Roma,Bilocale,big,center,1.0,2,small
2400.0,180.0,Roma,Appartamento,big,center,1.0,5,mid
1800.0,80.0,Roma,Attico,big,center,6.0,3,mid-small
960.0,60.0,Roma,Bilocale,big,center,6.0,2,small
9000.0,332.0,Roma,Appartamento,big,center,6.0,6,large
1200.0,120.0,Roma,Appartamento,big,center,6.0,5,mid
2500.0,380.0,Roma,Villa,big,center,6.0,6,large
1950.0,117.0,Roma,Trilocale,big,center,6.0,3,mid
4000.0,190.0,Roma,Attico,big,center,6.0,5,mid
4000.0,230.0,Roma,Appartamento,big,center,6.0,6,large
800.0,44.0,Roma,Monolocale,big,center,6.0,1,small
2000.0,100.0,Roma,Palazzo,big,center,6.0,2,mid
1980.0,85.0,Roma,Bilocale,big,center,6.0,2,mid-small
650.0,30.0,Roma,Monolocale,big,center,6.0,1,very small
650.0,50.0,Roma,Bilocale,big,center,6.0,2,small
750.0,22.0,Roma,Monolocale,big,center,6.0,1,very small
750.0,40.0,Roma,Bilocale,big,center,6.0,2,small
570.0,40.0,Roma,Bilocale,big,center,6.0,2,small
800.0,45.0,Roma,Bilocale,big,center,6.0,2,small
750.0,85.0,Roma,Quadrilocale,big,center,6.0,4,mid-small
500.0,35.0,Roma,Monolocale,big,center,6.0,1,very small
570.0,40.0,Roma,Bilocale,big,center,6.0,2,small
550.0,40.0,Roma,Bilocale,big,center,6.0,2,small
750.0,85.0,Roma,Quadrilocale,big,center,6.0,4,mid-small
1100.0,75.0,Roma,Trilocale,big,center,6.0,3,mid-small
850.0,70.0,Roma,Bilocale,big,center,6.0,2,mid-small
750.0,60.0,Roma,Bilocale,big,center,6.0,2,small
650.0,45.0,Roma,Bilocale,big,center,1.0,2,small
550.0,30.0,Roma,Bilocale,big,center,1.0,2,very small
850.0,22.0,Roma,Monolocale,big,center,1.0,1,very small
500.0,30.0,Roma,Monolocale,big,center,1.0,1,very small
620.0,50.0,Roma,Trilocale,big,center,1.0,3,small
750.0,85.0,Roma,Trilocale,big,center,1.0,3,mid-small
750.0,51.0,Roma,Bilocale,big,center,1.0,2,small
500.0,22.0,Roma,Monolocale,big,center,1.0,1,very small
750.0,60.0,Roma,Bilocale,big,center,1.0,2,small
600.0,35.0,Roma,Bilocale,big,center,1.0,2,very small
1550.0,90.0,Roma,Quadrilocale,big,center,1.0,4,mid-small
850.0,70.0,Roma,Bilocale,big,center,1.0,2,mid-small
650.0,30.0,Roma,Monolocale,big,center,1.0,1,very small
450.0,45.0,Roma,Bilocale,big,center,1.0,2,small
650.0,30.0,Roma,Monolocale,big,center,1.0,1,very small
500.0,35.0,Roma,Bilocale,big,center,1.0,2,very small
750.0,60.0,Roma,Bilocale,big,center,1.0,2,small
780.0,50.0,Roma,Bilocale,big,center,1.0,2,small
650.0,30.0,Roma,Monolocale,big,center,1.0,1,very small
750.0,35.0,Roma,Monolocale,big,center,1.0,1,very small
2000.0,240.0,Roma,Casale,big,center,1.0,5,large
620.0,45.0,Roma,Bilocale,big,center,1.0,2,small
400.0,25.0,Roma,Monolocale,big,center,1.0,1,very small
2500.0,130.0,Roma,Appartamento,big,center,1.0,6,mid
950.0,70.0,Roma,Bilocale,big,center,1.0,2,mid-small
720.0,83.0,Roma,Trilocale,big,center,1.0,3,mid-small
700.0,45.0,Roma,Bilocale,big,center,1.0,2,small
1300.0,177.0,Roma,Appartamento,big,center,1.0,5,mid
650.0,22.0,Roma,Monolocale,big,center,1.0,1,very small
500.0,35.0,Roma,Bilocale,big,center,1.0,2,very small
450.0,45.0,Roma,Bilocale,big,center,1.0,2,small
750.0,25.0,Roma,Monolocale,big,center,1.0,1,very small
450.0,25.0,Roma,Monolocale,big,center,1.0,1,very small
650.0,65.0,Roma,Bilocale,big,center,1.0,2,small
700.0,37.0,Roma,Monolocale,big,center,1.0,1,very small
550.0,50.0,Roma,Bilocale,big,center,1.0,2,small
650.0,50.0,Roma,Bilocale,big,center,1.0,2,small
700.0,87.0,Roma,Quadrilocale,big,center,1.0,4,mid-small
650.0,35.0,Roma,Monolocale,big,center,1.0,1,very small
2490.0,75.0,Roma,Quadrilocale,big,center,1.0,4,mid-small
1800.0,154.0,Roma,Attico,big,center,1.0,4,mid
4500.0,160.0,Roma,Quadrilocale,big,center,1.0,4,mid
900.0,64.0,Roma,Bilocale,big,center,1.0,2,small
1500.0,161.0,Roma,Trilocale,big,center,1.0,3,mid
1400.0,106.0,Roma,Trilocale,big,center,1.0,3,mid
3300.0,70.0,Roma,Bilocale,big,center,1.0,2,mid-small
7800.0,650.0,Roma,Villa,big,center,1.0,6,very large
7000.0,250.0,Roma,Appartamento,big,center,1.0,6,large
2700.0,110.0,Roma,Bilocale,big,center,2.0,2,mid
1900.0,111.0,Roma,Trilocale,big,center,2.0,3,mid
1000.0,230.0,Roma,Appartamento,big,center,2.0,6,large
1000.0,95.0,Roma,Bilocale,big,center,2.0,2,mid-small
1650.0,119.0,Roma,Trilocale,big,center,2.0,3,mid
2650.0,55.0,Roma,Bilocale,big,center,2.0,2,small
1700.0,150.0,Roma,Appartamento,big,center,2.0,5,mid
2750.0,110.0,Roma,Trilocale,big,center,2.0,3,mid
2200.0,68.0,Roma,Trilocale,big,center,2.0,3,small
1900.0,55.0,Roma,Bilocale,big,center,2.0,2,small
780.0,67.0,Roma,Bilocale,big,center,2.0,2,small
3000.0,145.0,Roma,Appartamento,big,center,2.0,5,mid
3900.0,200.0,Roma,Appartamento,big,center,2.0,5,large
7100.0,330.0,Roma,Appartamento,big,center,2.0,6,large
2400.0,80.0,Roma,Bilocale,big,center,2.0,2,mid-small
1000.0,200.0,Roma,Appartamento,big,center,2.0,6,large
3000.0,190.0,Roma,Appartamento,big,center,2.0,6,mid
1400.0,128.0,Roma,Trilocale,big,center,2.0,3,mid
1800.0,121.0,Roma,Trilocale,big,center,2.0,3,mid
1700.0,158.0,Roma,Trilocale,big,center,2.0,3,mid
2200.0,100.0,Roma,Trilocale,big,center,2.0,3,mid
1200.0,112.0,Roma,Trilocale,big,center,2.0,3,mid
850.0,51.0,Roma,Bilocale,big,center,2.0,2,small
1050.0,55.0,Roma,Bilocale,big,center,1.0,2,small
3700.0,230.0,Roma,Appartamento,big,center,1.0,5,large
4500.0,400.0,Roma,Villa,big,center,1.0,6,very large
1500.0,65.0,Roma,Trilocale,big,center,1.0,3,small
1800.0,146.0,Roma,Appartamento,big,center,1.0,5,mid
1650.0,80.0,Roma,Trilocale,big,center,1.0,3,mid-small
1850.0,102.0,Roma,Trilocale,big,center,1.0,3,mid
1950.0,100.0,Roma,Attico,big,center,1.0,3,mid
4800.0,160.0,Roma,Quadrilocale,big,center,1.0,4,mid
1100.0,101.0,Roma,Bilocale,big,center,1.0,2,mid
1800.0,121.0,Roma,Trilocale,big,center,1.0,3,mid
1900.0,100.0,Roma,Trilocale,big,center,1.0,3,mid
750.0,50.0,Roma,Bilocale,big,center,1.0,2,small
6000.0,660.0,Roma,Appartamento,big,center,1.0,6,very large
3450.0,160.0,Roma,Appartamento,big,center,1.0,5,mid
1300.0,73.0,Roma,Trilocale,big,center,1.0,3,mid-small
2400.0,162.0,Roma,Appartamento,big,center,1.0,6,mid
2600.0,180.0,Roma,Appartamento,big,center,1.0,6,mid
850.0,83.0,Roma,Trilocale,big,center,1.0,3,mid-small
2000.0,294.0,Roma,Appartamento,big,center,1.0,6,large
4500.0,280.0,Roma,Attico,big,center,1.0,6,large
1000.0,65.0,Roma,Bilocale,big,center,1.0,2,small
850.0,105.0,Roma,Trilocale,big,center,1.0,3,mid
4100.0,331.0,Roma,Appartamento,big,center,1.0,6,large
900.0,56.0,Roma,Bilocale,big,center,3.0,2,small
1500.0,80.0,Roma,Quadrilocale,big,center,3.0,4,mid-small
4800.0,210.0,Roma,Appartamento,big,center,3.0,6,large
7000.0,700.0,Roma,Villa,big,center,3.0,6,very large
950.0,110.0,Roma,Quadrilocale,big,center,3.0,4,mid
1700.0,133.0,Roma,Quadrilocale,big,center,3.0,4,mid
900.0,62.0,Roma,Bilocale,big,center,3.0,2,small
1200.0,111.0,Roma,Trilocale,big,center,3.0,3,mid
1050.0,45.0,Roma,Bilocale,big,center,3.0,2,small
804.0,45.0,Roma,Monolocale,big,center,3.0,1,small
990.0,50.0,Roma,Monolocale,big,center,3.0,1,small
1190.0,60.0,Roma,Bilocale,big,center,3.0,2,small
1550.0,137.0,Roma,Appartamento,big,center,3.0,5,mid
4500.0,180.0,Roma,Attico,big,center,3.0,5,mid
1300.0,77.0,Roma,Trilocale,big,center,3.0,3,mid-small
950.0,71.0,Roma,Bilocale,big,center,3.0,2,mid-small
5000.0,661.0,Roma,Villa,big,center,3.0,6,very large
1800.0,120.0,Roma,Appartamento,big,center,3.0,6,mid
1500.0,52.0,Roma,Bilocale,big,center,3.0,2,small
1200.0,105.0,Roma,Quadrilocale,big,center,3.0,4,mid
1780.0,107.0,Roma,Trilocale,big,center,3.0,3,mid
4000.0,235.0,Roma,Appartamento,big,center,3.0,6,large
1100.0,70.0,Roma,Trilocale,big,center,3.0,3,mid-small
3000.0,155.0,Roma,Appartamento,big,center,3.0,5,mid
945.0,55.0,Roma,Monolocale,big,center,2.0,1,small
950.0,100.0,Roma,Trilocale,big,center,2.0,3,mid
850.0,55.0,Roma,Bilocale,big,center,2.0,2,small
1900.0,180.0,Roma,Villa,big,center,2.0,3,mid
800.0,74.0,Roma,Bilocale,big,center,2.0,2,mid-small
2400.0,145.0,Roma,Quadrilocale,big,center,2.0,4,mid
1500.0,74.0,Roma,Bilocale,big,center,2.0,2,mid-small
1100.0,75.0,Roma,Trilocale,big,center,2.0,3,mid-small
1100.0,130.0,Roma,Quadrilocale,big,center,2.0,4,mid
600.0,60.0,Roma,Bilocale,big,center,2.0,2,small
1200.0,88.0,Roma,Trilocale,big,center,2.0,3,mid-small
1800.0,154.0,Roma,Appartamento,big,center,2.0,5,mid
3500.0,250.0,Roma,Attico,big,center,2.0,5,large
700.0,60.0,Roma,Trilocale,big,center,2.0,3,small
1500.0,61.0,Roma,Bilocale,big,center,2.0,2,small
1500.0,595.0,Roma,Palazzo,big,center,2.0,6,very large
1700.0,85.0,Roma,Trilocale,big,center,2.0,3,mid-small
1300.0,75.0,Roma,Trilocale,big,center,2.0,3,mid-small
850.0,85.0,Roma,Trilocale,big,center,2.0,3,mid-small
1500.0,140.0,Roma,Quadrilocale,big,center,2.0,4,mid
1350.0,180.0,Roma,Villa,big,center,2.0,5,mid
840.0,51.0,Roma,Bilocale,big,center,2.0,2,small
1800.0,80.0,Roma,Trilocale,big,center,2.0,3,mid-small
1250.0,120.0,Roma,Quadrilocale,big,center,2.0,4,mid
1980.0,46.0,Roma,Bilocale,big,center,1.0,2,small
1300.0,70.0,Roma,Bilocale,big,center,1.0,2,mid-small
2100.0,102.0,Roma,Trilocale,big,center,1.0,3,mid
1100.0,90.0,Roma,Attico,big,center,1.0,2,mid-small
2100.0,92.0,Roma,Attico,big,center,1.0,3,mid-small
850.0,70.0,Roma,Bilocale,big,center,1.0,2,mid-small
1750.0,103.0,Roma,Trilocale,big,center,1.0,3,mid
1900.0,55.0,Roma,Bilocale,big,center,1.0,2,small
1450.0,120.0,Roma,Quadrilocale,big,center,1.0,4,mid
4290.0,95.0,Roma,Quadrilocale,big,center,1.0,4,mid-small
1199.0,90.0,Roma,Trilocale,big,center,1.0,3,mid-small
1300.0,82.0,Roma,Trilocale,big,center,1.0,3,mid-small
1900.0,135.0,Roma,Trilocale,big,center,1.0,3,mid
6700.0,170.0,Roma,Trilocale,big,center,1.0,3,mid
2100.0,185.0,Roma,Attico,big,center,1.0,5,mid
3800.0,180.0,Roma,Appartamento,big,center,1.0,5,mid
1350.0,151.0,Roma,Quadrilocale,big,center,1.0,4,mid
1100.0,65.0,Roma,Bilocale,big,center,1.0,2,small
900.0,94.0,Roma,Trilocale,big,center,1.0,3,mid-small
900.0,50.0,Roma,Bilocale,big,center,1.0,2,small
2950.0,230.0,Roma,Appartamento,big,center,1.0,6,large
1350.0,120.0,Roma,Quadrilocale,big,center,1.0,4,mid
1050.0,100.0,Roma,Trilocale,big,center,1.0,3,mid
3900.0,145.0,Roma,Quadrilocale,big,center,1.0,4,mid
1815.0,46.0,Roma,Bilocale,big,center,1.0,2,small
3600.0,250.0,Roma,Appartamento,big,center,3.0,6,large
850.0,74.0,Roma,Trilocale,big,center,3.0,3,mid-small
1350.0,49.0,Roma,Bilocale,big,center,3.0,2,small
650.0,50.0,Roma,Bilocale,big,center,3.0,2,small
880.0,50.0,Roma,Bilocale,big,center,3.0,2,small
1800.0,132.0,Roma,Quadrilocale,big,center,3.0,4,mid
1150.0,90.0,Roma,Trilocale,big,center,3.0,3,mid-small
1300.0,125.0,Roma,Attico,big,center,3.0,4,mid
2000.0,120.0,Roma,Trilocale,big,center,3.0,3,mid
1350.0,120.0,Roma,Quadrilocale,big,center,3.0,4,mid
2000.0,130.0,Roma,Trilocale,big,center,3.0,3,mid
3960.0,95.0,Roma,Quadrilocale,big,center,3.0,4,mid-small
1000.0,97.0,Roma,Trilocale,big,center,3.0,3,mid-small
1400.0,77.0,Roma,Trilocale,big,center,3.0,3,mid-small
1000.0,70.0,Roma,Trilocale,big,center,3.0,3,mid-small
1900.0,150.0,Roma,Appartamento,big,center,3.0,5,mid
2030.0,117.0,Roma,Quadrilocale,big,center,3.0,4,mid
1400.0,65.0,Roma,Bilocale,big,center,3.0,2,small
600.0,70.0,Roma,Trilocale,big,center,3.0,3,mid-small
1200.0,73.0,Roma,Trilocale,big,center,3.0,3,mid-small
850.0,45.0,Roma,Monolocale,big,center,3.0,1,small
1600.0,91.0,Roma,Trilocale,big,center,3.0,3,mid-small
3800.0,277.0,Roma,Attico,big,center,3.0,6,large
930.0,51.0,Roma,Monolocale,big,center,3.0,1,small
3800.0,133.0,Roma,Attico,big,center,3.0,4,mid
3500.0,200.0,Roma,Quadrilocale,big,center,3.0,4,large
870.0,72.0,Roma,Trilocale,big,center,3.0,3,mid-small
3800.0,268.0,Roma,Appartamento,big,center,3.0,6,large
850.0,90.0,Roma,Trilocale,big,center,3.0,3,mid-small
750.0,58.0,Roma,Bilocale,big,center,3.0,2,small
1500.0,112.0,Roma,Trilocale,big,center,3.0,3,mid
800.0,70.0,Roma,Bilocale,big,center,3.0,2,mid-small
1100.0,50.0,Roma,Bilocale,big,center,3.0,2,small
1100.0,85.0,Roma,Trilocale,big,center,3.0,3,mid-small
500.0,35.0,Roma,Monolocale,big,center,3.0,1,very small
2500.0,210.0,Roma,Villa,big,center,3.0,5,large
900.0,75.0,Roma,Bilocale,big,center,3.0,2,mid-small
1900.0,57.0,Roma,Bilocale,big,center,3.0,2,small
2100.0,168.0,Roma,Appartamento,big,center,3.0,5,mid
1800.0,136.0,Roma,Quadrilocale,big,center,3.0,4,mid
950.0,85.0,Roma,Bilocale,big,center,3.0,2,mid-small
5000.0,205.0,Roma,Quadrilocale,big,center,3.0,4,large
1500.0,105.0,Roma,Trilocale,big,center,3.0,3,mid
1530.0,87.0,Roma,Bilocale,big,center,3.0,2,mid-small
950.0,60.0,Roma,Attico,big,center,3.0,2,small
2400.0,180.0,Roma,Quadrilocale,big,center,3.0,4,mid
6000.0,217.0,Roma,Appartamento,big,center,3.0,6,large
1200.0,73.0,Roma,Trilocale,big,center,3.0,3,mid-small
1950.0,145.0,Roma,Appartamento,big,center,3.0,6,mid
1150.0,106.0,Roma,Quadrilocale,big,center,1.0,4,mid
900.0,92.0,Roma,Trilocale,big,center,1.0,3,mid-small
2300.0,223.0,Roma,Appartamento,big,center,1.0,6,large
1200.0,60.0,Roma,Bilocale,big,center,1.0,2,small
900.0,75.0,Roma,Attico,big,center,1.0,3,mid-small
2200.0,180.0,Roma,Appartamento,big,center,1.0,5,mid
2500.0,84.0,Roma,Bilocale,big,center,1.0,2,mid-small
1050.0,70.0,Roma,Bilocale,big,center,1.0,2,mid-small
2100.0,85.0,Roma,Bilocale,big,center,1.0,2,mid-small
7000.0,212.0,Roma,Attico,big,center,1.0,6,large
3600.0,250.0,Roma,Appartamento,big,center,1.0,6,large
1200.0,70.0,Roma,Bilocale,big,center,1.0,2,mid-small
1200.0,103.0,Roma,Trilocale,big,center,1.0,3,mid
1000.0,100.0,Roma,Trilocale,big,center,1.0,3,mid
2200.0,130.0,Roma,Quadrilocale,big,center,1.0,4,mid
750.0,80.0,Roma,Trilocale,big,center,1.0,3,mid-small
800.0,38.0,Roma,Monolocale,big,center,1.0,1,very small
1900.0,140.0,Roma,Appartamento,big,center,1.0,5,mid
950.0,90.0,Roma,Trilocale,big,center,1.0,3,mid-small
1200.0,80.0,Roma,Trilocale,big,center,1.0,3,mid-small
1900.0,100.0,Roma,Trilocale,big,center,1.0,3,mid
1190.0,87.0,Roma,Trilocale,big,center,1.0,3,mid-small
2980.0,200.0,Roma,Appartamento,big,center,1.0,5,large
1700.0,115.0,Roma,Quadrilocale,big,center,1.0,4,mid
4500.0,165.0,Roma,Quadrilocale,big,center,1.0,4,mid
2200.0,170.0,Roma,Quadrilocale,big,center,4.0,4,mid
2100.0,126.0,Roma,Loft,big,center,4.0,4,mid
4500.0,160.0,Roma,Attico,big,center,4.0,6,mid
1500.0,90.0,Roma,Trilocale,big,center,4.0,3,mid-small
1800.0,160.0,Roma,Appartamento,big,center,4.0,6,mid
1250.0,53.0,Roma,Bilocale,big,center,4.0,2,small
1220.0,129.0,Roma,Quadrilocale,big,center,4.0,4,mid
3000.0,80.0,Roma,Trilocale,big,center,4.0,3,mid-small
1300.0,120.0,Roma,Appartamento,big,center,4.0,5,mid
1350.0,180.0,Roma,Villa,big,center,4.0,6,mid
550.0,50.0,Roma,Bilocale,big,center,4.0,2,small
1500.0,110.0,Roma,Trilocale,big,center,4.0,3,mid
800.0,50.0,Roma,Bilocale,big,center,4.0,2,small
2000.0,106.0,Roma,Attico,big,center,4.0,3,mid
1400.0,73.0,Roma,Quadrilocale,big,center,4.0,4,mid-small
1000.0,200.0,Roma,Quadrilocale,big,center,4.0,4,large
850.0,60.0,Roma,Bilocale,big,center,4.0,2,small
750.0,60.0,Roma,Bilocale,big,center,4.0,2,small
950.0,45.0,Roma,Bilocale,big,center,4.0,2,small
1100.0,100.0,Roma,Trilocale,big,center,4.0,3,mid
6000.0,290.0,Roma,Appartamento,big,center,4.0,6,large
950.0,65.0,Roma,Villa,big,center,4.0,3,small
1300.0,70.0,Roma,Trilocale,big,center,4.0,3,mid-small
3400.0,182.0,Roma,Appartamento,big,center,4.0,5,mid
700.0,50.0,Roma,Bilocale,big,center,1.0,2,small
2100.0,90.0,Roma,Attico,big,center,1.0,3,mid-small
1500.0,155.0,Roma,Appartamento,big,center,1.0,5,mid
1000.0,40.0,Roma,Monolocale,big,center,1.0,1,small
2200.0,200.0,Roma,Appartamento,big,center,1.0,5,large
650.0,40.0,Roma,Monolocale,big,center,1.0,1,small
780.0,41.0,Roma,Monolocale,big,center,1.0,1,small
950.0,80.0,Roma,Bilocale,big,center,1.0,2,mid-small
2000.0,90.0,Roma,Attico,big,center,1.0,3,mid-small
1400.0,50.0,Roma,Bilocale,big,center,1.0,2,small
860.0,60.0,Roma,Bilocale,big,center,1.0,2,small
1100.0,85.0,Roma,Trilocale,big,center,1.0,3,mid-small
600.0,45.0,Roma,Bilocale,big,center,1.0,2,small
800.0,40.0,Roma,Bilocale,big,center,1.0,2,small
2000.0,65.0,Roma,Attico,big,center,1.0,3,small
2250.0,156.0,Roma,Appartamento,big,center,1.0,6,mid
950.0,70.0,Roma,Trilocale,big,center,1.0,3,mid-small
1750.0,89.0,Roma,Trilocale,big,center,1.0,3,mid-small
1150.0,52.0,Roma,Attico,big,center,1.0,3,small
990.0,50.0,Roma,Bilocale,big,center,1.0,2,small
1000.0,95.0,Roma,Trilocale,big,center,1.0,3,mid-small
650.0,22.0,Roma,Monolocale,big,center,1.0,1,very small
500.0,45.0,Roma,Bilocale,big,center,1.0,2,small
1650.0,100.0,Roma,Quadrilocale,big,center,1.0,4,mid
800.0,55.0,Roma,Monolocale,big,center,1.0,1,small
1800.0,150.0,Roma,Trilocale,big,center,1.0,3,mid
780.0,60.0,Roma,Bilocale,big,center,1.0,2,small
800.0,70.0,Roma,Bilocale,big,center,1.0,2,mid-small
750.0,60.0,Roma,Bilocale,big,center,1.0,2,small
700.0,49.0,Roma,Mansarda,big,center,1.0,2,small
2200.0,130.0,Roma,Appartamento,big,center,1.0,5,mid
950.0,60.0,Roma,Bilocale,big,center,1.0,2,small
700.0,50.0,Roma,Monolocale,big,center,1.0,1,small
800.0,65.0,Roma,Casale,big,center,1.0,3,small
700.0,75.0,Roma,Trilocale,big,center,1.0,3,mid-small
1500.0,75.0,Roma,Quadrilocale,big,center,1.0,4,mid-small
700.0,100.0,Roma,Trilocale,big,center,1.0,3,mid
1150.0,85.0,Roma,Trilocale,big,center,1.0,3,mid-small
600.0,30.0,Roma,Monolocale,big,center,1.0,1,very small
650.0,55.0,Roma,Bilocale,big,center,1.0,2,small
500.0,35.0,Roma,Bilocale,big,center,1.0,2,very small
1400.0,103.0,Roma,Quadrilocale,big,center,1.0,4,mid
3900.0,240.0,Roma,Appartamento,big,center,1.0,6,large
1450.0,120.0,Roma,Trilocale,big,center,1.0,3,mid
650.0,70.0,Roma,Trilocale,big,center,1.0,3,mid-small
1040.0,118.0,Roma,Trilocale,big,center,1.0,3,mid
800.0,100.0,Roma,Trilocale,big,center,1.0,3,mid
8370.0,251.0,Roma,Palazzo,big,center,1.0,6,large
3100.0,170.0,Roma,Appartamento,big,center,1.0,5,mid
1800.0,90.0,Roma,Bilocale,big,center,1.0,2,mid-small
1350.0,82.0,Roma,Trilocale,big,center,1.0,3,mid-small
700.0,65.0,Roma,Bilocale,big,center,1.0,2,small
1450.0,95.0,Roma,Trilocale,big,center,1.0,3,mid-small
2500.0,160.0,Roma,Appartamento,big,center,1.0,6,mid
850.0,72.0,Roma,Trilocale,big,center,1.0,3,mid-small
1200.0,124.0,Roma,Trilocale,big,center,1.0,3,mid
1000.0,100.0,Roma,Trilocale,big,center,1.0,3,mid
1200.0,71.0,Roma,Trilocale,big,center,1.0,3,mid-small
1200.0,95.0,Roma,Quadrilocale,big,center,1.0,4,mid-small
850.0,95.0,Roma,Trilocale,big,center,1.0,3,mid-small
550.0,60.0,Roma,Trilocale,big,center,1.0,3,small
1200.0,60.0,Roma,Bilocale,big,center,1.0,2,small
4500.0,288.0,Roma,Attico,big,center,1.0,5,large
2400.0,220.0,Roma,Appartamento,big,center,1.0,6,large
2900.0,150.0,Roma,Quadrilocale,big,center,1.0,4,mid
1600.0,115.0,Roma,Casale,big,center,1.0,3,mid
6500.0,170.0,Roma,Quadrilocale,big,center,1.0,4,mid
1000.0,63.0,Roma,Bilocale,big,center,1.0,2,small
1200.0,106.0,Roma,Trilocale,big,center,1.0,3,mid
1150.0,100.0,Roma,Quadrilocale,big,center,1.0,4,mid
1500.0,60.0,Roma,Bilocale,big,center,1.0,2,small
5000.0,247.0,Roma,Appartamento,big,center,1.0,6,large
5200.0,315.0,Roma,Appartamento,big,center,1.0,6,large
1550.0,120.0,Roma,Appartamento,big,center,1.0,5,mid
2300.0,167.0,Roma,Appartamento,big,center,0.0,6,mid
3000.0,180.0,Roma,Appartamento,big,center,0.0,6,mid
1800.0,98.0,Roma,Trilocale,big,center,0.0,3,mid-small
820.0,45.0,Roma,Bilocale,big,center,0.0,2,small
1500.0,85.0,Roma,Trilocale,big,center,0.0,3,mid-small
750.0,58.0,Roma,Bilocale,big,center,0.0,2,small
850.0,54.0,Roma,Bilocale,big,center,0.0,2,small
1000.0,148.0,Roma,Attico,big,center,0.0,4,mid
1500.0,90.0,Roma,Quadrilocale,big,center,0.0,4,mid-small
740.0,50.0,Roma,Bilocale,big,center,0.0,2,small
750.0,40.0,Roma,Bilocale,big,center,0.0,2,small
1450.0,75.0,Roma,Quadrilocale,big,center,0.0,4,mid-small
1100.0,90.0,Roma,Attico,big,center,0.0,3,mid-small
650.0,40.0,Roma,Monolocale,big,center,0.0,1,small
2000.0,160.0,Roma,Quadrilocale,big,center,0.0,4,mid
3300.0,195.0,Roma,Appartamento,big,center,0.0,6,mid
1450.0,400.0,Roma,Appartamento,big,center,0.0,5,very large
1100.0,300.0,Roma,Attico,big,center,0.0,5,large
1300.0,70.0,Roma,Trilocale,big,center,0.0,3,mid-small
1000.0,55.0,Roma,Bilocale,big,center,0.0,2,small
1250.0,95.0,Roma,Quadrilocale,big,center,0.0,4,mid-small
800.0,63.0,Roma,Trilocale,big,center,0.0,3,small
1000.0,70.0,Roma,Mansarda,big,center,0.0,3,mid-small
690.0,45.0,Roma,Monolocale,big,center,0.0,1,small
890.0,75.0,Roma,Trilocale,big,center,0.0,3,mid-small
2600.0,105.0,Roma,Trilocale,big,center,2.0,3,mid
1300.0,110.0,Roma,Attico,big,center,2.0,4,mid
4880.0,450.0,Roma,Monolocale,big,center,2.0,1,very large
800.0,60.0,Roma,Bilocale,big,center,2.0,2,small
1800.0,90.0,Roma,Bilocale,big,center,2.0,2,mid-small
2300.0,100.0,Roma,Trilocale,big,center,2.0,3,mid
2500.0,145.0,Roma,Attico,big,center,2.0,4,mid
950.0,85.0,Roma,Trilocale,big,center,2.0,3,mid-small
3600.0,210.0,Roma,Appartamento,big,center,2.0,5,large
850.0,83.0,Roma,Trilocale,big,center,2.0,3,mid-small
1350.0,135.0,Roma,Quadrilocale,big,center,2.0,4,mid
1500.0,87.0,Roma,Trilocale,big,center,2.0,3,mid-small
900.0,93.0,Roma,Trilocale,big,center,2.0,3,mid-small
950.0,97.0,Roma,Trilocale,big,center,2.0,3,mid-small
1750.0,45.0,Roma,Bilocale,big,center,2.0,2,small
550.0,35.0,Roma,Bilocale,big,center,2.0,2,very small
1350.0,140.0,Roma,Quadrilocale,big,center,2.0,4,mid
1100.0,50.0,Roma,Bilocale,big,center,2.0,2,small
3000.0,297.0,Roma,Appartamento,big,center,2.0,5,large
2400.0,166.0,Roma,Quadrilocale,big,center,2.0,4,mid
550.0,57.0,Roma,Bilocale,big,center,2.0,2,small
3500.0,50.0,Roma,Bilocale,big,center,2.0,2,small
800.0,40.0,Roma,Monolocale,big,center,2.0,1,small
1400.0,110.0,Roma,Attico,big,center,2.0,5,mid
1500.0,93.0,Roma,Trilocale,big,center,2.0,3,mid-small
1000.0,65.0,Roma,Bilocale,big,center,6.0,2,small
2000.0,95.0,Roma,Attico,big,center,6.0,2,mid-small
750.0,45.0,Roma,Bilocale,big,center,6.0,2,small
550.0,33.0,Roma,Monolocale,big,center,6.0,1,very small
890.0,60.0,Roma,Bilocale,big,center,6.0,2,small
1300.0,85.0,Roma,Trilocale,big,center,6.0,3,mid-small
800.0,83.0,Roma,Trilocale,big,center,6.0,3,mid-small
1450.0,130.0,Roma,Appartamento,big,center,6.0,5,mid
950.0,46.0,Roma,Bilocale,big,center,6.0,2,small
1350.0,140.0,Roma,Quadrilocale,big,center,6.0,4,mid
1300.0,95.0,Roma,Trilocale,big,center,6.0,3,mid-small
1300.0,135.0,Roma,Quadrilocale,big,center,6.0,4,mid
2400.0,93.0,Roma,Trilocale,big,center,6.0,3,mid-small
2200.0,44.0,Roma,Bilocale,big,center,6.0,2,small
700.0,100.0,Roma,Loft,big,center,6.0,2,mid
1100.0,96.0,Roma,Trilocale,big,center,6.0,3,mid-small
1600.0,150.0,Roma,Appartamento,big,center,6.0,6,mid
1300.0,135.0,Roma,Quadrilocale,big,center,6.0,4,mid
900.0,80.0,Roma,Trilocale,big,center,6.0,3,mid-small
850.0,60.0,Roma,Bilocale,big,center,6.0,2,small
1200.0,93.0,Roma,Trilocale,big,center,6.0,3,mid-small
980.0,90.0,Roma,Quadrilocale,big,center,6.0,4,mid-small
1350.0,101.0,Roma,Trilocale,big,center,6.0,3,mid
1200.0,40.0,Roma,Monolocale,big,center,6.0,1,small
1300.0,120.0,Roma,Quadrilocale,big,center,4.0,4,mid
1500.0,130.0,Roma,Quadrilocale,big,center,4.0,4,mid
1050.0,55.0,Roma,Trilocale,big,center,4.0,3,small
9000.0,699.0,Roma,Villa,big,center,4.0,6,very large
1050.0,67.0,Roma,Bilocale,big,center,4.0,2,small
950.0,192.0,Roma,Appartamento,big,center,4.0,6,mid
1950.0,175.0,Roma,Attico,big,center,4.0,4,mid
750.0,50.0,Roma,Bilocale,big,center,4.0,2,small
850.0,79.0,Roma,Bilocale,big,center,4.0,2,mid-small
1500.0,70.0,Roma,Trilocale,big,center,4.0,3,mid-small
1050.0,110.0,Roma,Quadrilocale,big,center,4.0,4,mid
1200.0,100.0,Roma,Trilocale,big,center,4.0,3,mid
2500.0,95.0,Roma,Quadrilocale,big,center,4.0,4,mid-small
800.0,71.0,Roma,Bilocale,big,center,4.0,2,mid-small
6500.0,170.0,Roma,Quadrilocale,big,center,4.0,4,mid
2000.0,110.0,Roma,Quadrilocale,big,center,4.0,4,mid
1350.0,75.0,Roma,Bilocale,big,center,4.0,2,mid-small
800.0,90.0,Roma,Trilocale,big,center,4.0,3,mid-small
1800.0,100.0,Roma,Trilocale,big,center,4.0,3,mid
1900.0,140.0,Roma,Quadrilocale,big,center,4.0,4,mid
3200.0,196.0,Roma,Appartamento,big,center,4.0,6,mid
750.0,60.0,Roma,Trilocale,big,center,4.0,3,small
800.0,66.0,Roma,Bilocale,big,center,1.0,2,small
2900.0,82.0,Roma,Attico,big,center,1.0,3,mid-small
2550.0,153.0,Roma,Quadrilocale,big,center,1.0,4,mid
1350.0,110.0,Roma,Quadrilocale,big,center,1.0,4,mid
1190.0,83.0,Roma,Trilocale,big,center,1.0,3,mid-small
1500.0,100.0,Roma,Trilocale,big,center,1.0,3,mid
2500.0,150.0,Roma,Quadrilocale,big,center,1.0,4,mid
3500.0,160.0,Roma,Villa,big,center,1.0,5,mid
695.0,35.0,Roma,Bilocale,big,center,1.0,2,very small
3400.0,270.0,Roma,Villa,big,center,1.0,6,large
1400.0,149.0,Roma,Appartamento,big,center,1.0,5,mid
1200.0,90.0,Roma,Quadrilocale,big,center,1.0,4,mid-small
600.0,45.0,Roma,Bilocale,big,center,1.0,2,small
2000.0,158.0,Roma,Quadrilocale,big,center,1.0,4,mid
1350.0,75.0,Roma,Trilocale,big,center,1.0,3,mid-small
1100.0,103.0,Roma,Trilocale,big,center,1.0,3,mid
480.0,40.0,Roma,Bilocale,big,center,1.0,2,small
2900.0,135.0,Roma,Quadrilocale,big,center,1.0,4,mid
1250.0,100.0,Roma,Appartamento,big,center,1.0,5,mid
920.0,83.0,Roma,Trilocale,big,center,1.0,3,mid-small
9500.0,180.0,Roma,Appartamento,big,center,1.0,6,mid
1500.0,100.0,Roma,Trilocale,big,center,1.0,3,mid
1500.0,90.0,Roma,Trilocale,big,center,1.0,3,mid-small
3500.0,80.0,Roma,Bilocale,big,center,1.0,2,mid-small
900.0,70.0,Roma,Bilocale,big,center,3.0,2,mid-small
3500.0,350.0,Roma,Villa,big,center,3.0,6,large
1200.0,75.0,Roma,Trilocale,big,center,3.0,3,mid-small
1250.0,80.0,Roma,Trilocale,big,center,3.0,3,mid-small
600.0,20.0,Roma,Monolocale,big,center,3.0,1,very small
670.0,55.0,Roma,Bilocale,big,center,3.0,2,small
1300.0,860.0,Roma,Villa,big,center,3.0,6,very large
2950.0,228.0,Roma,Appartamento,big,center,3.0,5,large
1750.0,750.0,Roma,Villa,big,center,3.0,6,very large
4500.0,150.0,Roma,Appartamento,big,center,3.0,5,mid
1150.0,62.0,Roma,Bilocale,big,center,3.0,2,small
1100.0,109.0,Roma,Villa,big,center,3.0,3,mid
1200.0,70.0,Roma,Bilocale,big,center,3.0,2,mid-small
980.0,116.0,Roma,Trilocale,big,center,3.0,3,mid
2300.0,200.0,Roma,Appartamento,big,center,3.0,5,large
1400.0,115.0,Roma,Trilocale,big,center,3.0,3,mid
1450.0,134.0,Roma,Quadrilocale,big,center,3.0,4,mid
700.0,60.0,Roma,Bilocale,big,center,3.0,2,small
830.0,87.0,Roma,Trilocale,big,center,3.0,3,mid-small
1400.0,66.0,Roma,Bilocale,big,center,3.0,2,small
1500.0,35.0,Roma,Bilocale,big,center,3.0,2,very small
1200.0,80.0,Roma,Trilocale,big,center,3.0,3,mid-small
1350.0,95.0,Roma,Trilocale,big,center,3.0,3,mid-small
3500.0,258.0,Roma,Villa,big,center,3.0,5,large
800.0,55.0,Roma,Bilocale,big,center,2.0,2,small
1000.0,320.0,Roma,Villa,big,center,2.0,6,large
2300.0,110.0,Roma,Trilocale,big,center,2.0,3,mid
2900.0,140.0,Roma,Appartamento,big,center,2.0,5,mid
1200.0,65.0,Roma,Bilocale,big,center,2.0,2,small
3700.0,162.0,Roma,Quadrilocale,big,center,2.0,4,mid
600.0,86.0,Roma,Trilocale,big,center,2.0,3,mid-small
1400.0,70.0,Roma,Bilocale,big,center,2.0,2,mid-small
1800.0,220.0,Roma,Villa,big,center,2.0,6,large
1300.0,90.0,Roma,Attico,big,center,2.0,4,mid-small
800.0,50.0,Roma,Bilocale,big,center,2.0,2,small
1400.0,140.0,Roma,Quadrilocale,big,center,2.0,4,mid
1150.0,85.0,Roma,Trilocale,big,center,2.0,3,mid-small
1250.0,78.0,Roma,Bilocale,big,center,2.0,2,mid-small
500.0,40.0,Roma,Bilocale,big,center,2.0,2,small
2600.0,200.0,Roma,Appartamento,big,center,2.0,6,large
2500.0,80.0,Roma,Attico,big,center,2.0,2,mid-small
3500.0,207.0,Roma,Appartamento,big,center,2.0,5,large
2200.0,138.0,Roma,Quadrilocale,big,center,2.0,4,mid
1300.0,70.0,Roma,Bilocale,big,center,2.0,2,mid-small
1200.0,75.0,Roma,Bilocale,big,center,2.0,2,mid-small
500.0,30.0,Roma,Monolocale,big,center,2.0,1,very small
799.0,78.0,Roma,Bilocale,big,center,2.0,2,mid-small
1350.0,125.0,Roma,Trilocale,big,center,2.0,3,mid
2800.0,102.0,Roma,Trilocale,big,center,2.0,3,mid
4600.0,150.0,Roma,Trilocale,big,center,1.0,3,mid
4600.0,150.0,Roma,Trilocale,big,center,1.0,3,mid
700.0,75.0,Roma,Bilocale,big,center,1.0,2,mid-small
1600.0,100.0,Roma,Trilocale,big,center,1.0,3,mid
2200.0,140.0,Roma,Appartamento,big,center,1.0,5,mid
600.0,40.0,Roma,Monolocale,big,center,1.0,1,small
650.0,40.0,Roma,Monolocale,big,center,1.0,1,small
650.0,65.0,Roma,Bilocale,big,center,1.0,2,small
1150.0,59.0,Roma,Bilocale,big,center,1.0,2,small
1350.0,66.0,Roma,Bilocale,big,center,1.0,2,small
770.0,54.0,Roma,Bilocale,big,center,1.0,2,small
1100.0,120.0,Roma,Quadrilocale,big,center,1.0,4,mid
3500.0,194.0,Roma,Appartamento,big,center,1.0,6,mid
1050.0,55.0,Roma,Trilocale,big,center,1.0,3,small
1200.0,70.0,Roma,Bilocale,big,center,1.0,2,mid-small
950.0,85.0,Roma,Trilocale,big,center,1.0,3,mid-small
3000.0,134.0,Roma,Quadrilocale,big,center,1.0,4,mid
2030.0,118.0,Roma,Quadrilocale,big,center,1.0,4,mid
1000.0,75.0,Roma,Bilocale,big,center,1.0,2,mid-small
2200.0,180.0,Roma,Appartamento,big,center,1.0,6,mid
2750.0,96.0,Roma,Appartamento,big,center,1.0,5,mid-small
1000.0,150.0,Roma,Villa,big,center,1.0,6,mid
2100.0,130.0,Roma,Appartamento,big,center,1.0,5,mid
1000.0,30.0,Roma,Monolocale,big,center,1.0,1,very small
650.0,30.0,Roma,Monolocale,big,center,2.0,1,very small
1270.0,90.0,Roma,Trilocale,big,center,2.0,3,mid-small
2500.0,160.0,Roma,Appartamento,big,center,2.0,5,mid
900.0,80.0,Roma,Bilocale,big,center,2.0,2,mid-small
2200.0,90.0,Roma,Trilocale,big,center,2.0,3,mid-small
1700.0,163.0,Roma,Appartamento,big,center,2.0,5,mid
1500.0,68.0,Roma,Terratetto,big,center,2.0,3,small
1200.0,76.0,Roma,Bilocale,big,center,2.0,2,mid-small
1000.0,85.0,Roma,Trilocale,big,center,2.0,3,mid-small
2300.0,170.0,Roma,Appartamento,big,center,2.0,5,mid
1200.0,85.0,Roma,Trilocale,big,center,2.0,3,mid-small
1200.0,700.0,Roma,Villa,big,center,2.0,6,very large
750.0,61.0,Roma,Bilocale,big,center,2.0,2,small
8000.0,500.0,Roma,Appartamento,big,center,2.0,6,very large
8500.0,314.0,Roma,Appartamento,big,center,2.0,6,large
700.0,40.0,Roma,Monolocale,big,center,2.0,1,small
1750.0,150.0,Roma,Quadrilocale,big,center,2.0,4,mid
3900.0,185.0,Roma,Appartamento,big,center,2.0,5,mid
850.0,72.0,Roma,Trilocale,big,center,2.0,3,mid-small
550.0,20.0,Roma,Monolocale,big,center,2.0,1,very small
2000.0,130.0,Roma,Trilocale,big,center,2.0,3,mid
7000.0,350.0,Roma,Villa,big,center,2.0,6,large
1800.0,81.0,Roma,Attico,big,center,4.0,3,mid-small
900.0,80.0,Roma,Bilocale,big,center,4.0,2,mid-small
1600.0,100.0,Roma,Attico,big,center,4.0,3,mid
1900.0,135.0,Roma,Appartamento,big,center,4.0,5,mid
1000.0,124.0,Roma,Attico,big,center,4.0,3,mid
900.0,116.0,Roma,Trilocale,big,center,4.0,3,mid
2100.0,150.0,Roma,Appartamento,big,center,4.0,6,mid
900.0,83.0,Roma,Trilocale,big,center,4.0,3,mid-small
1250.0,70.0,Roma,Bilocale,big,center,4.0,2,mid-small
1100.0,60.0,Roma,Bilocale,big,center,4.0,2,small
2000.0,50.0,Roma,Bilocale,big,center,4.0,2,small
1350.0,85.0,Roma,Bilocale,big,center,4.0,2,mid-small
1150.0,97.0,Roma,Trilocale,big,center,4.0,3,mid-small
800.0,50.0,Roma,Bilocale,big,center,4.0,2,small
1050.0,98.0,Roma,Trilocale,big,center,4.0,3,mid-small
1150.0,114.0,Roma,Trilocale,big,center,4.0,3,mid
850.0,100.0,Roma,Quadrilocale,big,center,4.0,4,mid
1000.0,60.0,Roma,Bilocale,big,center,4.0,2,small
900.0,70.0,Roma,Trilocale,big,center,4.0,3,mid-small
1290.0,82.0,Roma,Trilocale,big,center,4.0,3,mid-small
1750.0,100.0,Roma,Trilocale,big,center,4.0,3,mid
1100.0,67.0,Roma,Monolocale,big,center,4.0,1,small
1550.0,73.0,Roma,Bilocale,big,center,4.0,2,mid-small
1250.0,70.0,Roma,Trilocale,big,center,2.0,3,mid-small
1200.0,65.0,Roma,Bilocale,big,center,2.0,2,small
2500.0,150.0,Roma,Appartamento,big,center,2.0,5,mid
2700.0,137.0,Roma,Trilocale,big,center,2.0,3,mid
2000.0,184.0,Roma,Appartamento,big,center,2.0,5,mid
950.0,75.0,Roma,Bilocale,big,center,2.0,2,mid-small
1350.0,130.0,Roma,Quadrilocale,big,center,2.0,4,mid
6300.0,374.0,Roma,Appartamento,big,center,2.0,6,large
1250.0,143.0,Roma,Quadrilocale,big,center,2.0,4,mid
4500.0,100.0,Roma,Bilocale,big,center,2.0,2,mid
830.0,63.0,Roma,Trilocale,big,center,2.0,3,small
860.0,106.0,Roma,Quadrilocale,big,center,2.0,4,mid
800.0,50.0,Roma,Bilocale,big,center,2.0,2,small
800.0,45.0,Roma,Bilocale,big,center,2.0,2,small
850.0,65.0,Roma,Bilocale,big,center,2.0,2,small
590.0,40.0,Roma,Bilocale,big,center,2.0,2,small
800.0,75.0,Roma,Trilocale,big,center,2.0,3,mid-small
850.0,50.0,Roma,Attico,big,center,2.0,2,small
1100.0,48.0,Roma,Bilocale,big,center,2.0,2,small
850.0,68.0,Roma,Trilocale,big,center,2.0,3,small
900.0,40.0,Roma,Monolocale,big,center,2.0,1,small
900.0,70.0,Roma,Villa,big,center,2.0,3,mid-small
780.0,65.0,Roma,Bilocale,big,center,2.0,2,small
1200.0,78.0,Roma,Bilocale,big,center,2.0,2,mid-small
2500.0,230.0,Roma,Appartamento,big,center,3.0,6,large
700.0,60.0,Roma,Bilocale,big,center,3.0,2,small
800.0,80.0,Roma,Bilocale,big,center,3.0,2,mid-small
1200.0,80.0,Roma,Trilocale,big,center,3.0,3,mid-small
5300.0,250.0,Roma,Appartamento,big,center,3.0,6,large
4000.0,250.0,Roma,Appartamento,big,center,3.0,5,large
800.0,72.0,Roma,Bilocale,big,center,3.0,2,mid-small
1530.0,89.0,Roma,Bilocale,big,center,3.0,2,mid-small
1800.0,104.0,Roma,Quadrilocale,big,center,3.0,4,mid
1000.0,60.0,Roma,Bilocale,big,center,3.0,2,small
1800.0,170.0,Roma,Appartamento,big,center,3.0,6,mid
4300.0,141.0,Roma,Quadrilocale,big,center,3.0,4,mid
1100.0,97.0,Roma,Bilocale,big,center,3.0,2,mid-small
1600.0,130.0,Roma,Trilocale,big,center,3.0,3,mid
2000.0,70.0,Roma,Bilocale,big,center,3.0,2,mid-small
1250.0,100.0,Roma,Trilocale,big,center,3.0,3,mid
800.0,60.0,Roma,Bilocale,big,center,3.0,2,small
2300.0,90.0,Roma,Trilocale,big,center,3.0,3,mid-small
1200.0,90.0,Roma,Quadrilocale,big,center,3.0,4,mid-small
470.0,25.0,Roma,Bilocale,big,center,3.0,2,very small
1500.0,60.0,Roma,Bilocale,big,center,3.0,2,small
1350.0,110.0,Roma,Quadrilocale,big,center,3.0,4,mid
1800.0,83.0,Roma,Trilocale,big,center,3.0,3,mid-small
2500.0,230.0,Roma,Appartamento,big,center,3.0,4,large
950.0,65.0,Roma,Bilocale,big,center,3.0,2,small
2400.0,170.0,Roma,Quadrilocale,big,center,4.0,4,mid
1650.0,150.0,Roma,Appartamento,big,center,4.0,5,mid
740.0,50.0,Roma,Monolocale,big,center,4.0,1,small
1600.0,52.0,Roma,Bilocale,big,center,4.0,2,small
1000.0,75.0,Roma,Bilocale,big,center,4.0,2,mid-small
2900.0,140.0,Roma,Appartamento,big,center,4.0,5,mid
8000.0,152.0,Roma,Attico,big,center,4.0,5,mid
5500.0,341.0,Roma,Appartamento,big,center,4.0,6,large
1250.0,116.0,Roma,Quadrilocale,big,center,4.0,4,mid
850.0,42.0,Roma,Bilocale,big,center,4.0,2,small
590.0,70.0,Roma,Bilocale,big,center,4.0,2,mid-small
8000.0,168.0,Roma,Attico,big,center,4.0,4,mid
700.0,35.0,Roma,Bilocale,big,center,4.0,2,very small
800.0,105.0,Roma,Bilocale,big,center,4.0,2,mid
800.0,50.0,Roma,Trilocale,big,center,4.0,3,small
3500.0,120.0,Roma,Trilocale,big,center,4.0,3,mid
2500.0,146.0,Roma,Trilocale,big,center,4.0,3,mid
500.0,33.0,Roma,Monolocale,big,center,4.0,1,very small
9500.0,220.0,Roma,Attico,big,center,4.0,6,large
900.0,65.0,Roma,Bilocale,big,center,4.0,2,small
650.0,40.0,Roma,Bilocale,big,center,4.0,2,small
1280.0,90.0,Roma,Trilocale,big,center,4.0,3,mid-small
1300.0,97.0,Roma,Bilocale,big,center,4.0,2,mid-small
2450.0,150.0,Roma,Quadrilocale,big,center,4.0,4,mid
1900.0,180.0,Roma,Appartamento,big,center,3.0,6,mid
1800.0,165.0,Roma,Appartamento,big,center,3.0,5,mid
990.0,61.0,Roma,Villa,big,center,3.0,2,small
750.0,69.0,Roma,Bilocale,big,center,3.0,2,small
1150.0,80.0,Roma,Trilocale,big,center,3.0,3,mid-small
1600.0,70.0,Roma,Bilocale,big,center,3.0,2,mid-small
2500.0,180.0,Roma,Villa,big,center,3.0,4,mid
1200.0,100.0,Roma,Trilocale,big,center,3.0,3,mid
750.0,48.0,Roma,Trilocale,big,center,3.0,3,small
850.0,61.0,Roma,Bilocale,big,center,3.0,2,small
970.0,61.0,Roma,Trilocale,big,center,3.0,3,small
2100.0,90.0,Roma,Trilocale,big,center,3.0,3,mid-small
700.0,45.0,Roma,Monolocale,big,center,3.0,1,small
1150.0,136.0,Roma,Quadrilocale,big,center,3.0,4,mid
650.0,56.0,Roma,Bilocale,big,center,3.0,2,small
1300.0,52.0,Roma,Bilocale,big,center,3.0,2,small
500.0,50.0,Roma,Bilocale,big,center,3.0,2,small
1950.0,175.0,Roma,Quadrilocale,big,center,3.0,4,mid
2700.0,170.0,Roma,Appartamento,big,center,3.0,6,mid
700.0,40.0,Roma,Monolocale,big,center,3.0,1,small
750.0,60.0,Roma,Trilocale,big,center,3.0,3,small
1500.0,93.0,Roma,Trilocale,big,center,3.0,3,mid-small
1000.0,140.0,Roma,Quadrilocale,big,center,3.0,4,mid
850.0,50.0,Roma,Bilocale,big,center,3.0,2,small
3200.0,112.0,Roma,Trilocale,big,center,3.0,3,mid
900.0,80.0,Roma,Trilocale,big,center,3.0,3,mid-small
1500.0,95.0,Roma,Trilocale,big,center,3.0,3,mid-small
2200.0,160.0,Roma,Appartamento,big,center,3.0,5,mid
2000.0,73.0,Roma,Bilocale,big,center,3.0,2,mid-small
2050.0,130.0,Roma,Trilocale,big,center,3.0,3,mid
1500.0,75.0,Roma,Bilocale,big,center,3.0,2,mid-small
2200.0,220.0,Roma,Appartamento,big,center,3.0,6,large
750.0,80.0,Roma,Trilocale,big,center,3.0,3,mid-small
1980.0,80.0,Roma,Trilocale,big,center,3.0,3,mid-small
2100.0,90.0,Roma,Bilocale,big,center,3.0,2,mid-small
2300.0,150.0,Roma,Appartamento,big,center,3.0,6,mid
1300.0,127.0,Roma,Quadrilocale,big,center,3.0,4,mid
550.0,55.0,Roma,Bilocale,big,center,3.0,2,small
1600.0,130.0,Roma,Attico,big,center,3.0,2,mid
1250.0,70.0,Roma,Bilocale,big,center,3.0,2,mid-small
950.0,100.0,Roma,Trilocale,big,center,3.0,3,mid
1650.0,100.0,Roma,Trilocale,big,center,3.0,3,mid
1000.0,90.0,Roma,Trilocale,big,center,3.0,3,mid-small
950.0,140.0,Roma,Appartamento,big,center,3.0,5,mid
1200.0,80.0,Roma,Trilocale,big,center,3.0,3,mid-small
750.0,60.0,Roma,Bilocale,big,center,3.0,2,small
750.0,40.0,Roma,Monolocale,big,center,3.0,1,small
650.0,50.0,Roma,Bilocale,big,center,3.0,2,small
1200.0,80.0,Roma,Trilocale,big,center,3.0,3,mid-small
1650.0,155.0,Roma,Quadrilocale,big,center,3.0,4,mid
1700.0,240.0,Roma,Appartamento,big,center,3.0,5,large
950.0,65.0,Roma,Bilocale,big,center,3.0,2,small
850.0,63.0,Roma,Bilocale,big,center,3.0,2,small
1500.0,100.0,Roma,Quadrilocale,big,center,3.0,4,mid
2700.0,350.0,Roma,Villa,big,center,3.0,6,large
1350.0,120.0,Roma,Quadrilocale,big,center,3.0,4,mid
1600.0,131.0,Roma,Trilocale,big,center,3.0,3,mid
650.0,45.0,Roma,Monolocale,big,center,3.0,1,small
1200.0,63.0,Roma,Bilocale,big,center,3.0,2,small
2100.0,80.0,Roma,Bilocale,big,center,3.0,2,mid-small
3500.0,260.0,Roma,Villa,big,center,3.0,4,large
1150.0,110.0,Roma,Trilocale,big,center,3.0,3,mid
4000.0,200.0,Roma,Appartamento,big,center,3.0,6,large
2700.0,100.0,Roma,Trilocale,big,center,3.0,3,mid
6500.0,172.0,Roma,Appartamento,big,center,3.0,5,mid
900.0,55.0,Roma,Bilocale,big,center,3.0,2,small
1150.0,90.0,Roma,Trilocale,big,center,3.0,3,mid-small
950.0,55.0,Roma,Bilocale,big,center,3.0,2,small
700.0,48.0,Roma,Bilocale,big,center,3.0,2,small
1000.0,240.0,Roma,Attico,big,center,3.0,5,large
850.0,55.0,Roma,Bilocale,big,center,3.0,2,small
1000.0,261.0,Roma,Appartamento,big,center,3.0,6,large
1600.0,110.0,Roma,Trilocale,big,center,3.0,3,mid
1450.0,162.0,Roma,Villa,big,center,0.0,5,mid
900.0,108.0,Roma,Trilocale,big,center,0.0,3,mid
1050.0,110.0,Roma,Quadrilocale,big,center,0.0,4,mid
1500.0,100.0,Roma,Quadrilocale,big,center,0.0,4,mid
1200.0,113.0,Roma,Quadrilocale,big,center,0.0,4,mid
1200.0,75.0,Roma,Bilocale,big,center,0.0,2,mid-small
900.0,60.0,Roma,Bilocale,big,center,0.0,2,small
650.0,60.0,Roma,Bilocale,big,center,0.0,2,small
1100.0,76.0,Roma,Trilocale,big,center,0.0,3,mid-small
1300.0,124.0,Roma,Quadrilocale,big,center,0.0,4,mid
1150.0,80.0,Roma,Trilocale,big,center,0.0,3,mid-small
2100.0,150.0,Roma,Quadrilocale,big,center,0.0,4,mid
1250.0,70.0,Roma,Trilocale,big,center,0.0,3,mid-small
2400.0,100.0,Roma,Quadrilocale,big,center,0.0,4,mid
850.0,60.0,Roma,Bilocale,big,center,0.0,2,small
1400.0,90.0,Roma,Trilocale,big,center,0.0,3,mid-small
1600.0,83.0,Roma,Bilocale,big,center,0.0,2,mid-small
1200.0,120.0,Roma,Quadrilocale,big,center,0.0,4,mid
4000.0,200.0,Roma,Appartamento,big,center,0.0,6,large
1450.0,135.0,Roma,Trilocale,big,center,0.0,3,mid
2000.0,168.0,Roma,Quadrilocale,big,center,0.0,4,mid
1400.0,120.0,Roma,Trilocale,big,center,0.0,3,mid
850.0,60.0,Roma,Bilocale,big,center,0.0,2,small
2600.0,200.0,Roma,Appartamento,big,center,0.0,5,large
900.0,52.0,Roma,Bilocale,big,center,0.0,2,small
2300.0,75.0,Roma,Trilocale,big,center,1.0,3,mid-small
850.0,65.0,Roma,Bilocale,big,center,1.0,2,small
1800.0,84.0,Roma,Trilocale,big,center,1.0,3,mid-small
950.0,100.0,Roma,Trilocale,big,center,1.0,3,mid
2000.0,70.0,Roma,Bilocale,big,center,1.0,2,mid-small
1000.0,230.0,Roma,Appartamento,big,center,1.0,6,large
1000.0,70.0,Roma,Trilocale,big,center,1.0,3,mid-small
850.0,85.0,Roma,Trilocale,big,center,1.0,3,mid-small
649.0,43.0,Roma,Monolocale,big,center,1.0,1,small
1450.0,70.0,Roma,Trilocale,big,center,1.0,3,mid-small
1200.0,75.0,Roma,Trilocale,big,center,1.0,3,mid-small
1200.0,120.0,Roma,Appartamento,big,center,1.0,5,mid
900.0,29.0,Roma,Monolocale,big,center,1.0,1,very small
1800.0,110.0,Roma,Trilocale,big,center,1.0,3,mid
1650.0,114.0,Roma,Bilocale,big,center,1.0,2,mid
2300.0,750.0,Roma,Villa,big,center,1.0,6,very large
1800.0,85.0,Roma,Quadrilocale,big,center,1.0,4,mid-small
1500.0,150.0,Roma,Quadrilocale,big,center,1.0,4,mid
1000.0,90.0,Roma,Bilocale,big,center,1.0,2,mid-small
850.0,58.0,Roma,Bilocale,big,center,1.0,2,small
1850.0,118.0,Roma,Attico,big,center,1.0,4,mid
730.0,65.0,Roma,Bilocale,big,center,1.0,2,small
1100.0,95.0,Roma,Trilocale,big,center,1.0,3,mid-small
1600.0,106.0,Roma,Quadrilocale,big,center,1.0,4,mid
2500.0,130.0,Roma,Villa,big,center,1.0,3,mid
3000.0,140.0,Roma,Quadrilocale,big,center,1.0,4,mid
1550.0,90.0,Roma,Trilocale,big,center,1.0,3,mid-small
1850.0,63.0,Roma,Bilocale,big,center,1.0,2,small
900.0,65.0,Roma,Bilocale,big,center,1.0,2,small
8000.0,700.0,Roma,Villa,big,center,1.0,6,very large
1100.0,73.0,Roma,Trilocale,big,center,1.0,3,mid-small
1040.0,115.0,Roma,Quadrilocale,big,center,1.0,4,mid
890.0,60.0,Roma,Bilocale,big,center,1.0,2,small
950.0,90.0,Roma,Trilocale,big,center,1.0,3,mid-small
1899.0,160.0,Roma,Appartamento,big,center,1.0,6,mid
1500.0,110.0,Roma,Quadrilocale,big,center,1.0,4,mid
850.0,102.0,Roma,Attico,big,center,1.0,3,mid
1450.0,85.0,Roma,Quadrilocale,big,center,1.0,4,mid-small
1800.0,63.0,Roma,Trilocale,big,center,1.0,3,small
1400.0,60.0,Roma,Bilocale,big,center,1.0,2,small
2400.0,135.0,Roma,Appartamento,big,center,1.0,6,mid
1750.0,132.0,Roma,Attico,big,center,1.0,5,mid
1300.0,110.0,Roma,Quadrilocale,big,center,1.0,4,mid
4000.0,260.0,Roma,Appartamento,big,center,1.0,6,large
2000.0,127.0,Roma,Quadrilocale,big,center,1.0,4,mid
780.0,101.0,Roma,Trilocale,big,center,1.0,3,mid
830.0,60.0,Roma,Trilocale,big,center,1.0,3,small
8000.0,203.0,Roma,Villa,big,center,1.0,4,large
1450.0,100.0,Roma,Trilocale,big,center,1.0,3,mid
1650.0,115.0,Roma,Trilocale,big,center,1.0,3,mid
2800.0,245.0,Roma,Attico,big,center,5.0,6,large
2000.0,122.0,Roma,Quadrilocale,big,center,5.0,4,mid
2100.0,92.0,Roma,Trilocale,big,center,5.0,3,mid-small
2300.0,180.0,Roma,Appartamento,big,center,5.0,5,mid
4200.0,130.0,Roma,Quadrilocale,big,center,5.0,4,mid
1850.0,80.0,Roma,Trilocale,big,center,5.0,3,mid-small
4300.0,210.0,Roma,Appartamento,big,center,5.0,6,large
9500.0,200.0,Roma,Attico,big,center,5.0,4,large
900.0,41.0,Roma,Bilocale,big,center,5.0,2,small
1050.0,90.0,Roma,Trilocale,big,center,5.0,3,mid-small
1850.0,110.0,Roma,Trilocale,big,center,5.0,3,mid
3000.0,95.0,Roma,Quadrilocale,big,center,5.0,4,mid-small
1450.0,75.0,Roma,Trilocale,big,center,5.0,3,mid-small
850.0,30.0,Roma,Monolocale,big,center,5.0,1,very small
1200.0,35.0,Roma,Bilocale,big,center,5.0,2,very small
4500.0,235.0,Roma,Attico,big,center,5.0,6,large
1450.0,103.0,Roma,Quadrilocale,big,center,5.0,4,mid
5500.0,147.0,Roma,Attico,big,center,5.0,3,mid
850.0,45.0,Roma,Bilocale,big,center,5.0,2,small
1050.0,110.0,Roma,Trilocale,big,center,5.0,3,mid
750.0,110.0,Roma,Trilocale,big,center,5.0,3,mid
1500.0,75.0,Roma,Bilocale,big,center,5.0,2,mid-small
1250.0,70.0,Roma,Bilocale,big,center,5.0,2,mid-small
1100.0,53.0,Roma,Bilocale,big,center,5.0,2,small
4500.0,144.0,Roma,Quadrilocale,big,center,5.0,4,mid
7000.0,400.0,Roma,Villa,big,center,2.0,6,very large
900.0,90.0,Roma,Quadrilocale,big,center,2.0,4,mid-small
1500.0,72.0,Roma,Trilocale,big,center,2.0,3,mid-small
320.0,120.0,Roma,Quadrilocale,big,center,2.0,4,mid
3500.0,80.0,Roma,Appartamento,big,center,2.0,5,mid-small
1350.0,100.0,Roma,Trilocale,big,center,2.0,3,mid
1100.0,75.0,Roma,Attico,big,center,2.0,3,mid-small
1000.0,110.0,Roma,Trilocale,big,center,2.0,3,mid
1700.0,60.0,Roma,Attico,big,center,2.0,2,small
1400.0,53.0,Roma,Bilocale,big,center,2.0,2,small
2100.0,120.0,Roma,Appartamento,big,center,2.0,6,mid
650.0,73.0,Roma,Bilocale,big,center,2.0,2,mid-small
1600.0,80.0,Roma,Trilocale,big,center,2.0,3,mid-small
880.0,65.0,Roma,Bilocale,big,center,2.0,2,small
4000.0,150.0,Roma,Appartamento,big,center,2.0,6,mid
2500.0,70.0,Roma,Trilocale,big,center,2.0,3,mid-small
1000.0,150.0,Roma,Villa,big,center,2.0,6,mid
1000.0,261.0,Roma,Appartamento,big,center,2.0,5,large
7500.0,375.0,Roma,Appartamento,big,center,2.0,6,large
800.0,80.0,Roma,Trilocale,big,center,2.0,3,mid-small
900.0,70.0,Roma,Attico,big,center,2.0,3,mid-small
1300.0,70.0,Roma,Bilocale,big,center,2.0,2,mid-small
1400.0,50.0,Roma,Attico,big,center,2.0,2,small
1350.0,80.0,Roma,Quadrilocale,big,center,1.0,4,mid-small
650.0,66.0,Roma,Bilocale,big,center,1.0,2,small
1800.0,65.0,Roma,Bilocale,big,center,1.0,2,small
750.0,42.0,Roma,Bilocale,big,center,1.0,2,small
5000.0,100.0,Roma,Bilocale,big,center,1.0,2,mid
850.0,30.0,Roma,Monolocale,big,center,1.0,1,very small
850.0,62.0,Roma,Bilocale,big,center,1.0,2,small
630.0,47.0,Roma,Monolocale,big,center,1.0,1,small
1100.0,100.0,Roma,Quadrilocale,big,center,1.0,4,mid
1900.0,142.0,Roma,Appartamento,big,center,1.0,5,mid
1400.0,60.0,Roma,Attico,big,center,1.0,2,small
1600.0,60.0,Roma,Bilocale,big,center,1.0,2,small
2300.0,176.0,Roma,Appartamento,big,center,1.0,5,mid
850.0,58.0,Roma,Bilocale,big,center,1.0,2,small
1200.0,113.0,Roma,Quadrilocale,big,center,1.0,4,mid
1900.0,80.0,Roma,Trilocale,big,center,1.0,3,mid-small
790.0,76.0,Roma,Trilocale,big,center,1.0,3,mid-small
800.0,65.0,Roma,Bilocale,big,center,1.0,2,small
2300.0,150.0,Roma,Appartamento,big,center,1.0,6,mid
1550.0,100.0,Roma,Trilocale,big,center,1.0,3,mid
1200.0,85.0,Roma,Trilocale,big,center,1.0,3,mid-small
800.0,102.0,Roma,Trilocale,big,center,1.0,3,mid
1500.0,70.0,Roma,Trilocale,big,center,1.0,3,mid-small
700.0,70.0,Roma,Trilocale,big,center,1.0,3,mid-small
1850.0,125.0,Roma,Quadrilocale,big,center,1.0,4,mid
1300.0,85.0,Roma,Trilocale,big,center,0.0,3,mid-small
600.0,45.0,Roma,Monolocale,big,center,0.0,1,small
850.0,65.0,Roma,Trilocale,big,center,0.0,3,small
1500.0,50.0,Roma,Bilocale,big,center,0.0,2,small
1650.0,75.0,Roma,Trilocale,big,center,0.0,3,mid-small
1000.0,83.0,Roma,Trilocale,big,center,0.0,3,mid-small
690.0,55.0,Roma,Bilocale,big,center,0.0,2,small
2100.0,68.0,Roma,Bilocale,big,center,0.0,2,small
850.0,60.0,Roma,Bilocale,big,center,0.0,2,small
800.0,63.0,Roma,Bilocale,big,center,0.0,2,small
2750.0,100.0,Roma,Loft,big,center,0.0,3,mid
950.0,80.0,Roma,Trilocale,big,center,0.0,3,mid-small
2200.0,135.0,Roma,Quadrilocale,big,center,0.0,4,mid
1400.0,216.0,Roma,Appartamento,big,center,0.0,5,large
950.0,70.0,Roma,Bilocale,big,center,0.0,2,mid-small
3000.0,300.0,Roma,Villa,big,center,0.0,6,large
2200.0,119.0,Roma,Quadrilocale,big,center,0.0,4,mid
1800.0,90.0,Roma,Trilocale,big,center,0.0,3,mid-small
1900.0,115.0,Roma,Trilocale,big,center,0.0,3,mid
950.0,72.0,Roma,Trilocale,big,center,0.0,3,mid-small
1100.0,100.0,Roma,Trilocale,big,center,0.0,3,mid
5000.0,140.0,Roma,Attico,big,center,0.0,3,mid
2000.0,60.0,Roma,Bilocale,big,center,0.0,2,small
750.0,71.0,Roma,Trilocale,big,center,1.0,3,mid-small
1800.0,115.0,Roma,Trilocale,big,center,1.0,3,mid
2000.0,60.0,Roma,Bilocale,big,center,1.0,2,small
730.0,54.0,Roma,Monolocale,big,center,1.0,1,small
1250.0,119.0,Roma,Trilocale,big,center,1.0,3,mid
1800.0,50.0,Roma,Bilocale,big,center,1.0,2,small
2200.0,110.0,Roma,Trilocale,big,center,1.0,3,mid
1150.0,75.0,Roma,Trilocale,big,center,1.0,3,mid-small
1100.0,60.0,Roma,Bilocale,big,center,1.0,2,small
800.0,60.0,Roma,Bilocale,big,center,1.0,2,small
950.0,60.0,Roma,Bilocale,big,center,1.0,2,small
650.0,59.0,Roma,Bilocale,big,center,1.0,2,small
2500.0,200.0,Roma,Villa,big,center,1.0,5,large
850.0,80.0,Roma,Trilocale,big,center,1.0,3,mid-small
6000.0,190.0,Roma,Appartamento,big,center,1.0,6,mid
1200.0,40.0,Roma,Bilocale,big,center,1.0,2,small
650.0,35.0,Roma,Bilocale,big,center,1.0,2,very small
1300.0,80.0,Roma,Trilocale,big,center,1.0,3,mid-small
1200.0,105.0,Roma,Trilocale,big,center,1.0,3,mid
4200.0,230.0,Roma,Appartamento,big,center,1.0,6,large
600.0,50.0,Roma,Monolocale,big,center,1.0,1,small
6500.0,230.0,Roma,Appartamento,big,center,1.0,5,large
750.0,53.0,Roma,Bilocale,big,center,1.0,2,small
1500.0,120.0,Roma,Quadrilocale,big,center,1.0,4,mid
800.0,90.0,Roma,Bilocale,big,center,1.0,2,mid-small
700.0,55.0,Roma,Bilocale,big,center,3.0,2,small
1200.0,108.0,Roma,Trilocale,big,center,3.0,3,mid
850.0,65.0,Roma,Bilocale,big,center,3.0,2,small
2500.0,180.0,Roma,Appartamento,big,center,3.0,5,mid
1000.0,100.0,Roma,Trilocale,big,center,3.0,3,mid
2000.0,110.0,Roma,Attico,big,center,3.0,3,mid
1200.0,110.0,Roma,Quadrilocale,big,center,3.0,4,mid
750.0,70.0,Roma,Mansarda,big,center,3.0,3,mid-small
850.0,30.0,Roma,Monolocale,big,center,3.0,1,very small
850.0,96.0,Roma,Trilocale,big,center,3.0,3,mid-small
1280.0,90.0,Roma,Bilocale,big,center,3.0,2,mid-small
2300.0,93.0,Roma,Villa,big,center,3.0,4,mid-small
2300.0,115.0,Roma,Attico,big,center,3.0,3,mid
950.0,85.0,Roma,Trilocale,big,center,3.0,3,mid-small
1050.0,80.0,Roma,Bilocale,big,center,3.0,2,mid-small
1700.0,210.0,Roma,Appartamento,big,center,3.0,6,large
5000.0,200.0,Roma,Appartamento,big,center,3.0,5,large
1750.0,110.0,Roma,Quadrilocale,big,center,3.0,4,mid
1700.0,66.0,Roma,Bilocale,big,center,3.0,2,small
2500.0,200.0,Roma,Villa,big,center,3.0,6,large
350.0,91.0,Roma,Trilocale,big,center,3.0,3,mid-small
1350.0,75.0,Roma,Trilocale,big,center,3.0,3,mid-small
1100.0,55.0,Roma,Bilocale,big,center,3.0,2,small
890.0,70.0,Roma,Bilocale,big,center,3.0,2,mid-small
900.0,82.0,Roma,Trilocale,big,center,3.0,3,mid-small
1100.0,113.0,Roma,Quadrilocale,big,center,0.5,4,mid
700.0,45.0,Roma,Bilocale,big,center,0.5,2,small
1500.0,100.0,Roma,Quadrilocale,big,center,0.5,4,mid
1380.0,115.0,Roma,Trilocale,big,center,0.5,3,mid
550.0,57.0,Roma,Attico,big,center,0.5,2,small
700.0,60.0,Roma,Bilocale,big,center,0.5,2,small
550.0,50.0,Roma,Bilocale,big,center,0.5,2,small
2300.0,140.0,Roma,Appartamento,big,center,0.5,5,mid
900.0,55.0,Roma,Trilocale,big,center,0.5,3,small
2500.0,100.0,Roma,Palazzo,big,center,0.5,2,mid
1000.0,83.0,Roma,Quadrilocale,big,center,0.5,4,mid-small
3500.0,250.0,Roma,Appartamento,big,center,0.5,6,large
800.0,70.0,Roma,Bilocale,big,center,0.5,2,mid-small
900.0,51.0,Roma,Monolocale,big,center,0.5,1,small
950.0,65.0,Roma,Trilocale,big,center,0.5,3,small
1000.0,57.0,Roma,Trilocale,big,center,0.5,3,small
780.0,70.0,Roma,Bilocale,big,center,0.5,2,mid-small
850.0,50.0,Roma,Bilocale,big,center,0.5,2,small
650.0,83.0,Roma,Trilocale,big,center,0.5,3,mid-small
1150.0,81.0,Roma,Trilocale,big,center,0.5,3,mid-small
1300.0,120.0,Roma,Quadrilocale,big,center,0.5,4,mid
5300.0,240.0,Roma,Attico,big,center,0.5,4,large
4200.0,210.0,Roma,Appartamento,big,center,0.5,5,large
550.0,45.0,Roma,Bilocale,big,center,0.5,2,small
800.0,65.0,Roma,Trilocale,big,center,3.0,3,small
800.0,75.0,Roma,Bilocale,big,center,3.0,2,mid-small
2400.0,233.0,Roma,Appartamento,big,center,3.0,5,large
2200.0,65.0,Roma,Bilocale,big,center,3.0,2,small
1750.0,40.0,Roma,Monolocale,big,center,3.0,1,small
1600.0,199.0,Roma,Trilocale,big,center,3.0,3,mid
1900.0,130.0,Roma,Quadrilocale,big,center,3.0,4,mid
1500.0,137.0,Roma,Appartamento,big,center,3.0,5,mid
1000.0,140.0,Roma,Quadrilocale,big,center,3.0,4,mid
1200.0,100.0,Roma,Quadrilocale,big,center,3.0,4,mid
1100.0,300.0,Roma,Attico,big,center,3.0,6,large
2800.0,100.0,Roma,Trilocale,big,center,3.0,3,mid
1150.0,75.0,Roma,Villa,big,center,3.0,3,mid-small
950.0,95.0,Roma,Trilocale,big,center,3.0,3,mid-small
1500.0,120.0,Roma,Quadrilocale,big,center,3.0,4,mid
4200.0,225.0,Roma,Attico,big,center,3.0,6,large
900.0,60.0,Roma,Bilocale,big,center,3.0,2,small
830.0,68.0,Roma,Bilocale,big,center,3.0,2,small
3300.0,140.0,Roma,Quadrilocale,big,center,3.0,4,mid
2300.0,120.0,Roma,Quadrilocale,big,center,3.0,4,mid
1300.0,143.0,Roma,Quadrilocale,big,center,3.0,4,mid
750.0,45.0,Roma,Bilocale,big,center,3.0,2,small
2500.0,260.0,Roma,Appartamento,big,center,3.0,6,large
770.0,75.0,Roma,Trilocale,big,center,3.0,3,mid-small
1150.0,95.0,Roma,Trilocale,big,center,3.0,3,mid-small
1300.0,89.0,Roma,Quadrilocale,big,center,3.0,4,mid-small
1100.0,117.0,Roma,Trilocale,big,center,3.0,3,mid
700.0,81.0,Roma,Bilocale,big,center,3.0,2,mid-small
3000.0,130.0,Roma,Appartamento,big,center,3.0,5,mid
1800.0,65.0,Roma,Bilocale,big,center,3.0,2,small
800.0,50.0,Roma,Trilocale,big,center,3.0,3,small
850.0,50.0,Roma,Bilocale,big,center,3.0,2,small
900.0,70.0,Roma,Bilocale,big,center,3.0,2,mid-small
850.0,57.0,Roma,Bilocale,big,center,3.0,2,small
2300.0,160.0,Roma,Appartamento,big,center,3.0,5,mid
900.0,55.0,Roma,Bilocale,big,center,3.0,2,small
850.0,65.0,Roma,Bilocale,big,center,3.0,2,small
5000.0,166.0,Roma,Attico,big,center,3.0,4,mid
1400.0,60.0,Roma,Bilocale,big,center,3.0,2,small
4500.0,237.0,Roma,Villa,big,center,3.0,6,large
5300.0,239.0,Roma,Attico,big,center,3.0,4,large
820.0,70.0,Roma,Trilocale,big,center,3.0,3,mid-small
1100.0,80.0,Roma,Bilocale,big,center,3.0,2,mid-small
800.0,74.0,Roma,Trilocale,big,center,3.0,3,mid-small
2200.0,160.0,Roma,Appartamento,big,center,3.0,6,mid
1250.0,125.0,Roma,Trilocale,big,center,3.0,3,mid
1700.0,60.0,Roma,Trilocale,big,center,3.0,3,small
2900.0,324.0,Roma,Villa,big,center,3.0,6,large
900.0,50.0,Roma,Bilocale,big,center,2.0,2,small
1100.0,37.0,Roma,Monolocale,big,center,2.0,1,very small
1400.0,120.0,Roma,Trilocale,big,center,2.0,3,mid
2100.0,130.0,Roma,Trilocale,big,center,2.0,3,mid
3500.0,170.0,Roma,Appartamento,big,center,2.0,6,mid
1200.0,80.0,Roma,Trilocale,big,center,2.0,3,mid-small
850.0,72.0,Roma,Bilocale,big,center,2.0,2,mid-small
3500.0,180.0,Roma,Quadrilocale,big,center,2.0,4,mid
2100.0,131.0,Roma,Trilocale,big,center,2.0,3,mid
2300.0,95.0,Roma,Quadrilocale,big,center,2.0,4,mid-small
850.0,120.0,Roma,Trilocale,big,center,2.0,3,mid
1200.0,700.0,Roma,Villa,big,center,2.0,6,very large
1300.0,75.0,Roma,Trilocale,big,center,2.0,3,mid-small
640.0,43.0,Roma,Monolocale,big,center,2.0,1,small
700.0,55.0,Roma,Bilocale,big,center,2.0,2,small
1000.0,37.0,Roma,Bilocale,big,center,2.0,2,very small
4300.0,141.0,Roma,Appartamento,big,center,2.0,6,mid
850.0,90.0,Roma,Trilocale,big,center,2.0,3,mid-small
1900.0,110.0,Roma,Trilocale,big,center,2.0,3,mid
2100.0,186.0,Roma,Appartamento,big,center,2.0,5,mid
1300.0,120.0,Roma,Trilocale,big,center,2.0,3,mid
1350.0,430.0,Roma,Appartamento,big,center,2.0,6,very large
2400.0,132.0,Roma,Quadrilocale,big,center,2.0,4,mid
680.0,61.0,Roma,Bilocale,big,center,4.0,2,small
2000.0,188.0,Roma,Appartamento,big,center,4.0,5,mid
1350.0,75.0,Roma,Bilocale,big,center,4.0,2,mid-small
1200.0,90.0,Roma,Appartamento,big,center,4.0,6,mid-small
2300.0,177.0,Roma,Appartamento,big,center,4.0,5,mid
1600.0,100.0,Roma,Trilocale,big,center,4.0,3,mid
1900.0,156.0,Roma,Appartamento,big,center,4.0,5,mid
730.0,51.0,Roma,Monolocale,big,center,4.0,1,small
1350.0,85.0,Roma,Trilocale,big,center,4.0,3,mid-small
1700.0,140.0,Roma,Quadrilocale,big,center,4.0,4,mid
1150.0,190.0,Roma,Appartamento,big,center,4.0,5,mid
850.0,81.0,Roma,Trilocale,big,center,4.0,3,mid-small
1600.0,60.0,Roma,Trilocale,big,center,4.0,3,small
2000.0,238.0,Roma,Villa,big,center,4.0,6,large
5800.0,390.0,Roma,Appartamento,big,center,4.0,6,large
1300.0,80.0,Roma,Trilocale,big,center,4.0,3,mid-small
2300.0,184.0,Roma,Appartamento,big,center,4.0,6,mid
3300.0,160.0,Roma,Quadrilocale,big,center,4.0,4,mid
900.0,75.0,Roma,Bilocale,big,center,4.0,2,mid-small
1500.0,110.0,Roma,Appartamento,big,center,4.0,5,mid
900.0,70.0,Roma,Bilocale,big,center,4.0,2,mid-small
600.0,25.0,Roma,Monolocale,big,center,4.0,1,very small
1800.0,152.0,Roma,Quadrilocale,big,center,4.0,4,mid
1000.0,87.0,Roma,Trilocale,big,center,4.0,3,mid-small
739.0,30.0,Roma,Bilocale,big,center,1.0,2,very small
700.0,75.0,Roma,Trilocale,big,center,1.0,3,mid-small
800.0,75.0,Roma,Bilocale,big,center,1.0,2,mid-small
6500.0,290.0,Roma,Quadrilocale,big,center,1.0,4,large
750.0,70.0,Roma,Trilocale,big,center,1.0,3,mid-small
4950.0,390.0,Roma,Appartamento,big,center,1.0,6,large
850.0,77.0,Roma,Bilocale,big,center,1.0,2,mid-small
950.0,45.0,Roma,Bilocale,big,center,1.0,2,small
2500.0,240.0,Roma,Villa,big,center,1.0,6,large
800.0,50.0,Roma,Attico,big,center,1.0,2,small
1100.0,86.0,Roma,Trilocale,big,center,1.0,3,mid-small
750.0,50.0,Roma,Bilocale,big,center,1.0,2,small
900.0,55.0,Roma,Bilocale,big,center,1.0,2,small
1300.0,138.0,Roma,Quadrilocale,big,center,1.0,4,mid
3200.0,125.0,Roma,Quadrilocale,big,center,1.0,4,mid
1350.0,95.0,Roma,Trilocale,big,center,1.0,3,mid-small
1100.0,90.0,Roma,Trilocale,big,center,1.0,3,mid-small
700.0,48.0,Roma,Bilocale,big,center,1.0,2,small
3000.0,90.0,Roma,Attico,big,center,1.0,3,mid-small
1300.0,130.0,Roma,Trilocale,big,center,1.0,3,mid
850.0,40.0,Roma,Monolocale,big,center,1.0,1,small
2900.0,182.0,Roma,Appartamento,big,center,1.0,5,mid
1200.0,70.0,Roma,Bilocale,big,center,1.0,2,mid-small
1100.0,90.0,Roma,Trilocale,big,center,1.0,3,mid-small
1100.0,100.0,Roma,Villa,big,center,3.0,4,mid
1000.0,82.0,Roma,Trilocale,big,center,3.0,3,mid-small
2500.0,270.0,Roma,Villa,big,center,3.0,4,large
2100.0,155.0,Roma,Quadrilocale,big,center,3.0,4,mid
800.0,70.0,Roma,Bilocale,big,center,3.0,2,mid-small
1600.0,199.0,Roma,Trilocale,big,center,3.0,3,mid
1300.0,81.0,Roma,Attico,big,center,3.0,2,mid-small
2300.0,135.0,Roma,Appartamento,big,center,3.0,5,mid
790.0,70.0,Roma,Bilocale,big,center,3.0,2,mid-small
2650.0,110.0,Roma,Attico,big,center,3.0,3,mid
1300.0,135.0,Roma,Quadrilocale,big,center,3.0,4,mid
1600.0,55.0,Roma,Bilocale,big,center,3.0,2,small
4000.0,130.0,Roma,Attico,big,center,3.0,3,mid
3500.0,100.0,Roma,Appartamento,big,center,3.0,5,mid
1900.0,90.0,Roma,Trilocale,big,center,3.0,3,mid-small
1300.0,100.0,Roma,Villa,big,center,3.0,3,mid
1290.0,110.0,Roma,Quadrilocale,big,center,3.0,4,mid
900.0,65.0,Roma,Trilocale,big,center,3.0,3,small
790.0,78.0,Roma,Trilocale,big,center,3.0,3,mid-small
900.0,62.0,Roma,Bilocale,big,center,3.0,2,small
650.0,70.0,Roma,Bilocale,big,center,3.0,2,mid-small
1100.0,60.0,Roma,Bilocale,big,center,3.0,2,small
1300.0,107.0,Roma,Appartamento,big,center,3.0,6,mid
4000.0,308.0,Roma,Appartamento,big,center,3.0,6,large
1350.0,100.0,Roma,Trilocale,big,center,3.0,3,mid
700.0,50.0,Roma,Bilocale,big,center,6.0,2,small
1000.0,100.0,Roma,Trilocale,big,center,6.0,3,mid
830.0,50.0,Roma,Bilocale,big,center,6.0,2,small
990.0,50.0,Roma,Bilocale,big,center,6.0,2,small
6000.0,160.0,Roma,Attico,big,center,6.0,5,mid
1050.0,66.0,Roma,Trilocale,big,center,6.0,3,small
2000.0,85.0,Roma,Trilocale,big,center,6.0,3,mid-small
900.0,100.0,Roma,Trilocale,big,center,6.0,3,mid
6500.0,255.0,Roma,Appartamento,big,center,6.0,6,large
1700.0,208.0,Roma,Appartamento,big,center,6.0,6,large
1300.0,180.0,Roma,Quadrilocale,big,center,6.0,4,mid
1200.0,40.0,Roma,Bilocale,big,center,6.0,2,small
1200.0,71.0,Roma,Bilocale,big,center,6.0,2,mid-small
1300.0,123.0,Roma,Trilocale,big,center,6.0,3,mid
1400.0,92.0,Roma,Trilocale,big,center,6.0,3,mid-small
2100.0,165.0,Roma,Appartamento,big,center,6.0,6,mid
3900.0,200.0,Roma,Attico,big,center,6.0,5,large
1350.0,84.0,Roma,Attico,big,center,6.0,2,mid-small
1800.0,145.0,Roma,Villa,big,center,6.0,6,mid
3700.0,140.0,Roma,Attico,big,center,6.0,6,mid
750.0,70.0,Roma,Quadrilocale,big,center,6.0,4,mid-small
2300.0,100.0,Roma,Trilocale,big,center,6.0,3,mid
5000.0,204.0,Roma,Quadrilocale,big,center,6.0,4,large
8000.0,150.0,Roma,Attico,big,center,6.0,6,mid
2500.0,182.0,Roma,Appartamento,big,center,6.0,5,mid
1500.0,110.0,Roma,Trilocale,big,center,1.0,3,mid
1250.0,65.0,Roma,Bilocale,big,center,1.0,2,small
1200.0,110.0,Roma,Quadrilocale,big,center,1.0,4,mid
1800.0,52.0,Roma,Attico,big,center,1.0,3,small
750.0,64.0,Roma,Trilocale,big,center,1.0,3,small
950.0,60.0,Roma,Bilocale,big,center,1.0,2,small
1600.0,90.0,Roma,Trilocale,big,center,1.0,3,mid-small
3500.0,200.0,Roma,Attico,big,center,1.0,6,large
800.0,120.0,Roma,Bilocale,big,center,1.0,2,mid
1200.0,100.0,Roma,Quadrilocale,big,center,1.0,4,mid
1100.0,75.0,Roma,Trilocale,big,center,1.0,3,mid-small
1250.0,113.0,Roma,Trilocale,big,center,1.0,3,mid
1900.0,95.0,Roma,Quadrilocale,big,center,1.0,4,mid-small
4000.0,365.0,Roma,Villa,big,center,1.0,6,large
1900.0,95.0,Roma,Quadrilocale,big,center,1.0,4,mid-small
3000.0,300.0,Roma,Villa,big,center,1.0,6,large
1250.0,75.0,Roma,Trilocale,big,center,1.0,3,mid-small
1600.0,90.0,Roma,Trilocale,big,center,1.0,3,mid-small
1400.0,130.0,Roma,Appartamento,big,center,1.0,5,mid
1500.0,65.0,Roma,Bilocale,big,center,1.0,2,small
6500.0,150.0,Roma,Appartamento,big,center,1.0,6,mid
800.0,35.0,Roma,Monolocale,big,center,1.0,1,very small
1000.0,110.0,Roma,Trilocale,big,center,1.0,3,mid
1800.0,140.0,Roma,Quadrilocale,big,center,1.0,4,mid
1000.0,47.0,Roma,Bilocale,big,center,4.0,2,small
1250.0,100.0,Roma,Trilocale,big,center,4.0,3,mid
3000.0,77.0,Roma,Bilocale,big,center,4.0,2,mid-small
1850.0,85.0,Roma,Trilocale,big,center,4.0,3,mid-small
2200.0,136.0,Roma,Quadrilocale,big,center,4.0,4,mid
1100.0,85.0,Roma,Trilocale,big,center,4.0,3,mid-small
1300.0,110.0,Roma,Bilocale,big,center,4.0,2,mid
900.0,114.0,Roma,Trilocale,big,center,4.0,3,mid
800.0,65.0,Roma,Trilocale,big,center,4.0,3,small
660.0,42.0,Roma,Bilocale,big,center,4.0,2,small
1100.0,90.0,Roma,Trilocale,big,center,4.0,3,mid-small
770.0,93.0,Roma,Trilocale,big,center,4.0,3,mid-small
1400.0,80.0,Roma,Trilocale,big,center,4.0,3,mid-small
700.0,50.0,Roma,Bilocale,big,center,4.0,2,small
1850.0,200.0,Roma,Attico,big,center,4.0,4,large
3500.0,180.0,Roma,Appartamento,big,center,4.0,6,mid
2600.0,176.0,Roma,Quadrilocale,big,center,4.0,4,mid
1800.0,310.0,Roma,Quadrilocale,big,center,4.0,4,large
3650.0,45.0,Roma,Bilocale,big,center,4.0,2,small
5150.0,70.0,Roma,Bilocale,big,center,4.0,2,mid-small
4100.0,65.0,Roma,Trilocale,big,center,4.0,3,small
750.0,53.0,Roma,Trilocale,big,center,4.0,3,small
1000.0,70.0,Roma,Trilocale,big,center,4.0,3,mid-small
2250.0,130.0,Roma,Villa,big,center,4.0,4,mid
1300.0,140.0,Roma,Quadrilocale,big,center,4.0,4,mid
1900.0,180.0,Roma,Appartamento,big,center,4.0,6,mid
900.0,90.0,Roma,Trilocale,big,center,4.0,3,mid-small
1800.0,115.0,Roma,Trilocale,big,center,4.0,3,mid
900.0,55.0,Roma,Bilocale,big,center,4.0,2,small
500.0,30.0,Roma,Monolocale,big,center,4.0,1,very small
3000.0,126.0,Roma,Quadrilocale,big,center,4.0,4,mid
1900.0,100.0,Roma,Quadrilocale,big,center,4.0,4,mid
1200.0,85.0,Roma,Trilocale,big,center,4.0,3,mid-small
1500.0,90.0,Roma,Quadrilocale,big,center,4.0,4,mid-small
2500.0,200.0,Roma,Appartamento,big,center,4.0,5,large
2100.0,165.0,Roma,Quadrilocale,big,center,4.0,4,mid
650.0,55.0,Roma,Bilocale,big,center,4.0,2,small
1650.0,80.0,Roma,Trilocale,big,center,4.0,3,mid-small
1400.0,100.0,Roma,Trilocale,big,center,4.0,3,mid
1500.0,120.0,Roma,Attico,big,center,4.0,3,mid
1800.0,145.0,Roma,Quadrilocale,big,center,4.0,4,mid
1790.0,120.0,Roma,Quadrilocale,big,center,4.0,4,mid
1600.0,135.0,Roma,Quadrilocale,big,center,4.0,4,mid
3100.0,90.0,Roma,Trilocale,big,center,4.0,3,mid-small
1350.0,80.0,Roma,Trilocale,big,center,4.0,3,mid-small
1000.0,90.0,Roma,Trilocale,big,center,4.0,3,mid-small
1700.0,180.0,Roma,Quadrilocale,big,center,4.0,4,mid
2400.0,147.0,Roma,Quadrilocale,big,center,4.0,4,mid
900.0,91.0,Roma,Trilocale,big,center,1.0,3,mid-small
600.0,40.0,Roma,Monolocale,big,center,1.0,1,small
800.0,35.0,Roma,Monolocale,big,center,1.0,1,very small
8000.0,150.0,Roma,Villa,big,center,1.0,5,mid
850.0,65.0,Roma,Bilocale,big,center,1.0,2,small
1600.0,90.0,Roma,Trilocale,big,center,1.0,3,mid-small
2000.0,200.0,Roma,Quadrilocale,big,center,1.0,4,large
980.0,90.0,Roma,Attico,big,center,1.0,4,mid-small
1100.0,70.0,Roma,Trilocale,big,center,1.0,3,mid-small
850.0,85.0,Roma,Bilocale,big,center,1.0,2,mid-small
1100.0,85.0,Roma,Attico,big,center,1.0,3,mid-small
850.0,65.0,Roma,Trilocale,big,center,1.0,3,small
1200.0,60.0,Roma,Bilocale,big,center,1.0,2,small
2800.0,245.0,Roma,Villa,big,center,1.0,6,large
600.0,45.0,Roma,Bilocale,big,center,1.0,2,small
850.0,58.0,Roma,Monolocale,big,center,1.0,1,small
2800.0,240.0,Roma,Appartamento,big,center,1.0,6,large
3000.0,136.0,Roma,Quadrilocale,big,center,1.0,4,mid
790.0,90.0,Roma,Trilocale,big,center,1.0,3,mid-small
5600.0,320.0,Roma,Appartamento,big,center,1.0,6,large
1200.0,30.0,Roma,Monolocale,big,center,1.0,1,very small
750.0,60.0,Roma,Trilocale,big,center,1.0,3,small
2800.0,160.0,Roma,Quadrilocale,big,center,1.0,4,mid
750.0,72.0,Roma,Trilocale,big,center,1.0,3,mid-small
1250.0,80.0,Roma,Trilocale,big,center,1.0,3,mid-small
1000.0,85.0,Roma,Bilocale,big,center,0.0,2,mid-small
1089.0,75.0,Roma,Trilocale,big,center,0.0,3,mid-small
990.0,90.0,Roma,Trilocale,big,center,0.0,3,mid-small
1000.0,70.0,Roma,Bilocale,big,center,0.0,2,mid-small
1600.0,188.0,Roma,Villa,big,center,0.0,4,mid
750.0,73.0,Roma,Trilocale,big,center,0.0,3,mid-small
1200.0,140.0,Roma,Quadrilocale,big,center,0.0,4,mid
1330.0,83.0,Roma,Trilocale,big,center,0.0,3,mid-small
850.0,95.0,Roma,Trilocale,big,center,0.0,3,mid-small
1100.0,100.0,Roma,Quadrilocale,big,center,0.0,4,mid
650.0,35.0,Roma,Bilocale,big,center,0.0,2,very small
2700.0,120.0,Roma,Quadrilocale,big,center,0.0,4,mid
1150.0,75.0,Roma,Trilocale,big,center,0.0,3,mid-small
1200.0,103.0,Roma,Trilocale,big,center,0.0,3,mid
1690.0,145.0,Roma,Quadrilocale,big,center,0.0,4,mid
1700.0,106.0,Roma,Quadrilocale,big,center,0.0,4,mid
500.0,25.0,Roma,Monolocale,big,center,0.0,1,very small
700.0,70.0,Roma,Bilocale,big,center,0.0,2,mid-small
900.0,65.0,Roma,Mansarda,big,center,0.0,2,small
1000.0,90.0,Roma,Trilocale,big,center,0.0,3,mid-small
1200.0,65.0,Roma,Bilocale,big,center,0.0,2,small
1350.0,716.0,Roma,Villa,big,center,0.0,6,very large
3000.0,600.0,Roma,Villa,big,center,0.0,6,very large
2500.0,120.0,Roma,Quadrilocale,big,center,2.0,4,mid
1500.0,120.0,Roma,Quadrilocale,big,center,2.0,4,mid
8000.0,150.0,Roma,Appartamento,big,center,2.0,5,mid
1000.0,90.0,Roma,Trilocale,big,center,2.0,3,mid-small
650.0,40.0,Roma,Bilocale,big,center,2.0,2,small
1500.0,55.0,Roma,Bilocale,big,center,2.0,2,small
2100.0,90.0,Roma,Attico,big,center,2.0,3,mid-small
1150.0,56.0,Roma,Bilocale,big,center,2.0,2,small
3590.0,200.0,Roma,Appartamento,big,center,2.0,5,large
1900.0,140.0,Roma,Quadrilocale,big,center,2.0,4,mid
900.0,70.0,Roma,Mansarda,big,center,2.0,2,mid-small
3200.0,150.0,Roma,Villa,big,center,2.0,6,mid
1390.0,88.0,Roma,Trilocale,big,center,2.0,3,mid-small
1500.0,100.0,Roma,Trilocale,big,center,2.0,3,mid
2000.0,70.0,Roma,Trilocale,big,center,2.0,3,mid-small
6500.0,186.0,Roma,Attico,big,center,2.0,5,mid
1200.0,70.0,Roma,Bilocale,big,center,2.0,2,mid-small
2400.0,160.0,Roma,Quadrilocale,big,center,2.0,4,mid
1950.0,155.0,Roma,Attico,big,center,2.0,4,mid
750.0,44.0,Roma,Bilocale,big,center,2.0,2,small
8500.0,267.0,Roma,Attico,big,center,2.0,6,large
2500.0,135.0,Roma,Quadrilocale,big,center,2.0,4,mid
2200.0,280.0,Roma,Villa,big,center,2.0,6,large
950.0,85.0,Roma,Trilocale,big,center,2.0,3,mid-small
800.0,25.0,Roma,Monolocale,big,center,2.0,1,very small
1900.0,85.0,Roma,Trilocale,big,center,0.5,3,mid-small
900.0,135.0,Roma,Quadrilocale,big,center,0.5,4,mid
2000.0,90.0,Roma,Trilocale,big,center,0.5,3,mid-small
650.0,70.0,Roma,Bilocale,big,center,0.5,2,mid-small
1100.0,76.0,Roma,Quadrilocale,big,center,0.5,4,mid-small
1400.0,60.0,Roma,Trilocale,big,center,0.5,3,small
850.0,78.0,Roma,Trilocale,big,center,0.5,3,mid-small
1300.0,78.0,Roma,Trilocale,big,center,0.5,3,mid-small
1750.0,77.0,Roma,Bilocale,big,center,0.5,2,mid-small
4250.0,55.0,Roma,Bilocale,big,center,0.5,2,small
699.0,30.0,Roma,Bilocale,big,center,0.5,2,very small
1550.0,82.0,Roma,Trilocale,big,center,0.5,3,mid-small
2100.0,120.0,Roma,Quadrilocale,big,center,0.5,4,mid
1400.0,140.0,Roma,Appartamento,big,center,0.5,5,mid
3000.0,280.0,Roma,Villa,big,center,0.5,4,large
4600.0,196.0,Roma,Attico,big,center,0.5,6,mid
2700.0,143.0,Roma,Quadrilocale,big,center,0.5,4,mid
1550.0,50.0,Roma,Bilocale,big,center,0.5,2,small
1500.0,103.0,Roma,Trilocale,big,center,0.5,3,mid
7000.0,250.0,Roma,Appartamento,big,center,0.5,5,large
850.0,70.0,Roma,Bilocale,big,center,0.5,2,mid-small
2000.0,120.0,Roma,Quadrilocale,big,center,0.5,4,mid
3300.0,236.0,Roma,Attico,big,center,5.0,6,large
3500.0,220.0,Roma,Appartamento,big,center,5.0,5,large
780.0,43.0,Roma,Bilocale,big,center,5.0,2,small
1100.0,110.0,Roma,Trilocale,big,center,5.0,3,mid
1300.0,130.0,Roma,Villa,big,center,5.0,4,mid
3000.0,198.0,Roma,Appartamento,big,center,5.0,6,mid
900.0,58.0,Roma,Bilocale,big,center,5.0,2,small
2200.0,81.0,Roma,Trilocale,big,center,5.0,3,mid-small
1400.0,48.0,Roma,Attico,big,center,5.0,2,small
1650.0,95.0,Roma,Bilocale,big,center,5.0,2,mid-small
3500.0,234.0,Roma,Appartamento,big,center,5.0,6,large
1300.0,75.0,Roma,Trilocale,big,center,5.0,3,mid-small
1400.0,65.0,Roma,Attico,big,center,5.0,2,small
1300.0,70.0,Roma,Trilocale,big,center,5.0,3,mid-small
2500.0,129.0,Roma,Quadrilocale,big,center,5.0,4,mid
1200.0,75.0,Roma,Attico,big,center,5.0,3,mid-small
1800.0,181.0,Roma,Trilocale,big,center,5.0,3,mid
800.0,40.0,Roma,Bilocale,big,center,5.0,2,small
1400.0,100.0,Roma,Trilocale,big,center,5.0,3,mid
900.0,65.0,Roma,Bilocale,big,center,5.0,2,small
800.0,35.0,Roma,Monolocale,big,center,5.0,1,very small
500.0,35.0,Roma,Monolocale,big,center,5.0,1,very small
800.0,60.0,Roma,Bilocale,big,center,5.0,2,small
900.0,100.0,Roma,Quadrilocale,big,center,5.0,4,mid
850.0,60.0,Roma,Mansarda,big,center,5.0,2,small
1600.0,95.0,Roma,Trilocale,big,center,5.0,3,mid-small
1100.0,85.0,Roma,Trilocale,big,center,5.0,3,mid-small
1150.0,75.0,Roma,Trilocale,big,center,5.0,3,mid-small
2500.0,151.0,Roma,Trilocale,big,center,5.0,3,mid
4100.0,50.0,Roma,Bilocale,big,center,5.0,2,small
600.0,40.0,Roma,Monolocale,big,center,5.0,1,small
900.0,50.0,Roma,Bilocale,big,center,5.0,2,small
5500.0,130.0,Roma,Appartamento,big,center,5.0,6,mid
2100.0,90.0,Roma,Bilocale,big,center,5.0,2,mid-small
1300.0,90.0,Roma,Trilocale,big,center,5.0,3,mid-small
900.0,47.0,Roma,Bilocale,big,center,5.0,2,small
1050.0,86.0,Roma,Bilocale,big,center,5.0,2,mid-small
1250.0,101.0,Roma,Attico,big,center,5.0,3,mid
1500.0,80.0,Roma,Trilocale,big,center,5.0,3,mid-small
690.0,40.0,Roma,Monolocale,big,center,5.0,1,small
2700.0,120.0,Roma,Attico,big,center,5.0,3,mid
1250.0,100.0,Roma,Attico,big,center,5.0,4,mid
770.0,70.0,Roma,Bilocale,big,center,5.0,2,mid-small
1650.0,105.0,Roma,Quadrilocale,big,center,5.0,4,mid
1350.0,98.0,Roma,Trilocale,big,center,5.0,3,mid-small
600.0,48.0,Roma,Monolocale,big,center,5.0,1,small
1800.0,140.0,Roma,Mansarda,big,center,5.0,3,mid
2300.0,270.0,Roma,Villa,big,center,1.0,6,large
2500.0,140.0,Roma,Appartamento,big,center,1.0,5,mid
6500.0,285.0,Roma,Villa,big,center,1.0,5,large
6500.0,285.0,Roma,Villa,big,center,1.0,5,large
1300.0,69.0,Roma,Bilocale,big,center,1.0,2,small
3100.0,50.0,Roma,Bilocale,big,center,1.0,2,small
3200.0,50.0,Roma,Bilocale,big,center,1.0,2,small
8000.0,50.0,Roma,Trilocale,big,center,1.0,3,small
1600.0,50.0,Roma,Bilocale,big,center,1.0,2,small
3200.0,50.0,Roma,Bilocale,big,center,1.0,2,small
2900.0,60.0,Roma,Bilocale,big,center,1.0,2,small
4500.0,50.0,Roma,Quadrilocale,big,center,1.0,4,small
2850.0,50.0,Roma,Bilocale,big,center,1.0,2,small
2500.0,90.0,Roma,Trilocale,big,center,1.0,3,mid-small
2250.0,50.0,Roma,Bilocale,big,center,1.0,2,small
1200.0,50.0,Roma,Bilocale,big,center,1.0,2,small
3300.0,50.0,Roma,Trilocale,big,center,1.0,3,small
4900.0,50.0,Roma,Trilocale,big,center,1.0,3,small
1600.0,130.0,Roma,Quadrilocale,big,center,1.0,4,mid
2800.0,50.0,Roma,Trilocale,big,center,1.0,3,small
1600.0,70.0,Roma,Bilocale,big,center,1.0,2,mid-small
1950.0,45.0,Roma,Bilocale,big,center,1.0,2,small
3750.0,130.0,Roma,Appartamento,big,center,1.0,5,mid
3200.0,50.0,Roma,Bilocale,big,center,1.0,2,small
3500.0,40.0,Roma,Monolocale,big,center,1.0,1,small
2600.0,100.0,Roma,Bilocale,big,center,2.0,2,mid
1200.0,46.0,Roma,Trilocale,big,center,2.0,3,small
2300.0,50.0,Roma,Bilocale,big,center,2.0,2,small
2450.0,50.0,Roma,Bilocale,big,center,2.0,2,small
3200.0,50.0,Roma,Bilocale,big,center,2.0,2,small
2000.0,174.0,Roma,Appartamento,big,center,2.0,5,mid
1800.0,90.0,Roma,Bilocale,big,center,2.0,2,mid-small
3500.0,100.0,Roma,Trilocale,big,center,2.0,3,mid
2800.0,50.0,Roma,Bilocale,big,center,2.0,2,small
2000.0,50.0,Roma,Bilocale,big,center,2.0,2,small
2500.0,58.0,Roma,Bilocale,big,center,2.0,2,small
3200.0,50.0,Roma,Bilocale,big,center,2.0,2,small
3200.0,50.0,Roma,Bilocale,big,center,2.0,2,small
3200.0,100.0,Roma,Quadrilocale,big,center,2.0,4,mid
1200.0,40.0,Roma,Monolocale,big,center,2.0,1,small
2800.0,80.0,Roma,Bilocale,big,center,2.0,2,mid-small
2000.0,45.0,Roma,Bilocale,big,center,2.0,2,small
5000.0,80.0,Roma,Trilocale,big,center,2.0,3,mid-small
1300.0,70.0,Roma,Bilocale,big,center,2.0,2,mid-small
2000.0,50.0,Roma,Bilocale,big,center,2.0,2,small
1235.0,50.0,Roma,Bilocale,big,center,2.0,2,small
1205.0,50.0,Roma,Bilocale,big,center,2.0,2,small
1800.0,100.0,Roma,Trilocale,big,center,2.0,3,mid
3200.0,50.0,Roma,Bilocale,big,center,2.0,2,small
2200.0,35.0,Roma,Monolocale,big,center,2.0,1,very small
2250.0,50.0,Roma,Bilocale,big,center,1.0,2,small
1100.0,40.0,Roma,Monolocale,big,center,1.0,1,small
2450.0,50.0,Roma,Bilocale,big,center,1.0,2,small
3200.0,50.0,Roma,Trilocale,big,center,1.0,3,small
2900.0,80.0,Roma,Bilocale,big,center,1.0,2,mid-small
1300.0,72.0,Roma,Bilocale,big,center,1.0,2,mid-small
1400.0,70.0,Roma,Bilocale,big,center,1.0,2,mid-small
7500.0,200.0,Roma,Appartamento,big,center,1.0,6,large
3500.0,120.0,Roma,Quadrilocale,big,center,1.0,4,mid
2600.0,50.0,Roma,Bilocale,big,center,1.0,2,small
5000.0,50.0,Roma,Trilocale,big,center,1.0,3,small
3200.0,50.0,Roma,Bilocale,big,center,1.0,2,small
6000.0,50.0,Roma,Quadrilocale,big,center,1.0,4,small
2500.0,45.0,Roma,Bilocale,big,center,1.0,2,small
1550.0,50.0,Roma,Monolocale,big,center,1.0,1,small
6000.0,50.0,Roma,Quadrilocale,big,center,1.0,4,small
1450.0,45.0,Roma,Bilocale,big,center,1.0,2,small
3200.0,50.0,Roma,Bilocale,big,center,1.0,2,small
2800.0,50.0,Roma,Trilocale,big,center,1.0,3,small
1600.0,80.0,Roma,Trilocale,big,center,1.0,3,mid-small
1350.0,73.0,Roma,Bilocale,big,center,1.0,2,mid-small
875.0,25.0,Roma,Monolocale,big,center,1.0,1,very small
2200.0,65.0,Roma,Bilocale,big,center,1.0,2,small
830.0,45.0,Roma,Bilocale,big,center,1.0,2,small
3200.0,50.0,Roma,Bilocale,big,center,1.0,2,small
1400.0,55.0,Roma,Bilocale,big,center,1.0,2,small
3500.0,50.0,Roma,Bilocale,big,center,1.0,2,small
3500.0,50.0,Roma,Trilocale,big,center,1.0,3,small
3900.0,50.0,Roma,Bilocale,big,center,1.0,2,small
1250.0,78.0,Roma,Bilocale,big,center,1.0,2,mid-small
5000.0,50.0,Roma,Bilocale,big,center,1.0,2,small
2650.0,81.0,Roma,Trilocale,big,center,1.0,3,mid-small
3500.0,50.0,Roma,Trilocale,big,center,1.0,3,small
2800.0,50.0,Roma,Bilocale,big,center,1.0,2,small
3500.0,90.0,Roma,Trilocale,big,center,1.0,3,mid-small
3200.0,50.0,Roma,Bilocale,big,center,1.0,2,small
6900.0,150.0,Roma,Trilocale,big,center,1.0,3,mid
4500.0,50.0,Roma,Trilocale,big,center,1.0,3,small
1600.0,70.0,Roma,Trilocale,big,center,1.0,3,mid-small
2100.0,60.0,Roma,Bilocale,big,center,1.0,2,small
3700.0,120.0,Roma,Trilocale,big,center,1.0,3,mid
1500.0,64.0,Roma,Bilocale,big,center,1.0,2,small
3500.0,140.0,Roma,Trilocale,big,center,1.0,3,mid
3100.0,50.0,Roma,Bilocale,big,center,1.0,2,small
2500.0,50.0,Roma,Bilocale,big,center,1.0,2,small
2650.0,50.0,Roma,Bilocale,big,center,1.0,2,small
1185.0,50.0,Roma,Bilocale,big,center,1.0,2,small
2600.0,50.0,Roma,Bilocale,big,center,1.0,2,small
2800.0,45.0,Roma,Bilocale,big,center,1.0,2,small
2500.0,85.0,Roma,Trilocale,big,center,2.0,3,mid-small
3500.0,50.0,Roma,Trilocale,big,center,2.0,3,small
3050.0,50.0,Roma,Trilocale,big,center,2.0,3,small
1100.0,44.0,Roma,Bilocale,big,center,2.0,2,small
3300.0,50.0,Roma,Trilocale,big,center,2.0,3,small
1900.0,45.0,Roma,Bilocale,big,center,2.0,2,small
1100.0,65.0,Roma,Trilocale,big,center,2.0,3,small
3700.0,50.0,Roma,Appartamento,big,center,2.0,5,small
2850.0,50.0,Roma,Bilocale,big,center,2.0,2,small
2800.0,50.0,Roma,Bilocale,big,center,2.0,2,small
3600.0,65.0,Roma,Trilocale,big,center,2.0,3,small
3300.0,50.0,Roma,Trilocale,big,center,2.0,3,small
3050.0,50.0,Roma,Trilocale,big,center,2.0,3,small
1500.0,77.0,Roma,Trilocale,big,center,2.0,3,mid-small
3050.0,50.0,Roma,Quadrilocale,big,center,2.0,4,small
2850.0,50.0,Roma,Bilocale,big,center,2.0,2,small
3200.0,50.0,Roma,Bilocale,big,center,2.0,2,small
1800.0,80.0,Roma,Trilocale,big,center,2.0,3,mid-small
3200.0,100.0,Roma,Quadrilocale,big,center,2.0,4,mid
3700.0,50.0,Roma,Quadrilocale,big,center,2.0,4,small
2250.0,50.0,Roma,Bilocale,big,center,2.0,2,small
3200.0,50.0,Roma,Bilocale,big,center,2.0,2,small
1100.0,65.0,Roma,Bilocale,big,center,2.0,2,small
2400.0,60.0,Roma,Bilocale,big,center,2.0,2,small
2300.0,130.0,Roma,Appartamento,big,center,2.0,5,mid
630.0,45.0,Roma,Bilocale,big,center,0.0,2,small
599.0,26.0,Roma,Monolocale,big,center,0.0,1,very small
1100.0,75.0,Roma,Bilocale,big,center,0.0,2,mid-small
900.0,60.0,Roma,Bilocale,big,center,0.0,2,small
380.0,30.0,Roma,Monolocale,big,center,0.0,1,very small
650.0,40.0,Roma,Bilocale,big,center,0.0,2,small
2500.0,180.0,Roma,Quadrilocale,big,center,0.0,4,mid
1200.0,120.0,Roma,Quadrilocale,big,center,0.0,4,mid
700.0,50.0,Roma,Monolocale,big,center,0.0,1,small
1000.0,110.0,Roma,Trilocale,big,center,0.0,3,mid
800.0,75.0,Roma,Trilocale,big,center,0.0,3,mid-small
750.0,75.0,Roma,Trilocale,big,center,0.0,3,mid-small
5000.0,87.0,Roma,Monolocale,big,center,0.0,1,mid-small
4100.0,70.0,Roma,Monolocale,big,center,0.0,1,mid-small
4450.0,75.0,Roma,Trilocale,big,center,0.0,3,mid-small
6000.0,350.0,Roma,Villa,big,center,0.0,6,large
5600.0,94.0,Roma,Trilocale,big,center,0.0,3,mid-small
600.0,27.0,Roma,Monolocale,big,center,0.0,1,very small
600.0,50.0,Roma,Trilocale,big,center,0.0,3,small
1400.0,75.0,Roma,Bilocale,big,center,0.0,2,mid-small
2300.0,180.0,Roma,Appartamento,big,center,0.0,5,mid
650.0,58.0,Roma,Monolocale,big,center,0.0,1,small
830.0,50.0,Roma,Bilocale,big,center,0.0,2,small
6500.0,252.0,Roma,Appartamento,big,center,0.0,6,large
2300.0,100.0,Roma,Trilocale,big,center,0.0,3,mid
1000.0,90.0,Roma,Trilocale,big,center,0.0,3,mid-small
1100.0,80.0,Roma,Quadrilocale,big,center,0.0,4,mid-small
2500.0,130.0,Roma,Trilocale,big,center,0.0,3,mid
2300.0,160.0,Roma,Trilocale,big,center,0.0,3,mid
1100.0,78.0,Roma,Bilocale,big,center,0.0,2,mid-small
900.0,65.0,Roma,Bilocale,big,center,0.0,2,small
650.0,60.0,Roma,Bilocale,big,center,0.0,2,small
800.0,40.0,Roma,Bilocale,big,center,0.0,2,small
1000.0,80.0,Roma,Trilocale,big,center,0.0,3,mid-small
2100.0,185.0,Roma,Appartamento,big,center,0.0,5,mid
700.0,100.0,Roma,Trilocale,big,center,0.0,3,mid
4800.0,450.0,Roma,Villa,big,center,0.0,6,very large
1400.0,60.0,Roma,Bilocale,big,center,0.0,2,small
950.0,30.0,Roma,Monolocale,big,center,0.0,1,very small
1000.0,51.0,Roma,Bilocale,big,center,0.0,2,small
850.0,97.0,Roma,Bilocale,big,center,0.0,2,mid-small
2500.0,234.0,Roma,Appartamento,big,center,0.0,6,large
600.0,55.0,Roma,Bilocale,big,center,0.0,2,small
600.0,45.0,Roma,Bilocale,big,center,0.0,2,small
1600.0,80.0,Roma,Trilocale,big,center,0.0,3,mid-small
1700.0,140.0,Roma,Appartamento,big,center,0.0,5,mid
800.0,40.0,Roma,Monolocale,big,center,0.0,1,small
1900.0,150.0,Roma,Quadrilocale,big,center,0.0,4,mid
1500.0,65.0,Roma,Trilocale,big,center,0.0,3,small
1650.0,70.0,Roma,Trilocale,big,center,0.0,3,mid-small
1800.0,45.0,Roma,Bilocale,big,center,1.0,2,small
2000.0,45.0,Roma,Bilocale,big,center,1.0,2,small
850.0,65.0,Roma,Bilocale,big,center,1.0,2,small
650.0,60.0,Roma,Bilocale,big,center,1.0,2,small
700.0,83.0,Roma,Trilocale,big,center,1.0,3,mid-small
550.0,40.0,Roma,Monolocale,big,center,1.0,1,small
1050.0,45.0,Roma,Bilocale,big,center,1.0,2,small
1900.0,120.0,Roma,Quadrilocale,big,center,1.0,4,mid
700.0,75.0,Roma,Trilocale,big,center,1.0,3,mid-small
7500.0,390.0,Roma,Attico,big,center,1.0,6,large
1700.0,88.0,Roma,Attico,big,center,1.0,3,mid-small
700.0,49.0,Roma,Monolocale,big,center,1.0,1,small
900.0,65.0,Roma,Bilocale,big,center,1.0,2,small
750.0,100.0,Roma,Trilocale,big,center,1.0,3,mid
3500.0,185.0,Roma,Appartamento,big,center,1.0,5,mid
600.0,55.0,Roma,Bilocale,big,center,1.0,2,small
4000.0,300.0,Roma,Appartamento,big,center,1.0,5,large
2500.0,110.0,Roma,Quadrilocale,big,center,1.0,4,mid
750.0,30.0,Roma,Monolocale,big,center,1.0,1,very small
3000.0,85.0,Roma,Attico,big,center,1.0,2,mid-small
3500.0,150.0,Roma,Appartamento,big,center,1.0,5,mid
1200.0,120.0,Roma,Appartamento,big,center,1.0,5,mid
900.0,74.0,Roma,Bilocale,big,center,1.0,2,mid-small
1600.0,70.0,Roma,Trilocale,big,center,1.0,3,mid-small
820.0,55.0,Roma,Bilocale,big,center,1.0,2,small
1100.0,45.0,Roma,Bilocale,big,center,4.0,2,small
6500.0,300.0,Roma,Appartamento,big,center,4.0,6,large
1900.0,95.0,Roma,Trilocale,big,center,4.0,3,mid-small
2000.0,150.0,Roma,Quadrilocale,big,center,4.0,4,mid
1226.0,140.0,Roma,Trilocale,big,center,4.0,3,mid
700.0,50.0,Roma,Bilocale,big,center,4.0,2,small
2200.0,150.0,Roma,Appartamento,big,center,4.0,5,mid
4635.0,296.0,Roma,Appartamento,big,center,4.0,6,large
2500.0,98.0,Roma,Trilocale,big,center,4.0,3,mid-small
600.0,41.0,Roma,Trilocale,big,center,4.0,3,small
2500.0,120.0,Roma,Quadrilocale,big,center,4.0,4,mid
3000.0,300.0,Roma,Villa,big,center,4.0,6,large
1650.0,120.0,Roma,Quadrilocale,big,center,4.0,4,mid
850.0,80.0,Roma,Attico,big,center,4.0,3,mid-small
3900.0,270.0,Roma,Attico,big,center,4.0,6,large
7000.0,605.0,Roma,Villa,big,center,4.0,6,very large
1100.0,93.0,Roma,Trilocale,big,center,4.0,3,mid-small
890.0,75.0,Roma,Trilocale,big,center,4.0,3,mid-small
1350.0,70.0,Roma,Bilocale,big,center,4.0,2,mid-small
2170.0,50.0,Roma,Bilocale,big,center,4.0,2,small
1500.0,90.0,Roma,Bilocale,big,center,4.0,2,mid-small
700.0,60.0,Roma,Bilocale,big,center,4.0,2,small
850.0,70.0,Roma,Bilocale,big,center,4.0,2,mid-small
1200.0,109.0,Roma,Trilocale,big,center,4.0,3,mid
600.0,47.0,Roma,Bilocale,big,center,4.0,2,small
4000.0,200.0,Roma,Appartamento,big,center,1.0,6,large
2600.0,160.0,Roma,Appartamento,big,center,1.0,6,mid
720.0,65.0,Roma,Bilocale,big,center,1.0,2,small
2700.0,220.0,Roma,Appartamento,big,center,1.0,6,large
1400.0,106.0,Roma,Palazzo,big,center,1.0,4,mid
1185.0,40.0,Roma,Monolocale,big,center,1.0,1,small
2025.0,143.0,Roma,Quadrilocale,big,center,1.0,4,mid
720.0,100.0,Roma,Trilocale,big,center,1.0,3,mid
750.0,57.0,Roma,Bilocale,big,center,1.0,2,small
1980.0,85.0,Roma,Bilocale,big,center,1.0,2,mid-small
500.0,30.0,Roma,Monolocale,big,center,1.0,1,very small
1600.0,110.0,Roma,Quadrilocale,big,center,1.0,4,mid
800.0,70.0,Roma,Bilocale,big,center,1.0,2,mid-small
790.0,75.0,Roma,Bilocale,big,center,1.0,2,mid-small
1690.0,60.0,Roma,Villa,big,center,1.0,2,small
1150.0,100.0,Roma,Quadrilocale,big,center,1.0,4,mid
4000.0,230.0,Roma,Attico,big,center,1.0,6,large
1200.0,110.0,Roma,Quadrilocale,big,center,1.0,4,mid
1000.0,200.0,Roma,Attico,big,center,1.0,6,large
1900.0,178.0,Roma,Quadrilocale,big,center,1.0,4,mid
1500.0,100.0,Roma,Trilocale,big,center,1.0,3,mid
1200.0,110.0,Roma,Quadrilocale,big,center,1.0,4,mid
600.0,40.0,Roma,Bilocale,big,center,1.0,2,small
3899.0,180.0,Roma,Attico,big,center,5.0,4,mid
1200.0,90.0,Roma,Bilocale,big,center,5.0,2,mid-small
1250.0,60.0,Roma,Trilocale,big,center,5.0,3,small
990.0,50.0,Roma,Bilocale,big,center,5.0,2,small
1650.0,120.0,Roma,Quadrilocale,big,center,5.0,4,mid
550.0,60.0,Roma,Monolocale,big,center,5.0,1,small
1200.0,100.0,Roma,Trilocale,big,center,5.0,3,mid
1150.0,100.0,Roma,Quadrilocale,big,center,5.0,4,mid
950.0,118.0,Roma,Trilocale,big,center,5.0,3,mid
1600.0,140.0,Roma,Villa,big,center,5.0,3,mid
850.0,75.0,Roma,Trilocale,big,center,5.0,3,mid-small
2100.0,165.0,Roma,Appartamento,big,center,5.0,5,mid
1150.0,85.0,Roma,Trilocale,big,center,5.0,3,mid-small
900.0,75.0,Roma,Trilocale,big,center,5.0,3,mid-small
1100.0,50.0,Roma,Bilocale,big,center,5.0,2,small
1250.0,45.0,Roma,Bilocale,big,center,5.0,2,small
2500.0,160.0,Roma,Appartamento,big,center,5.0,5,mid
1700.0,135.0,Roma,Quadrilocale,big,center,5.0,4,mid
3900.0,270.0,Roma,Attico,big,center,5.0,6,large
1100.0,100.0,Roma,Quadrilocale,big,center,5.0,4,mid
4500.0,379.0,Roma,Appartamento,big,center,5.0,6,large
2000.0,147.0,Roma,Trilocale,big,center,5.0,3,mid
1800.0,113.0,Roma,Appartamento,big,center,5.0,5,mid
3500.0,250.0,Roma,Villa,big,center,5.0,6,large
650.0,25.0,Roma,Monolocale,big,center,5.0,1,very small
1500.0,70.0,Torino,Trilocale,mid-big,north,1.0,3,mid-small
1600.0,50.0,Torino,Bilocale,mid-big,north,1.0,2,small
300.0,30.0,Torino,Monolocale,mid-big,north,1.0,1,very small
1900.0,150.0,Torino,Quadrilocale,mid-big,north,1.0,4,mid
3500.0,156.0,Torino,Attico,mid-big,north,1.0,5,mid
4500.0,145.0,Torino,Attico,mid-big,north,1.0,4,mid
1500.0,155.0,Torino,Appartamento,mid-big,north,1.0,5,mid
1100.0,200.0,Torino,Appartamento,mid-big,north,1.0,6,large
3750.0,220.0,Torino,Appartamento,mid-big,north,1.0,6,large
2000.0,200.0,Torino,Appartamento,mid-big,north,1.0,6,large
1500.0,65.0,Torino,Trilocale,mid-big,north,1.0,3,small
833.0,111.0,Torino,Quadrilocale,mid-big,north,1.0,4,mid
710.0,94.0,Torino,Trilocale,mid-big,north,1.0,3,mid-small
950.0,75.0,Torino,Appartamento,mid-big,north,1.0,5,mid-small
1750.0,115.0,Torino,Bilocale,mid-big,north,1.0,2,mid
1200.0,110.0,Torino,Quadrilocale,mid-big,north,1.0,4,mid
820.0,70.0,Torino,Bilocale,mid-big,north,1.0,2,mid-small
495.0,80.0,Torino,Trilocale,mid-big,north,1.0,3,mid-small
1100.0,60.0,Torino,Mansarda,mid-big,north,1.0,2,small
1400.0,122.0,Torino,Quadrilocale,mid-big,north,1.0,4,mid
1500.0,154.0,Torino,Quadrilocale,mid-big,north,1.0,4,mid
350.0,60.0,Torino,Bilocale,mid-big,north,1.0,2,small
750.0,68.0,Torino,Trilocale,mid-big,north,1.0,3,small
750.0,78.0,Torino,Quadrilocale,mid-big,north,1.0,4,mid-small
350.0,25.0,Torino,Monolocale,mid-big,north,1.0,1,very small
690.0,100.0,Torino,Quadrilocale,mid-big,north,6.0,4,mid
450.0,75.0,Torino,Trilocale,mid-big,north,6.0,3,mid-small
450.0,45.0,Torino,Bilocale,mid-big,north,6.0,2,small
250.0,20.0,Torino,Monolocale,mid-big,north,6.0,1,very small
800.0,80.0,Torino,Trilocale,mid-big,north,6.0,3,mid-small
885.0,90.0,Torino,Quadrilocale,mid-big,north,6.0,4,mid-small
200.0,75.0,Torino,Trilocale,mid-big,north,6.0,3,mid-small
900.0,120.0,Torino,Quadrilocale,mid-big,north,6.0,4,mid
1200.0,45.0,Torino,Trilocale,mid-big,north,6.0,3,small
1400.0,115.0,Torino,Quadrilocale,mid-big,north,6.0,4,mid
4000.0,803.0,Torino,Terratetto,mid-big,north,6.0,6,very large
950.0,105.0,Torino,Trilocale,mid-big,north,6.0,3,mid
950.0,75.0,Torino,Bilocale,mid-big,north,6.0,2,mid-small
690.0,68.0,Torino,Trilocale,mid-big,north,6.0,3,small
850.0,80.0,Torino,Trilocale,mid-big,north,6.0,3,mid-small
750.0,95.0,Torino,Quadrilocale,mid-big,north,6.0,4,mid-small
750.0,90.0,Torino,Quadrilocale,mid-big,north,6.0,4,mid-small
400.0,75.0,Torino,Bilocale,mid-big,north,6.0,2,mid-small
400.0,75.0,Torino,Bilocale,mid-big,north,6.0,2,mid-small
420.0,60.0,Torino,Bilocale,mid-big,north,6.0,2,small
350.0,25.0,Torino,Monolocale,mid-big,north,6.0,1,very small
440.0,70.0,Torino,Trilocale,mid-big,north,6.0,3,mid-small
310.0,25.0,Torino,Monolocale,mid-big,north,6.0,1,very small
430.0,75.0,Torino,Trilocale,mid-big,north,6.0,3,mid-small
350.0,60.0,Torino,Bilocale,mid-big,north,6.0,2,small
350.0,45.0,Torino,Bilocale,mid-big,north,1.0,2,small
300.0,20.0,Torino,Monolocale,mid-big,north,1.0,1,very small
600.0,30.0,Torino,Bilocale,mid-big,north,1.0,2,very small
8500.0,900.0,Torino,Palazzo,mid-big,north,1.0,6,very large
1350.0,62.0,Torino,Bilocale,mid-big,north,1.0,2,small
1350.0,62.0,Torino,Bilocale,mid-big,north,1.0,2,small
1500.0,160.0,Torino,Appartamento,mid-big,north,1.0,5,mid
830.0,65.0,Torino,Bilocale,mid-big,north,1.0,2,small
720.0,78.0,Torino,Trilocale,mid-big,north,1.0,3,mid-small
2500.0,206.0,Torino,Palazzo,mid-big,north,1.0,5,large
1100.0,50.0,Torino,Bilocale,mid-big,north,1.0,2,small
510.0,38.0,Torino,Monolocale,mid-big,north,1.0,1,very small
565.0,80.0,Torino,Trilocale,mid-big,north,1.0,3,mid-small
1200.0,141.0,Torino,Quadrilocale,mid-big,north,1.0,4,mid
650.0,87.0,Torino,Trilocale,mid-big,north,1.0,3,mid-small
500.0,48.0,Torino,Bilocale,mid-big,north,1.0,2,small
580.0,40.0,Torino,Bilocale,mid-big,north,1.0,2,small
260.0,20.0,Torino,Monolocale,mid-big,north,1.0,1,very small
1200.0,116.0,Torino,Quadrilocale,mid-big,north,1.0,4,mid
1160.0,130.0,Torino,Appartamento,mid-big,north,1.0,6,mid
550.0,70.0,Torino,Trilocale,mid-big,north,1.0,3,mid-small
600.0,80.0,Torino,Mansarda,mid-big,north,10.0,3,mid-small
1200.0,90.0,Torino,Mansarda,mid-big,north,10.0,3,mid-small
4518.0,191.0,Torino,Appartamento,mid-big,north,10.0,5,mid
650.0,70.0,Torino,Trilocale,mid-big,north,10.0,3,mid-small
400.0,30.0,Torino,Bilocale,mid-big,north,10.0,2,very small
500.0,50.0,Torino,Bilocale,mid-big,north,10.0,2,small
400.0,55.0,Torino,Bilocale,mid-big,north,10.0,2,small
400.0,45.0,Torino,Monolocale,mid-big,north,10.0,1,small
460.0,55.0,Torino,Bilocale,mid-big,north,10.0,2,small
420.0,60.0,Torino,Bilocale,mid-big,north,10.0,2,small
550.0,45.0,Torino,Bilocale,mid-big,north,10.0,2,small
400.0,30.0,Torino,Monolocale,mid-big,north,10.0,1,very small
300.0,20.0,Torino,Monolocale,mid-big,north,10.0,1,very small
345.0,55.0,Torino,Bilocale,mid-big,north,10.0,2,small
410.0,40.0,Torino,Bilocale,mid-big,north,10.0,2,small
442.0,70.0,Torino,Trilocale,mid-big,north,10.0,3,mid-small
340.0,30.0,Torino,Monolocale,mid-big,north,10.0,1,very small
340.0,30.0,Torino,Monolocale,mid-big,north,10.0,1,very small
500.0,70.0,Torino,Bilocale,mid-big,north,10.0,2,mid-small
400.0,55.0,Torino,Bilocale,mid-big,north,10.0,2,small
430.0,35.0,Torino,Bilocale,mid-big,north,10.0,2,very small
550.0,50.0,Torino,Bilocale,mid-big,north,10.0,2,small
450.0,45.0,Torino,Bilocale,mid-big,north,10.0,2,small
329.0,30.0,Torino,Bilocale,mid-big,north,10.0,2,very small
300.0,40.0,Torino,Monolocale,mid-big,north,10.0,1,small
450.0,50.0,Torino,Bilocale,mid-big,north,1.0,2,small
550.0,60.0,Torino,Bilocale,mid-big,north,1.0,2,small
600.0,50.0,Torino,Bilocale,mid-big,north,1.0,2,small
390.0,26.0,Torino,Monolocale,mid-big,north,1.0,1,very small
400.0,35.0,Torino,Bilocale,mid-big,north,1.0,2,very small
350.0,33.0,Torino,Monolocale,mid-big,north,1.0,1,very small
5033.0,213.0,Torino,Appartamento,mid-big,north,1.0,5,large
600.0,90.0,Torino,Trilocale,mid-big,north,1.0,3,mid-small
500.0,55.0,Torino,Bilocale,mid-big,north,1.0,2,small
700.0,45.0,Torino,Bilocale,mid-big,north,1.0,2,small
430.0,60.0,Torino,Bilocale,mid-big,north,1.0,2,small
310.0,25.0,Torino,Monolocale,mid-big,north,1.0,1,very small
650.0,80.0,Torino,Trilocale,mid-big,north,1.0,3,mid-small
450.0,75.0,Torino,Trilocale,mid-big,north,1.0,3,mid-small
480.0,80.0,Torino,Trilocale,mid-big,north,1.0,3,mid-small
470.0,80.0,Torino,Trilocale,mid-big,north,1.0,3,mid-small
390.0,35.0,Torino,Monolocale,mid-big,north,1.0,1,very small
375.0,60.0,Torino,Bilocale,mid-big,north,1.0,2,small
480.0,85.0,Torino,Trilocale,mid-big,north,1.0,3,mid-small
390.0,25.0,Torino,Monolocale,mid-big,north,1.0,1,very small
390.0,35.0,Torino,Monolocale,mid-big,north,1.0,1,very small
350.0,43.0,Torino,Monolocale,mid-big,north,1.0,1,small
500.0,80.0,Torino,Trilocale,mid-big,north,1.0,3,mid-small
300.0,20.0,Torino,Monolocale,mid-big,north,1.0,1,very small
400.0,55.0,Torino,Bilocale,mid-big,north,3.0,2,small
300.0,45.0,Torino,Bilocale,mid-big,north,3.0,2,small
850.0,100.0,Torino,Trilocale,mid-big,north,3.0,3,mid
420.0,50.0,Torino,Bilocale,mid-big,north,3.0,2,small
350.0,28.0,Torino,Monolocale,mid-big,north,3.0,1,very small
300.0,20.0,Torino,Monolocale,mid-big,north,3.0,1,very small
360.0,35.0,Torino,Monolocale,mid-big,north,3.0,1,very small
1250.0,66.0,Torino,Attico,mid-big,north,3.0,2,small
1150.0,66.0,Torino,Loft,mid-big,north,3.0,2,small
450.0,60.0,Torino,Trilocale,mid-big,north,3.0,3,small
600.0,65.0,Torino,Bilocale,mid-big,north,3.0,2,small
270.0,84.0,Torino,Trilocale,mid-big,north,3.0,3,mid-small
1500.0,122.0,Torino,Appartamento,mid-big,north,3.0,5,mid
1750.0,112.0,Torino,Quadrilocale,mid-big,north,3.0,4,mid
1500.0,112.0,Torino,Quadrilocale,mid-big,north,3.0,4,mid
480.0,50.0,Torino,Bilocale,mid-big,north,3.0,2,small
330.0,28.0,Torino,Monolocale,mid-big,north,3.0,1,very small
482.0,70.0,Torino,Bilocale,mid-big,north,3.0,2,mid-small
2500.0,118.0,Torino,Trilocale,mid-big,north,3.0,3,mid
1000.0,33.0,Torino,Bilocale,mid-big,north,3.0,2,very small
1500.0,118.0,Torino,Quadrilocale,mid-big,north,3.0,4,mid
1200.0,95.0,Torino,Quadrilocale,mid-big,north,3.0,4,mid-small
1100.0,35.0,Torino,Monolocale,mid-big,north,3.0,1,very small
1100.0,35.0,Torino,Monolocale,mid-big,north,5.0,1,very small
980.0,100.0,Torino,Quadrilocale,mid-big,north,5.0,4,mid
1100.0,35.0,Torino,Monolocale,mid-big,north,5.0,1,very small
900.0,75.0,Torino,Trilocale,mid-big,north,5.0,3,mid-small
3000.0,170.0,Torino,Appartamento,mid-big,north,5.0,5,mid
1950.0,90.0,Torino,Bilocale,mid-big,north,5.0,2,mid-small
500.0,56.0,Torino,Bilocale,mid-big,north,5.0,2,small
790.0,65.0,Torino,Bilocale,mid-big,north,5.0,2,small
900.0,50.0,Torino,Bilocale,mid-big,north,5.0,2,small
2500.0,124.0,Torino,Quadrilocale,mid-big,north,5.0,4,mid
2000.0,109.0,Torino,Quadrilocale,mid-big,north,5.0,4,mid
1800.0,87.0,Torino,Trilocale,mid-big,north,5.0,3,mid-small
700.0,65.0,Torino,Bilocale,mid-big,north,5.0,2,small
1350.0,62.0,Torino,Bilocale,mid-big,north,5.0,2,small
680.0,52.0,Torino,Bilocale,mid-big,north,5.0,2,small
400.0,35.0,Torino,Monolocale,mid-big,north,5.0,1,very small
600.0,90.0,Torino,Attico,mid-big,north,5.0,3,mid-small
500.0,45.0,Torino,Bilocale,mid-big,north,5.0,2,small
1584.0,117.0,Torino,Bilocale,mid-big,north,5.0,2,mid
1400.0,48.0,Torino,Monolocale,mid-big,north,5.0,1,small
500.0,80.0,Torino,Trilocale,mid-big,north,5.0,3,mid-small
2800.0,220.0,Torino,Appartamento,mid-big,north,5.0,6,large
500.0,75.0,Torino,Trilocale,mid-big,north,5.0,3,mid-small
536.0,66.0,Torino,Trilocale,mid-big,north,5.0,3,small
350.0,65.0,Torino,Quadrilocale,mid-big,north,5.0,4,small
700.0,75.0,Torino,Mansarda,mid-big,north,6.0,3,mid-small
550.0,48.0,Torino,Bilocale,mid-big,north,6.0,2,small
740.0,70.0,Torino,Trilocale,mid-big,north,6.0,3,mid-small
750.0,50.0,Torino,Bilocale,mid-big,north,6.0,2,small
1400.0,55.0,Torino,Bilocale,mid-big,north,6.0,2,small
1600.0,87.0,Torino,Bilocale,mid-big,north,6.0,2,mid-small
630.0,67.0,Torino,Trilocale,mid-big,north,6.0,3,small
1200.0,95.0,Torino,Trilocale,mid-big,north,6.0,3,mid-small
590.0,50.0,Torino,Bilocale,mid-big,north,6.0,2,small
500.0,50.0,Torino,Bilocale,mid-big,north,6.0,2,small
420.0,45.0,Torino,Bilocale,mid-big,north,6.0,2,small
2700.0,118.0,Torino,Trilocale,mid-big,north,6.0,3,mid
1300.0,120.0,Torino,Quadrilocale,mid-big,north,6.0,4,mid
1500.0,125.0,Torino,Quadrilocale,mid-big,north,6.0,4,mid
600.0,55.0,Torino,Bilocale,mid-big,north,6.0,2,small
520.0,70.0,Torino,Trilocale,mid-big,north,6.0,3,mid-small
1600.0,70.0,Torino,Bilocale,mid-big,north,6.0,2,mid-small
1030.0,110.0,Torino,Quadrilocale,mid-big,north,6.0,4,mid
3000.0,190.0,Torino,Appartamento,mid-big,north,6.0,5,mid
850.0,46.0,Torino,Monolocale,mid-big,north,6.0,1,small
400.0,65.0,Torino,Bilocale,mid-big,north,6.0,2,small
700.0,50.0,Torino,Bilocale,mid-big,north,6.0,2,small
550.0,68.0,Torino,Bilocale,mid-big,north,6.0,2,small
2000.0,90.0,Torino,Bilocale,mid-big,north,6.0,2,mid-small
300.0,78.0,Torino,Trilocale,mid-big,north,3.0,3,mid-small
850.0,60.0,Torino,Bilocale,mid-big,north,3.0,2,small
690.0,38.0,Torino,Bilocale,mid-big,north,3.0,2,very small
1800.0,120.0,Torino,Mansarda,mid-big,north,3.0,3,mid
450.0,42.0,Torino,Bilocale,mid-big,north,3.0,2,small
1050.0,120.0,Torino,Quadrilocale,mid-big,north,3.0,4,mid
350.0,40.0,Torino,Monolocale,mid-big,north,3.0,1,small
850.0,134.0,Torino,Quadrilocale,mid-big,north,3.0,4,mid
870.0,117.0,Torino,Trilocale,mid-big,north,3.0,3,mid
870.0,117.0,Torino,Trilocale,mid-big,north,3.0,3,mid
1300.0,90.0,Torino,Quadrilocale,mid-big,north,3.0,4,mid-small
580.0,65.0,Torino,Trilocale,mid-big,north,3.0,3,small
480.0,55.0,Torino,Bilocale,mid-big,north,3.0,2,small
400.0,30.0,Torino,Monolocale,mid-big,north,3.0,1,very small
2000.0,147.0,Torino,Quadrilocale,mid-big,north,3.0,4,mid
1300.0,130.0,Torino,Quadrilocale,mid-big,north,3.0,4,mid
1300.0,130.0,Torino,Quadrilocale,mid-big,north,3.0,4,mid
2300.0,205.0,Torino,Appartamento,mid-big,north,3.0,6,large
900.0,80.0,Torino,Bilocale,mid-big,north,3.0,2,mid-small
1500.0,60.0,Torino,Bilocale,mid-big,north,3.0,2,small
2200.0,130.0,Torino,Appartamento,mid-big,north,3.0,6,mid
1200.0,90.0,Torino,Quadrilocale,mid-big,north,3.0,4,mid-small
1250.0,100.0,Torino,Trilocale,mid-big,north,3.0,3,mid
2000.0,140.0,Torino,Trilocale,mid-big,north,3.0,3,mid
580.0,45.0,Torino,Bilocale,mid-big,north,3.0,2,small
1200.0,60.0,Torino,Bilocale,mid-big,north,1.0,2,small
900.0,85.0,Torino,Appartamento,mid-big,north,1.0,5,mid-small
2500.0,130.0,Torino,Quadrilocale,mid-big,north,1.0,4,mid
700.0,55.0,Torino,Monolocale,mid-big,north,1.0,1,small
1000.0,91.0,Torino,Trilocale,mid-big,north,1.0,3,mid-small
1200.0,120.0,Torino,Quadrilocale,mid-big,north,1.0,4,mid
1000.0,70.0,Torino,Trilocale,mid-big,north,1.0,3,mid-small
2600.0,118.0,Torino,Trilocale,mid-big,north,1.0,3,mid
3000.0,170.0,Torino,Quadrilocale,mid-big,north,1.0,4,mid
920.0,78.0,Torino,Trilocale,mid-big,north,1.0,3,mid-small
6000.0,270.0,Torino,Appartamento,mid-big,north,1.0,6,large
860.0,82.0,Torino,Quadrilocale,mid-big,north,1.0,4,mid-small
1400.0,40.0,Torino,Monolocale,mid-big,north,1.0,1,small
3200.0,198.0,Torino,Attico,mid-big,north,1.0,5,mid
680.0,55.0,Torino,Open space,mid-big,north,1.0,2,small
550.0,45.0,Torino,Bilocale,mid-big,north,1.0,2,small
1200.0,60.0,Torino,Bilocale,mid-big,north,1.0,2,small
1050.0,126.0,Torino,Quadrilocale,mid-big,north,1.0,4,mid
450.0,51.0,Torino,Bilocale,mid-big,north,1.0,2,small
465.0,62.0,Torino,Bilocale,mid-big,north,1.0,2,small
1150.0,83.0,Torino,Quadrilocale,mid-big,north,1.0,4,mid-small
1300.0,120.0,Torino,Trilocale,mid-big,north,1.0,3,mid
1500.0,55.0,Torino,Bilocale,mid-big,north,1.0,2,small
220.0,70.0,Torino,Trilocale,mid-big,north,1.0,3,mid-small
400.0,55.0,Torino,Bilocale,mid-big,north,1.0,2,small
2600.0,190.0,Torino,Appartamento,mid-big,north,2.0,5,mid
1000.0,93.0,Torino,Appartamento,mid-big,north,2.0,5,mid-small
1600.0,120.0,Torino,Trilocale,mid-big,north,2.0,3,mid
1300.0,130.0,Torino,Quadrilocale,mid-big,north,2.0,4,mid
550.0,55.0,Torino,Mansarda,mid-big,north,2.0,2,small
792.0,100.0,Torino,Trilocale,mid-big,north,2.0,3,mid
650.0,80.0,Torino,Trilocale,mid-big,north,2.0,3,mid-small
485.0,88.0,Torino,Trilocale,mid-big,north,2.0,3,mid-small
320.0,22.0,Torino,Monolocale,mid-big,north,2.0,1,very small
1200.0,90.0,Torino,Quadrilocale,mid-big,north,2.0,4,mid-small
1800.0,105.0,Torino,Trilocale,mid-big,north,2.0,3,mid
450.0,30.0,Torino,Monolocale,mid-big,north,2.0,1,very small
750.0,55.0,Torino,Bilocale,mid-big,north,2.0,2,small
780.0,50.0,Torino,Bilocale,mid-big,north,2.0,2,small
3000.0,160.0,Torino,Quadrilocale,mid-big,north,2.0,4,mid
1500.0,90.0,Torino,Quadrilocale,mid-big,north,2.0,4,mid-small
1900.0,75.0,Torino,Trilocale,mid-big,north,2.0,3,mid-small
650.0,60.0,Torino,Bilocale,mid-big,north,2.0,2,small
1460.0,130.0,Torino,Appartamento,mid-big,north,2.0,5,mid
500.0,45.0,Torino,Bilocale,mid-big,north,2.0,2,small
1250.0,50.0,Torino,Bilocale,mid-big,north,2.0,2,small
1320.0,90.0,Torino,Trilocale,mid-big,north,2.0,3,mid-small
600.0,80.0,Torino,Trilocale,mid-big,north,2.0,3,mid-small
800.0,75.0,Torino,Trilocale,mid-big,north,2.0,3,mid-small
469.0,45.0,Torino,Bilocale,mid-big,north,2.0,2,small
486.0,69.0,Torino,Trilocale,mid-big,north,3.0,3,small
1500.0,60.0,Torino,Bilocale,mid-big,north,3.0,2,small
900.0,81.0,Torino,Trilocale,mid-big,north,3.0,3,mid-small
600.0,40.0,Torino,Monolocale,mid-big,north,3.0,1,small
880.0,140.0,Torino,Quadrilocale,mid-big,north,3.0,4,mid
2000.0,80.0,Torino,Trilocale,mid-big,north,3.0,3,mid-small
800.0,85.0,Torino,Quadrilocale,mid-big,north,3.0,4,mid-small
700.0,56.0,Torino,Bilocale,mid-big,north,3.0,2,small
2400.0,150.0,Torino,Appartamento,mid-big,north,3.0,5,mid
880.0,140.0,Torino,Quadrilocale,mid-big,north,3.0,4,mid
1000.0,140.0,Torino,Loft,mid-big,north,3.0,3,mid
1500.0,115.0,Torino,Trilocale,mid-big,north,3.0,3,mid
430.0,45.0,Torino,Bilocale,mid-big,north,3.0,2,small
1100.0,110.0,Torino,Appartamento,mid-big,north,3.0,5,mid
920.0,80.0,Torino,Trilocale,mid-big,north,3.0,3,mid-small
1900.0,151.0,Torino,Appartamento,mid-big,north,3.0,5,mid
600.0,90.0,Torino,Quadrilocale,mid-big,north,3.0,4,mid-small
1300.0,75.0,Torino,Trilocale,mid-big,north,3.0,3,mid-small
450.0,40.0,Torino,Bilocale,mid-big,north,3.0,2,small
450.0,40.0,Torino,Bilocale,mid-big,north,3.0,2,small
600.0,90.0,Torino,Quadrilocale,mid-big,north,3.0,4,mid-small
490.0,50.0,Torino,Bilocale,mid-big,north,3.0,2,small
600.0,52.0,Torino,Mansarda,mid-big,north,3.0,2,small
1300.0,100.0,Torino,Quadrilocale,mid-big,north,3.0,4,mid
990.0,127.0,Torino,Quadrilocale,mid-big,north,3.0,4,mid
550.0,45.0,Torino,Bilocale,mid-big,north,3.0,2,small
3200.0,250.0,Torino,Villa,mid-big,north,3.0,6,large
1800.0,120.0,Torino,Quadrilocale,mid-big,north,3.0,4,mid
740.0,40.0,Torino,Bilocale,mid-big,north,3.0,2,small
550.0,65.0,Torino,Bilocale,mid-big,north,3.0,2,small
1600.0,90.0,Torino,Appartamento,mid-big,north,3.0,5,mid-small
550.0,40.0,Torino,Bilocale,mid-big,north,3.0,2,small
380.0,45.0,Torino,Bilocale,mid-big,north,3.0,2,small
1100.0,95.0,Torino,Trilocale,mid-big,north,3.0,3,mid-small
680.0,100.0,Torino,Quadrilocale,mid-big,north,3.0,4,mid
660.0,70.0,Torino,Trilocale,mid-big,north,3.0,3,mid-small
800.0,60.0,Torino,Bilocale,mid-big,north,3.0,2,small
480.0,43.0,Torino,Bilocale,mid-big,north,3.0,2,small
700.0,75.0,Torino,Trilocale,mid-big,north,3.0,3,mid-small
1050.0,60.0,Torino,Bilocale,mid-big,north,3.0,2,small
800.0,80.0,Torino,Trilocale,mid-big,north,3.0,3,mid-small
1150.0,85.0,Torino,Trilocale,mid-big,north,3.0,3,mid-small
2600.0,230.0,Torino,Appartamento,mid-big,north,3.0,6,large
1500.0,160.0,Torino,Quadrilocale,mid-big,north,3.0,4,mid
630.0,45.0,Torino,Bilocale,mid-big,north,3.0,2,small
650.0,55.0,Torino,Bilocale,mid-big,north,3.0,2,small
950.0,90.0,Torino,Trilocale,mid-big,north,3.0,3,mid-small
500.0,40.0,Torino,Monolocale,mid-big,north,3.0,1,small
800.0,92.0,Torino,Trilocale,mid-big,north,3.0,3,mid-small
1000.0,115.0,Torino,Quadrilocale,mid-big,north,4.0,4,mid
1200.0,91.0,Torino,Quadrilocale,mid-big,north,4.0,4,mid-small
1600.0,60.0,Torino,Bilocale,mid-big,north,4.0,2,small
1500.0,60.0,Torino,Bilocale,mid-big,north,4.0,2,small
700.0,65.0,Torino,Trilocale,mid-big,north,4.0,3,small
950.0,70.0,Torino,Trilocale,mid-big,north,4.0,3,mid-small
400.0,30.0,Torino,Monolocale,mid-big,north,4.0,1,very small
524.0,80.0,Torino,Quadrilocale,mid-big,north,4.0,4,mid-small
4300.0,450.0,Torino,Appartamento,mid-big,north,4.0,6,very large
590.0,28.0,Torino,Monolocale,mid-big,north,4.0,1,very small
2000.0,100.0,Torino,Trilocale,mid-big,north,4.0,3,mid
3200.0,260.0,Torino,Appartamento,mid-big,north,4.0,6,large
500.0,53.0,Torino,Bilocale,mid-big,north,4.0,2,small
450.0,60.0,Torino,Bilocale,mid-big,north,4.0,2,small
2050.0,105.0,Torino,Quadrilocale,mid-big,north,4.0,4,mid
800.0,45.0,Torino,Bilocale,mid-big,north,4.0,2,small
850.0,80.0,Torino,Quadrilocale,mid-big,north,4.0,4,mid-small
500.0,40.0,Torino,Bilocale,mid-big,north,4.0,2,small
400.0,57.0,Torino,Attico,mid-big,north,4.0,2,small
550.0,75.0,Torino,Trilocale,mid-big,north,4.0,3,mid-small
1450.0,165.0,Torino,Appartamento,mid-big,north,4.0,5,mid
1400.0,130.0,Torino,Trilocale,mid-big,north,4.0,3,mid
1200.0,116.0,Torino,Appartamento,mid-big,north,4.0,5,mid
1100.0,104.0,Torino,Quadrilocale,mid-big,north,4.0,4,mid
450.0,55.0,Torino,Bilocale,mid-big,north,4.0,2,small
1000.0,80.0,Torino,Trilocale,mid-big,north,3.0,3,mid-small
390.0,25.0,Torino,Bilocale,mid-big,north,3.0,2,very small
750.0,30.0,Torino,Monolocale,mid-big,north,3.0,1,very small
650.0,75.0,Torino,Trilocale,mid-big,north,3.0,3,mid-small
395.0,30.0,Torino,Monolocale,mid-big,north,3.0,1,very small
2350.0,160.0,Torino,Quadrilocale,mid-big,north,3.0,4,mid
800.0,40.0,Torino,Monolocale,mid-big,north,3.0,1,small
790.0,75.0,Torino,Trilocale,mid-big,north,3.0,3,mid-small
610.0,70.0,Torino,Trilocale,mid-big,north,3.0,3,mid-small
1000.0,45.0,Torino,Bilocale,mid-big,north,3.0,2,small
750.0,55.0,Torino,Mansarda,mid-big,north,3.0,2,small
1335.0,180.0,Torino,Appartamento,mid-big,north,3.0,6,mid
1000.0,50.0,Torino,Bilocale,mid-big,north,3.0,2,small
3000.0,140.0,Torino,Quadrilocale,mid-big,north,3.0,4,mid
1400.0,44.0,Torino,Bilocale,mid-big,north,3.0,2,small
2800.0,78.0,Torino,Bilocale,mid-big,north,3.0,2,mid-small
450.0,40.0,Torino,Bilocale,mid-big,north,3.0,2,small
3500.0,350.0,Torino,Villa,mid-big,north,3.0,6,large
1700.0,130.0,Torino,Quadrilocale,mid-big,north,3.0,4,mid
480.0,35.0,Torino,Bilocale,mid-big,north,3.0,2,very small
500.0,45.0,Torino,Bilocale,mid-big,north,3.0,2,small
1250.0,65.0,Torino,Trilocale,mid-big,north,3.0,3,small
940.0,95.0,Torino,Attico,mid-big,north,3.0,3,mid-small
480.0,40.0,Torino,Bilocale,mid-big,north,3.0,2,small
1000.0,60.0,Torino,Bilocale,mid-big,north,1.0,2,small
620.0,75.0,Torino,Trilocale,mid-big,north,1.0,3,mid-small
1500.0,140.0,Torino,Appartamento,mid-big,north,1.0,5,mid
900.0,80.0,Torino,Trilocale,mid-big,north,1.0,3,mid-small
1100.0,82.0,Torino,Trilocale,mid-big,north,1.0,3,mid-small
6500.0,245.0,Torino,Appartamento,mid-big,north,1.0,5,large
1260.0,94.0,Torino,Appartamento,mid-big,north,1.0,5,mid-small
500.0,40.0,Torino,Bilocale,mid-big,north,1.0,2,small
350.0,60.0,Torino,Bilocale,mid-big,north,1.0,2,small
950.0,85.0,Torino,Quadrilocale,mid-big,north,1.0,4,mid-small
750.0,72.0,Torino,Trilocale,mid-big,north,1.0,3,mid-small
450.0,40.0,Torino,Bilocale,mid-big,north,1.0,2,small
1100.0,125.0,Torino,Quadrilocale,mid-big,north,1.0,4,mid
1166.0,179.0,Torino,Appartamento,mid-big,north,1.0,5,mid
1300.0,67.0,Torino,Bilocale,mid-big,north,1.0,2,small
350.0,53.0,Torino,Bilocale,mid-big,north,1.0,2,small
520.0,70.0,Torino,Trilocale,mid-big,north,1.0,3,mid-small
1400.0,127.0,Torino,Quadrilocale,mid-big,north,1.0,4,mid
1600.0,90.0,Torino,Appartamento,mid-big,north,1.0,5,mid-small
2000.0,223.0,Torino,Appartamento,mid-big,north,1.0,5,large
350.0,45.0,Torino,Bilocale,mid-big,north,1.0,2,small
900.0,99.0,Torino,Attico,mid-big,north,1.0,4,mid-small
1180.0,100.0,Torino,Attico,mid-big,north,1.0,4,mid
316.0,48.0,Torino,Bilocale,mid-big,north,0.5,2,small
3400.0,350.0,Torino,Appartamento,mid-big,north,0.5,6,large
500.0,45.0,Torino,Bilocale,mid-big,north,0.5,2,small
420.0,51.0,Torino,Bilocale,mid-big,north,0.5,2,small
350.0,30.0,Torino,Monolocale,mid-big,north,0.5,1,very small
440.0,80.0,Torino,Monolocale,mid-big,north,0.5,1,mid-small
800.0,75.0,Torino,Trilocale,mid-big,north,0.5,3,mid-small
850.0,65.0,Torino,Mansarda,mid-big,north,0.5,2,small
750.0,88.0,Torino,Trilocale,mid-big,north,0.5,3,mid-small
620.0,80.0,Torino,Trilocale,mid-big,north,0.5,3,mid-small
730.0,58.0,Torino,Bilocale,mid-big,north,0.5,2,small
435.0,60.0,Torino,Bilocale,mid-big,north,0.5,2,small
1000.0,80.0,Torino,Trilocale,mid-big,north,0.5,3,mid-small
1070.0,160.0,Torino,Quadrilocale,mid-big,north,0.5,4,mid
435.0,54.0,Torino,Bilocale,mid-big,north,0.5,2,small
1100.0,110.0,Torino,Quadrilocale,mid-big,north,0.5,4,mid
600.0,44.0,Torino,Mansarda,mid-big,north,0.5,2,small
1500.0,150.0,Torino,Appartamento,mid-big,north,0.5,5,mid
800.0,85.0,Torino,Trilocale,mid-big,north,0.5,3,mid-small
1500.0,150.0,Torino,Appartamento,mid-big,north,0.5,5,mid
2000.0,105.0,Torino,Attico,mid-big,north,0.5,2,mid
1900.0,115.0,Torino,Trilocale,mid-big,north,0.5,3,mid
850.0,85.0,Torino,Trilocale,mid-big,north,3.0,3,mid-small
850.0,40.0,Torino,Bilocale,mid-big,north,3.0,2,small
450.0,52.0,Torino,Bilocale,mid-big,north,3.0,2,small
1200.0,160.0,Torino,Quadrilocale,mid-big,north,3.0,4,mid
1100.0,145.0,Torino,Appartamento,mid-big,north,3.0,6,mid
1300.0,120.0,Torino,Casale,mid-big,north,3.0,4,mid
2400.0,130.0,Torino,Appartamento,mid-big,north,3.0,6,mid
450.0,30.0,Torino,Monolocale,mid-big,north,3.0,1,very small
1900.0,130.0,Torino,Appartamento,mid-big,north,3.0,6,mid
2700.0,122.0,Torino,Quadrilocale,mid-big,north,3.0,4,mid
500.0,50.0,Torino,Bilocale,mid-big,north,3.0,2,small
1280.0,120.0,Torino,Quadrilocale,mid-big,north,3.0,4,mid
240.0,48.0,Torino,Bilocale,mid-big,north,3.0,2,small
1250.0,45.0,Torino,Bilocale,mid-big,north,3.0,2,small
490.0,46.0,Torino,Bilocale,mid-big,north,3.0,2,small
1100.0,172.0,Torino,Appartamento,mid-big,north,3.0,6,mid
600.0,55.0,Torino,Trilocale,mid-big,north,3.0,3,small
1800.0,105.0,Torino,Trilocale,mid-big,north,3.0,3,mid
1250.0,144.0,Torino,Appartamento,mid-big,north,3.0,5,mid
1500.0,80.0,Torino,Quadrilocale,mid-big,north,3.0,4,mid-small
1300.0,85.0,Torino,Trilocale,mid-big,north,3.0,3,mid-small
800.0,75.0,Torino,Quadrilocale,mid-big,north,3.0,4,mid-small
750.0,60.0,Torino,Bilocale,mid-big,north,3.0,2,small
770.0,108.0,Torino,Quadrilocale,mid-big,north,3.0,4,mid
1800.0,165.0,Torino,Villa,mid-big,north,4.0,6,mid
550.0,65.0,Torino,Mansarda,mid-big,north,4.0,2,small
1500.0,80.0,Torino,Trilocale,mid-big,north,4.0,3,mid-small
690.0,76.0,Torino,Trilocale,mid-big,north,4.0,3,mid-small
1200.0,126.0,Torino,Appartamento,mid-big,north,4.0,5,mid
1450.0,110.0,Torino,Trilocale,mid-big,north,4.0,3,mid
540.0,80.0,Torino,Trilocale,mid-big,north,4.0,3,mid-small
450.0,135.0,Torino,Appartamento,mid-big,north,4.0,5,mid
520.0,48.0,Torino,Bilocale,mid-big,north,4.0,2,small
500.0,28.0,Torino,Monolocale,mid-big,north,4.0,1,very small
500.0,35.0,Torino,Monolocale,mid-big,north,4.0,1,very small
450.0,70.0,Torino,Quadrilocale,mid-big,north,4.0,4,mid-small
1400.0,120.0,Torino,Attico,mid-big,north,4.0,4,mid
400.0,45.0,Torino,Bilocale,mid-big,north,4.0,2,small
580.0,75.0,Torino,Trilocale,mid-big,north,4.0,3,mid-small
500.0,70.0,Torino,Trilocale,mid-big,north,4.0,3,mid-small
900.0,100.0,Torino,Quadrilocale,mid-big,north,4.0,4,mid
1600.0,131.0,Torino,Trilocale,mid-big,north,4.0,3,mid
400.0,30.0,Torino,Monolocale,mid-big,north,4.0,1,very small
500.0,60.0,Torino,Bilocale,mid-big,north,4.0,2,small
800.0,75.0,Torino,Trilocale,mid-big,north,4.0,3,mid-small
540.0,50.0,Torino,Bilocale,mid-big,north,4.0,2,small
1300.0,72.0,Torino,Bilocale,mid-big,north,4.0,2,mid-small
550.0,60.0,Torino,Bilocale,mid-big,north,4.0,2,small
320.0,37.0,Torino,Bilocale,mid-big,north,4.0,2,very small
475.0,54.0,Torino,Bilocale,mid-big,north,2.0,2,small
490.0,60.0,Torino,Bilocale,mid-big,north,2.0,2,small
340.0,20.0,Torino,Monolocale,mid-big,north,2.0,1,very small
400.0,30.0,Torino,Bilocale,mid-big,north,2.0,2,very small
300.0,54.0,Torino,Bilocale,mid-big,north,2.0,2,small
480.0,36.0,Torino,Bilocale,mid-big,north,2.0,2,very small
2100.0,135.0,Torino,Quadrilocale,mid-big,north,2.0,4,mid
350.0,45.0,Torino,Bilocale,mid-big,north,2.0,2,small
790.0,40.0,Torino,Bilocale,mid-big,north,2.0,2,small
1200.0,118.0,Torino,Quadrilocale,mid-big,north,2.0,4,mid
630.0,70.0,Torino,Trilocale,mid-big,north,2.0,3,mid-small
1000.0,75.0,Torino,Attico,mid-big,north,2.0,3,mid-small
500.0,40.0,Torino,Monolocale,mid-big,north,2.0,1,small
800.0,114.0,Torino,Quadrilocale,mid-big,north,2.0,4,mid
700.0,90.0,Torino,Trilocale,mid-big,north,2.0,3,mid-small
700.0,70.0,Torino,Trilocale,mid-big,north,2.0,3,mid-small
375.0,80.0,Torino,Trilocale,mid-big,north,2.0,3,mid-small
420.0,65.0,Torino,Bilocale,mid-big,north,2.0,2,small
830.0,65.0,Torino,Bilocale,mid-big,north,2.0,2,small
2600.0,183.0,Torino,Attico,mid-big,north,2.0,5,mid
2500.0,210.0,Torino,Appartamento,mid-big,north,2.0,6,large
380.0,85.0,Torino,Attico,mid-big,north,2.0,2,mid-small
3000.0,190.0,Torino,Appartamento,mid-big,north,2.0,6,mid
1100.0,100.0,Torino,Trilocale,mid-big,north,5.0,3,mid
464.0,60.0,Torino,Bilocale,mid-big,north,5.0,2,small
430.0,38.0,Torino,Bilocale,mid-big,north,5.0,2,very small
800.0,58.0,Torino,Bilocale,mid-big,north,5.0,2,small
800.0,58.0,Torino,Bilocale,mid-big,north,5.0,2,small
700.0,35.0,Torino,Monolocale,mid-big,north,5.0,1,very small
1000.0,75.0,Torino,Bilocale,mid-big,north,5.0,2,mid-small
800.0,40.0,Torino,Bilocale,mid-big,north,5.0,2,small
780.0,100.0,Torino,Trilocale,mid-big,north,5.0,3,mid
650.0,50.0,Torino,Bilocale,mid-big,north,5.0,2,small
2500.0,190.0,Torino,Appartamento,mid-big,north,5.0,5,mid
600.0,90.0,Torino,Trilocale,mid-big,north,5.0,3,mid-small
1500.0,68.0,Torino,Bilocale,mid-big,north,5.0,2,small
1400.0,43.0,Torino,Bilocale,mid-big,north,5.0,2,small
1300.0,143.0,Torino,Attico,mid-big,north,5.0,4,mid
570.0,50.0,Torino,Bilocale,mid-big,north,5.0,2,small
1200.0,160.0,Torino,Appartamento,mid-big,north,5.0,5,mid
650.0,45.0,Torino,Bilocale,mid-big,north,5.0,2,small
750.0,110.0,Torino,Quadrilocale,mid-big,north,5.0,4,mid
950.0,65.0,Torino,Bilocale,mid-big,north,5.0,2,small
370.0,50.0,Torino,Bilocale,mid-big,north,5.0,2,small
2400.0,135.0,Torino,Appartamento,mid-big,north,5.0,5,mid
820.0,50.0,Torino,Bilocale,mid-big,north,5.0,2,small
1800.0,192.0,Torino,Quadrilocale,mid-big,north,5.0,4,mid
750.0,50.0,Torino,Bilocale,mid-big,north,1.0,2,small
700.0,35.0,Torino,Mansarda,mid-big,north,1.0,2,very small
550.0,40.0,Torino,Mansarda,mid-big,north,1.0,2,small
650.0,80.0,Torino,Trilocale,mid-big,north,1.0,3,mid-small
900.0,50.0,Torino,Mansarda,mid-big,north,1.0,2,small
850.0,60.0,Torino,Bilocale,mid-big,north,1.0,2,small
350.0,25.0,Torino,Monolocale,mid-big,north,1.0,1,very small
600.0,60.0,Torino,Trilocale,mid-big,north,1.0,3,small
480.0,48.0,Torino,Bilocale,mid-big,north,1.0,2,small
420.0,25.0,Torino,Monolocale,mid-big,north,1.0,1,very small
635.0,85.0,Torino,Trilocale,mid-big,north,1.0,3,mid-small
1050.0,80.0,Torino,Trilocale,mid-big,north,1.0,3,mid-small
600.0,55.0,Torino,Bilocale,mid-big,north,1.0,2,small
1400.0,82.0,Torino,Attico,mid-big,north,1.0,3,mid-small
1400.0,56.0,Torino,Bilocale,mid-big,north,1.0,2,small
600.0,90.0,Torino,Trilocale,mid-big,north,1.0,3,mid-small
1300.0,79.0,Torino,Trilocale,mid-big,north,1.0,3,mid-small
700.0,50.0,Torino,Bilocale,mid-big,north,1.0,2,small
1400.0,180.0,Torino,Mansarda,mid-big,north,1.0,4,mid
800.0,71.0,Torino,Loft,mid-big,north,1.0,2,mid-small
750.0,100.0,Torino,Trilocale,mid-big,north,1.0,3,mid
2500.0,195.0,Torino,Appartamento,mid-big,north,1.0,6,mid
620.0,50.0,Torino,Bilocale,mid-big,north,2.0,2,small
740.0,70.0,Torino,Trilocale,mid-big,north,2.0,3,mid-small
400.0,40.0,Torino,Mansarda,mid-big,north,2.0,2,small
900.0,40.0,Torino,Bilocale,mid-big,north,2.0,2,small
3000.0,300.0,Torino,Appartamento,mid-big,north,2.0,6,large
600.0,47.0,Torino,Bilocale,mid-big,north,2.0,2,small
980.0,70.0,Torino,Trilocale,mid-big,north,2.0,3,mid-small
1200.0,166.0,Torino,Appartamento,mid-big,north,2.0,5,mid
1200.0,166.0,Torino,Appartamento,mid-big,north,2.0,5,mid
2000.0,140.0,Torino,Quadrilocale,mid-big,north,2.0,4,mid
400.0,30.0,Torino,Monolocale,mid-big,north,2.0,1,very small
350.0,47.0,Torino,Bilocale,mid-big,north,2.0,2,small
850.0,74.0,Torino,Trilocale,mid-big,north,2.0,3,mid-small
800.0,65.0,Torino,Bilocale,mid-big,north,2.0,2,small
510.0,55.0,Torino,Bilocale,mid-big,north,2.0,2,small
700.0,115.0,Torino,Quadrilocale,mid-big,north,2.0,4,mid
1200.0,100.0,Torino,Trilocale,mid-big,north,2.0,3,mid
1200.0,80.0,Torino,Trilocale,mid-big,north,2.0,3,mid-small
1900.0,170.0,Torino,Quadrilocale,mid-big,north,2.0,4,mid
1000.0,80.0,Torino,Bilocale,mid-big,north,2.0,2,mid-small
450.0,51.0,Torino,Bilocale,mid-big,north,2.0,2,small
415.0,28.0,Torino,Monolocale,mid-big,north,2.0,1,very small
2400.0,150.0,Torino,Appartamento,mid-big,north,2.0,5,mid
1300.0,100.0,Torino,Quadrilocale,mid-big,north,1.0,4,mid
600.0,35.0,Torino,Monolocale,mid-big,north,1.0,1,very small
970.0,74.0,Torino,Trilocale,mid-big,north,1.0,3,mid-small
2350.0,235.0,Torino,Appartamento,mid-big,north,1.0,6,large
900.0,50.0,Torino,Bilocale,mid-big,north,1.0,2,small
600.0,75.0,Torino,Trilocale,mid-big,north,1.0,3,mid-small
900.0,60.0,Torino,Bilocale,mid-big,north,1.0,2,small
1100.0,120.0,Torino,Trilocale,mid-big,north,1.0,3,mid
820.0,65.0,Torino,Bilocale,mid-big,north,1.0,2,small
407.0,45.0,Torino,Bilocale,mid-big,north,1.0,2,small
900.0,80.0,Torino,Mansarda,mid-big,north,1.0,3,mid-small
1800.0,150.0,Torino,Quadrilocale,mid-big,north,1.0,4,mid
740.0,110.0,Torino,Quadrilocale,mid-big,north,1.0,4,mid
1000.0,85.0,Torino,Bilocale,mid-big,north,1.0,2,mid-small
550.0,40.0,Torino,Bilocale,mid-big,north,1.0,2,small
550.0,40.0,Torino,Bilocale,mid-big,north,1.0,2,small
870.0,115.0,Torino,Appartamento,mid-big,north,1.0,5,mid
850.0,68.0,Torino,Bilocale,mid-big,north,1.0,2,small
700.0,70.0,Torino,Bilocale,mid-big,north,1.0,2,mid-small
550.0,135.0,Torino,Appartamento,mid-big,north,1.0,6,mid
3000.0,190.0,Torino,Appartamento,mid-big,north,1.0,5,mid
900.0,50.0,Torino,Bilocale,mid-big,north,1.0,2,small
1700.0,160.0,Torino,Appartamento,mid-big,north,1.0,5,mid
1100.0,65.0,Torino,Bilocale,mid-big,north,1.0,2,small
1050.0,95.0,Torino,Trilocale,mid-big,north,5.0,3,mid-small
600.0,50.0,Torino,Bilocale,mid-big,north,5.0,2,small
650.0,65.0,Torino,Bilocale,mid-big,north,5.0,2,small
600.0,47.0,Torino,Monolocale,mid-big,north,5.0,1,small
700.0,35.0,Torino,Monolocale,mid-big,north,5.0,1,very small
2000.0,75.0,Torino,Trilocale,mid-big,north,5.0,3,mid-small
700.0,75.0,Torino,Quadrilocale,mid-big,north,5.0,4,mid-small
430.0,58.0,Torino,Bilocale,mid-big,north,5.0,2,small
550.0,60.0,Torino,Bilocale,mid-big,north,5.0,2,small
260.0,24.0,Torino,Monolocale,mid-big,north,5.0,1,very small
2000.0,120.0,Torino,Trilocale,mid-big,north,5.0,3,mid
1500.0,140.0,Torino,Quadrilocale,mid-big,north,5.0,4,mid
480.0,65.0,Torino,Trilocale,mid-big,north,5.0,3,small
800.0,80.0,Torino,Trilocale,mid-big,north,5.0,3,mid-small
500.0,50.0,Torino,Bilocale,mid-big,north,5.0,2,small
520.0,40.0,Torino,Monolocale,mid-big,north,5.0,1,small
870.0,100.0,Torino,Trilocale,mid-big,north,5.0,3,mid
1650.0,160.0,Torino,Attico,mid-big,north,5.0,5,mid
520.0,50.0,Torino,Bilocale,mid-big,north,5.0,2,small
1400.0,136.0,Torino,Quadrilocale,mid-big,north,5.0,4,mid
600.0,78.0,Torino,Trilocale,mid-big,north,5.0,3,mid-small
400.0,60.0,Torino,Bilocale,mid-big,north,5.0,2,small
1800.0,120.0,Torino,Trilocale,mid-big,north,5.0,3,mid
500.0,60.0,Torino,Trilocale,mid-big,north,5.0,3,small
400.0,35.0,Torino,Monolocale,mid-big,north,5.0,1,very small
520.0,68.0,Torino,Trilocale,mid-big,north,3.0,3,small
500.0,80.0,Torino,Trilocale,mid-big,north,3.0,3,mid-small
570.0,67.0,Torino,Trilocale,mid-big,north,3.0,3,small
740.0,38.0,Torino,Attico,mid-big,north,3.0,2,very small
950.0,70.0,Torino,Trilocale,mid-big,north,3.0,3,mid-small
400.0,30.0,Torino,Monolocale,mid-big,north,3.0,1,very small
1000.0,50.0,Torino,Mansarda,mid-big,north,3.0,2,small
600.0,45.0,Torino,Bilocale,mid-big,north,3.0,2,small
400.0,25.0,Torino,Monolocale,mid-big,north,3.0,1,very small
2200.0,160.0,Torino,Attico,mid-big,north,3.0,4,mid
2100.0,300.0,Torino,Appartamento,mid-big,north,3.0,6,large
900.0,60.0,Torino,Monolocale,mid-big,north,3.0,1,small
1050.0,158.0,Torino,Appartamento,mid-big,north,3.0,5,mid
1250.0,62.0,Torino,Bilocale,mid-big,north,3.0,2,small
400.0,40.0,Torino,Bilocale,mid-big,north,3.0,2,small
500.0,55.0,Torino,Bilocale,mid-big,north,3.0,2,small
1750.0,110.0,Torino,Quadrilocale,mid-big,north,3.0,4,mid
495.0,80.0,Torino,Trilocale,mid-big,north,3.0,3,mid-small
650.0,43.0,Torino,Monolocale,mid-big,north,3.0,1,small
3000.0,340.0,Torino,Appartamento,mid-big,north,3.0,6,large
1000.0,50.0,Torino,Loft,mid-big,north,3.0,2,small
560.0,40.0,Torino,Mansarda,mid-big,north,3.0,2,small
1000.0,55.0,Torino,Bilocale,mid-big,north,3.0,2,small
475.0,39.0,Torino,Monolocale,mid-big,north,3.0,1,very small
1100.0,179.0,Torino,Appartamento,mid-big,north,3.0,6,mid
850.0,93.0,Torino,Quadrilocale,mid-big,north,5.0,4,mid-small
1750.0,95.0,Torino,Trilocale,mid-big,north,5.0,3,mid-small
2000.0,80.0,Torino,Trilocale,mid-big,north,5.0,3,mid-small
1150.0,55.0,Torino,Bilocale,mid-big,north,5.0,2,small
2000.0,120.0,Torino,Trilocale,mid-big,north,5.0,3,mid
750.0,26.0,Torino,Monolocale,mid-big,north,5.0,1,very small
800.0,25.0,Torino,Monolocale,mid-big,north,5.0,1,very small
900.0,40.0,Torino,Monolocale,mid-big,north,5.0,1,small
1750.0,72.0,Torino,Trilocale,mid-big,north,5.0,3,mid-small
1000.0,24.0,Torino,Monolocale,mid-big,north,5.0,1,very small
1050.0,34.0,Torino,Monolocale,mid-big,north,5.0,1,very small
1200.0,60.0,Torino,Bilocale,mid-big,north,5.0,2,small
420.0,25.0,Torino,Monolocale,mid-big,north,5.0,1,very small
470.0,60.0,Torino,Bilocale,mid-big,north,5.0,2,small
550.0,45.0,Torino,Monolocale,mid-big,north,5.0,1,small
240.0,20.0,Torino,Monolocale,mid-big,north,5.0,1,very small
1100.0,85.0,Torino,Bilocale,mid-big,north,5.0,2,mid-small
400.0,30.0,Torino,Mansarda,mid-big,north,5.0,2,very small
1100.0,120.0,Torino,Trilocale,mid-big,north,5.0,3,mid
600.0,40.0,Torino,Bilocale,mid-big,north,5.0,2,small
840.0,90.0,Torino,Trilocale,mid-big,north,5.0,3,mid-small
400.0,35.0,Torino,Bilocale,mid-big,north,5.0,2,very small
470.0,35.0,Torino,Monolocale,mid-big,north,5.0,1,very small
1900.0,90.0,Torino,Trilocale,mid-big,north,5.0,3,mid-small
700.0,70.0,Torino,Trilocale,mid-big,north,5.0,3,mid-small
1350.0,55.0,Torino,Bilocale,mid-big,north,1.0,2,small
700.0,88.0,Torino,Trilocale,mid-big,north,1.0,3,mid-small
600.0,80.0,Torino,Trilocale,mid-big,north,1.0,3,mid-small
830.0,55.0,Torino,Bilocale,mid-big,north,1.0,2,small
2000.0,203.0,Torino,Quadrilocale,mid-big,north,1.0,4,large
950.0,65.0,Torino,Trilocale,mid-big,north,1.0,3,small
900.0,75.0,Torino,Quadrilocale,mid-big,north,1.0,4,mid-small
360.0,30.0,Torino,Monolocale,mid-big,north,1.0,1,very small
470.0,60.0,Torino,Trilocale,mid-big,north,1.0,3,small
1200.0,90.0,Torino,Trilocale,mid-big,north,1.0,3,mid-small
1250.0,150.0,Torino,Appartamento,mid-big,north,1.0,4,mid
1950.0,90.0,Torino,Bilocale,mid-big,north,1.0,2,mid-small
1300.0,190.0,Torino,Appartamento,mid-big,north,1.0,5,mid
950.0,100.0,Torino,Quadrilocale,mid-big,north,1.0,4,mid
550.0,35.0,Torino,Monolocale,mid-big,north,1.0,1,very small
3500.0,380.0,Torino,Appartamento,mid-big,north,1.0,6,large
650.0,50.0,Torino,Bilocale,mid-big,north,1.0,2,small
1400.0,250.0,Torino,Appartamento,mid-big,north,1.0,6,large
1400.0,100.0,Torino,Trilocale,mid-big,north,1.0,3,mid
900.0,50.0,Torino,Monolocale,mid-big,north,1.0,1,small
700.0,70.0,Torino,Bilocale,mid-big,north,1.0,2,mid-small
550.0,30.0,Torino,Monolocale,mid-big,north,1.0,1,very small
1600.0,100.0,Torino,Quadrilocale,mid-big,north,1.0,4,mid
550.0,45.0,Torino,Bilocale,mid-big,north,1.0,2,small
650.0,60.0,Torino,Bilocale,mid-big,north,1.0,2,small
1900.0,200.0,Torino,Quadrilocale,mid-big,north,2.0,4,large
360.0,40.0,Torino,Bilocale,mid-big,north,2.0,2,small
3500.0,200.0,Torino,Appartamento,mid-big,north,2.0,5,large
900.0,95.0,Torino,Quadrilocale,mid-big,north,2.0,4,mid-small
613.0,95.0,Torino,Appartamento,mid-big,north,2.0,5,mid-small
550.0,55.0,Torino,Bilocale,mid-big,north,2.0,2,small
470.0,60.0,Torino,Bilocale,mid-big,north,2.0,2,small
1200.0,52.0,Torino,Monolocale,mid-big,north,2.0,1,small
600.0,55.0,Torino,Trilocale,mid-big,north,2.0,3,small
755.0,125.0,Torino,Quadrilocale,mid-big,north,2.0,4,mid
900.0,120.0,Torino,Attico,mid-big,north,2.0,5,mid
1400.0,110.0,Torino,Mansarda,mid-big,north,2.0,3,mid
550.0,40.0,Torino,Bilocale,mid-big,north,2.0,2,small
650.0,60.0,Torino,Bilocale,mid-big,north,2.0,2,small
472.0,80.0,Torino,Trilocale,mid-big,north,2.0,3,mid-small
350.0,30.0,Torino,Monolocale,mid-big,north,2.0,1,very small
650.0,80.0,Torino,Trilocale,mid-big,north,2.0,3,mid-small
850.0,50.0,Torino,Bilocale,mid-big,north,2.0,2,small
600.0,77.0,Torino,Trilocale,mid-big,north,2.0,3,mid-small
400.0,50.0,Torino,Bilocale,mid-big,north,2.0,2,small
1600.0,110.0,Torino,Attico,mid-big,north,2.0,2,mid
850.0,90.0,Torino,Quadrilocale,mid-big,north,2.0,4,mid-small
420.0,46.0,Torino,Bilocale,mid-big,north,2.0,2,small
900.0,90.0,Torino,Quadrilocale,mid-big,north,2.0,4,mid-small
700.0,67.0,Torino,Bilocale,mid-big,north,2.0,2,small
900.0,130.0,Torino,Quadrilocale,mid-big,north,7.0,4,mid
1000.0,50.0,Torino,Bilocale,mid-big,north,7.0,2,small
1800.0,120.0,Torino,Quadrilocale,mid-big,north,7.0,4,mid
800.0,84.0,Torino,Trilocale,mid-big,north,7.0,3,mid-small
1950.0,90.0,Torino,Bilocale,mid-big,north,7.0,2,mid-small
480.0,40.0,Torino,Bilocale,mid-big,north,7.0,2,small
470.0,80.0,Torino,Trilocale,mid-big,north,7.0,3,mid-small
470.0,80.0,Torino,Trilocale,mid-big,north,7.0,3,mid-small
500.0,60.0,Torino,Bilocale,mid-big,north,7.0,2,small
500.0,40.0,Torino,Bilocale,mid-big,north,7.0,2,small
950.0,60.0,Torino,Bilocale,mid-big,north,7.0,2,small
850.0,80.0,Torino,Quadrilocale,mid-big,north,7.0,4,mid-small
360.0,35.0,Torino,Monolocale,mid-big,north,7.0,1,very small
400.0,30.0,Torino,Monolocale,mid-big,north,7.0,1,very small
800.0,75.0,Torino,Trilocale,mid-big,north,7.0,3,mid-small
2200.0,170.0,Torino,Appartamento,mid-big,north,7.0,5,mid
400.0,35.0,Torino,Bilocale,mid-big,north,7.0,2,very small
360.0,50.0,Torino,Bilocale,mid-big,north,7.0,2,small
2200.0,200.0,Torino,Appartamento,mid-big,north,7.0,5,large
520.0,45.0,Torino,Bilocale,mid-big,north,7.0,2,small
700.0,75.0,Torino,Trilocale,mid-big,north,7.0,3,mid-small
1300.0,120.0,Torino,Quadrilocale,mid-big,north,7.0,4,mid
450.0,60.0,Torino,Bilocale,mid-big,north,7.0,2,small
1500.0,105.0,Torino,Quadrilocale,mid-big,north,7.0,4,mid
570.0,55.0,Torino,Loft,mid-big,north,7.0,2,small
820.0,65.0,Torino,Bilocale,mid-big,north,1.0,2,small
950.0,190.0,Torino,Appartamento,mid-big,north,1.0,6,mid
500.0,70.0,Torino,Trilocale,mid-big,north,1.0,3,mid-small
370.0,45.0,Torino,Bilocale,mid-big,north,1.0,2,small
460.0,60.0,Torino,Bilocale,mid-big,north,1.0,2,small
2000.0,170.0,Torino,Appartamento,mid-big,north,1.0,6,mid
450.0,29.0,Torino,Monolocale,mid-big,north,1.0,1,very small
350.0,25.0,Torino,Monolocale,mid-big,north,1.0,1,very small
1600.0,120.0,Torino,Appartamento,mid-big,north,1.0,5,mid
330.0,40.0,Torino,Bilocale,mid-big,north,1.0,2,small
1200.0,90.0,Torino,Trilocale,mid-big,north,1.0,3,mid-small
580.0,52.0,Torino,Trilocale,mid-big,north,1.0,3,small
650.0,50.0,Torino,Bilocale,mid-big,north,1.0,2,small
850.0,75.0,Torino,Bilocale,mid-big,north,1.0,2,mid-small
425.0,56.0,Torino,Bilocale,mid-big,north,1.0,2,small
500.0,50.0,Torino,Bilocale,mid-big,north,1.0,2,small
1000.0,115.0,Torino,Appartamento,mid-big,north,1.0,6,mid
1500.0,180.0,Torino,Appartamento,mid-big,north,1.0,6,mid
1100.0,145.0,Torino,Appartamento,mid-big,north,1.0,5,mid
1848.0,243.0,Torino,Appartamento,mid-big,north,1.0,6,large
550.0,120.0,Torino,Trilocale,mid-big,north,1.0,3,mid
400.0,60.0,Torino,Bilocale,mid-big,north,1.0,2,small
390.0,46.0,Torino,Bilocale,mid-big,north,1.0,2,small
580.0,60.0,Torino,Trilocale,mid-big,north,1.0,3,small
650.0,109.0,Torino,Trilocale,mid-big,north,0.0,3,mid
1600.0,110.0,Torino,Quadrilocale,mid-big,north,0.0,4,mid
640.0,75.0,Torino,Trilocale,mid-big,north,0.0,3,mid-small
2200.0,200.0,Torino,Appartamento,mid-big,north,0.0,6,large
490.0,60.0,Torino,Bilocale,mid-big,north,0.0,2,small
490.0,50.0,Torino,Bilocale,mid-big,north,0.0,2,small
320.0,100.0,Torino,Quadrilocale,mid-big,north,0.0,4,mid
500.0,50.0,Torino,Bilocale,mid-big,north,0.0,2,small
600.0,41.0,Torino,Bilocale,mid-big,north,0.0,2,small
750.0,45.0,Torino,Bilocale,mid-big,north,0.0,2,small
450.0,50.0,Torino,Bilocale,mid-big,north,0.0,2,small
1200.0,130.0,Torino,Quadrilocale,mid-big,north,0.0,4,mid
1100.0,50.0,Torino,Bilocale,mid-big,north,0.0,2,small
1500.0,200.0,Torino,Appartamento,mid-big,north,0.0,6,large
390.0,38.0,Torino,Monolocale,mid-big,north,0.0,1,very small
850.0,95.0,Torino,Trilocale,mid-big,north,0.0,3,mid-small
700.0,70.0,Torino,Trilocale,mid-big,north,0.0,3,mid-small
774.0,80.0,Torino,Trilocale,mid-big,north,0.0,3,mid-small
750.0,50.0,Torino,Bilocale,mid-big,north,0.0,2,small
2000.0,140.0,Torino,Trilocale,mid-big,north,0.0,3,mid
400.0,45.0,Torino,Monolocale,mid-big,north,0.0,1,small
1400.0,90.0,Torino,Appartamento,mid-big,north,0.0,6,mid-small
1400.0,180.0,Torino,Appartamento,mid-big,north,0.0,6,mid
6000.0,250.0,Torino,Appartamento,mid-big,north,0.0,6,large
350.0,40.0,Torino,Mansarda,mid-big,north,7.0,2,small
450.0,75.0,Torino,Trilocale,mid-big,north,7.0,3,mid-small
1200.0,90.0,Torino,Trilocale,mid-big,north,7.0,3,mid-small
535.0,50.0,Torino,Bilocale,mid-big,north,7.0,2,small
450.0,60.0,Torino,Bilocale,mid-big,north,7.0,2,small
580.0,45.0,Torino,Bilocale,mid-big,north,7.0,2,small
1000.0,100.0,Torino,Attico,mid-big,north,7.0,4,mid
500.0,68.0,Torino,Bilocale,mid-big,north,7.0,2,small
795.0,125.0,Torino,Quadrilocale,mid-big,north,7.0,4,mid
260.0,45.0,Torino,Bilocale,mid-big,north,7.0,2,small
500.0,70.0,Torino,Trilocale,mid-big,north,7.0,3,mid-small
650.0,60.0,Torino,Mansarda,mid-big,north,7.0,2,small
750.0,47.0,Torino,Bilocale,mid-big,north,7.0,2,small
700.0,65.0,Torino,Bilocale,mid-big,north,7.0,2,small
1400.0,124.0,Torino,Quadrilocale,mid-big,north,7.0,4,mid
500.0,50.0,Torino,Bilocale,mid-big,north,7.0,2,small
690.0,67.0,Torino,Trilocale,mid-big,north,7.0,3,small
1700.0,90.0,Torino,Trilocale,mid-big,north,7.0,3,mid-small
650.0,50.0,Torino,Bilocale,mid-big,north,7.0,2,small
1020.0,150.0,Torino,Quadrilocale,mid-big,north,7.0,4,mid
450.0,60.0,Torino,Bilocale,mid-big,north,7.0,2,small
1270.0,150.0,Torino,Appartamento,mid-big,north,7.0,6,mid
500.0,60.0,Torino,Bilocale,mid-big,north,7.0,2,small
500.0,28.0,Torino,Monolocale,mid-big,north,7.0,1,very small
2500.0,110.0,Torino,Quadrilocale,mid-big,north,7.0,4,mid
610.0,89.0,Torino,Trilocale,mid-big,north,0.5,3,mid-small
400.0,35.0,Torino,Monolocale,mid-big,north,0.5,1,very small
600.0,45.0,Torino,Bilocale,mid-big,north,0.5,2,small
450.0,56.0,Torino,Bilocale,mid-big,north,0.5,2,small
450.0,55.0,Torino,Bilocale,mid-big,north,0.5,2,small
1000.0,100.0,Torino,Trilocale,mid-big,north,0.5,3,mid
850.0,90.0,Torino,Quadrilocale,mid-big,north,0.5,4,mid-small
1350.0,70.0,Torino,Trilocale,mid-big,north,0.5,3,mid-small
500.0,30.0,Torino,Monolocale,mid-big,north,0.5,1,very small
470.0,50.0,Torino,Bilocale,mid-big,north,0.5,2,small
600.0,40.0,Torino,Bilocale,mid-big,north,0.5,2,small
2000.0,100.0,Torino,Mansarda,mid-big,north,0.5,2,mid
530.0,45.0,Torino,Trilocale,mid-big,north,0.5,3,small
550.0,30.0,Torino,Monolocale,mid-big,north,0.5,1,very small
1800.0,80.0,Torino,Trilocale,mid-big,north,0.5,3,mid-small
940.0,100.0,Torino,Quadrilocale,mid-big,north,0.5,4,mid
1700.0,70.0,Torino,Trilocale,mid-big,north,0.5,3,mid-small
450.0,70.0,Torino,Trilocale,mid-big,north,0.5,3,mid-small
1650.0,110.0,Torino,Trilocale,mid-big,north,0.5,3,mid
380.0,40.0,Torino,Mansarda,mid-big,north,0.5,2,small
285.0,85.0,Torino,Quadrilocale,mid-big,north,0.5,4,mid-small
750.0,40.0,Torino,Bilocale,mid-big,north,0.5,2,small
850.0,60.0,Torino,Bilocale,mid-big,north,0.5,2,small
400.0,40.0,Torino,Bilocale,mid-big,north,0.5,2,small
1200.0,130.0,Torino,Appartamento,mid-big,north,4.0,5,mid
630.0,100.0,Torino,Trilocale,mid-big,north,4.0,3,mid
2000.0,90.0,Torino,Bilocale,mid-big,north,4.0,2,mid-small
530.0,40.0,Torino,Bilocale,mid-big,north,4.0,2,small
470.0,50.0,Torino,Bilocale,mid-big,north,4.0,2,small
800.0,95.0,Torino,Quadrilocale,mid-big,north,4.0,4,mid-small
2000.0,80.0,Torino,Mansarda,mid-big,north,4.0,2,mid-small
420.0,30.0,Torino,Monolocale,mid-big,north,4.0,1,very small
1100.0,110.0,Torino,Appartamento,mid-big,north,4.0,5,mid
260.0,25.0,Torino,Monolocale,mid-big,north,4.0,1,very small
620.0,45.0,Torino,Bilocale,mid-big,north,4.0,2,small
450.0,50.0,Torino,Bilocale,mid-big,north,4.0,2,small
390.0,40.0,Torino,Monolocale,mid-big,north,4.0,1,small
1900.0,190.0,Torino,Appartamento,mid-big,north,4.0,6,mid
800.0,200.0,Torino,Appartamento,mid-big,north,4.0,5,large
1000.0,50.0,Torino,Bilocale,mid-big,north,4.0,2,small
470.0,40.0,Torino,Bilocale,mid-big,north,4.0,2,small
1000.0,75.0,Torino,Trilocale,mid-big,north,4.0,3,mid-small
1050.0,60.0,Torino,Bilocale,mid-big,north,4.0,2,small
400.0,50.0,Torino,Bilocale,mid-big,north,4.0,2,small
2300.0,160.0,Torino,Appartamento,mid-big,north,4.0,6,mid
1250.0,150.0,Torino,Appartamento,mid-big,north,4.0,4,mid
900.0,90.0,Torino,Loft,mid-big,north,4.0,3,mid-small
570.0,60.0,Torino,Trilocale,mid-big,north,4.0,3,small
1700.0,180.0,Torino,Appartamento,mid-big,north,2.0,6,mid
600.0,55.0,Torino,Bilocale,mid-big,north,2.0,2,small
5500.0,350.0,Torino,Appartamento,mid-big,north,2.0,6,large
1300.0,85.0,Torino,Trilocale,mid-big,north,2.0,3,mid-small
550.0,60.0,Torino,Bilocale,mid-big,north,2.0,2,small
430.0,25.0,Torino,Monolocale,mid-big,north,2.0,1,very small
450.0,50.0,Torino,Bilocale,mid-big,north,2.0,2,small
1950.0,140.0,Torino,Appartamento,mid-big,north,2.0,5,mid
3000.0,150.0,Torino,Quadrilocale,mid-big,north,2.0,4,mid
435.0,60.0,Torino,Trilocale,mid-big,north,2.0,3,small
310.0,75.0,Torino,Trilocale,mid-big,north,2.0,3,mid-small
550.0,45.0,Torino,Bilocale,mid-big,north,2.0,2,small
3200.0,240.0,Torino,Appartamento,mid-big,north,2.0,5,large
656.0,80.0,Torino,Trilocale,mid-big,north,2.0,3,mid-small
470.0,50.0,Torino,Bilocale,mid-big,north,2.0,2,small
420.0,55.0,Torino,Bilocale,mid-big,north,2.0,2,small
450.0,60.0,Torino,Trilocale,mid-big,north,2.0,3,small
250.0,30.0,Torino,Monolocale,mid-big,north,2.0,1,very small
620.0,70.0,Torino,Trilocale,mid-big,north,2.0,3,mid-small
620.0,45.0,Torino,Loft,mid-big,north,2.0,2,small
900.0,75.0,Torino,Trilocale,mid-big,north,2.0,3,mid-small
850.0,85.0,Torino,Trilocale,mid-big,north,2.0,3,mid-small
1000.0,50.0,Torino,Bilocale,mid-big,north,2.0,2,small
600.0,45.0,Torino,Bilocale,mid-big,north,0.0,2,small
800.0,90.0,Torino,Trilocale,mid-big,north,0.0,3,mid-small
378.0,75.0,Torino,Trilocale,mid-big,north,0.0,3,mid-small
577.0,80.0,Torino,Trilocale,mid-big,north,0.0,3,mid-small
800.0,90.0,Torino,Trilocale,mid-big,north,0.0,3,mid-small
1500.0,80.0,Torino,Attico,mid-big,north,0.0,3,mid-small
3000.0,190.0,Torino,Appartamento,mid-big,north,0.0,5,mid
600.0,60.0,Torino,Bilocale,mid-big,north,0.0,2,small
1000.0,81.0,Torino,Trilocale,mid-big,north,0.0,3,mid-small
450.0,55.0,Torino,Bilocale,mid-big,north,0.0,2,small
460.0,70.0,Torino,Trilocale,mid-big,north,0.0,3,mid-small
520.0,80.0,Torino,Trilocale,mid-big,north,0.0,3,mid-small
600.0,55.0,Torino,Bilocale,mid-big,north,0.0,2,small
400.0,35.0,Torino,Monolocale,mid-big,north,0.0,1,very small
2000.0,203.0,Torino,Attico,mid-big,north,0.0,6,large
500.0,30.0,Torino,Bilocale,mid-big,north,0.0,2,very small
850.0,55.0,Torino,Bilocale,mid-big,north,0.0,2,small
650.0,110.0,Torino,Quadrilocale,mid-big,north,0.0,4,mid
1200.0,38.0,Torino,Monolocale,mid-big,north,0.0,1,very small
1250.0,52.0,Torino,Bilocale,mid-big,north,0.0,2,small
1200.0,50.0,Torino,Bilocale,mid-big,north,0.0,2,small
800.0,120.0,Torino,Trilocale,mid-big,north,0.0,3,mid
300.0,40.0,Torino,Bilocale,mid-big,north,0.0,2,small
320.0,47.0,Torino,Bilocale,mid-big,north,0.0,2,small
1200.0,80.0,Torino,Trilocale,mid-big,north,0.0,3,mid-small
500.0,78.0,Torino,Trilocale,mid-big,north,0.0,3,mid-small
550.0,45.0,Torino,Bilocale,mid-big,north,0.0,2,small
500.0,35.0,Torino,Monolocale,mid-big,north,0.0,1,very small
1800.0,100.0,Torino,Quadrilocale,mid-big,north,0.0,4,mid
425.0,55.0,Torino,Trilocale,mid-big,north,0.0,3,small
610.0,80.0,Torino,Trilocale,mid-big,north,0.0,3,mid-small
600.0,50.0,Torino,Bilocale,mid-big,north,0.0,2,small
450.0,50.0,Torino,Bilocale,mid-big,north,0.0,2,small
500.0,50.0,Torino,Bilocale,mid-big,north,0.0,2,small
400.0,45.0,Torino,Monolocale,mid-big,north,0.0,1,small
400.0,40.0,Torino,Monolocale,mid-big,north,0.0,1,small
400.0,30.0,Torino,Monolocale,mid-big,north,0.0,1,very small
700.0,75.0,Torino,Bilocale,mid-big,north,0.0,2,mid-small
470.0,60.0,Torino,Trilocale,mid-big,north,0.0,3,small
580.0,65.0,Torino,Bilocale,mid-big,north,0.0,2,small
600.0,90.0,Torino,Trilocale,mid-big,north,0.0,3,mid-small
350.0,28.0,Torino,Monolocale,mid-big,north,0.0,1,very small
700.0,95.0,Torino,Quadrilocale,mid-big,north,0.0,4,mid-small
330.0,20.0,Torino,Monolocale,mid-big,north,0.0,1,very small
880.0,120.0,Torino,Appartamento,mid-big,north,0.0,5,mid
400.0,40.0,Torino,Bilocale,mid-big,north,0.0,2,small
900.0,90.0,Torino,Trilocale,mid-big,north,0.0,3,mid-small
900.0,90.0,Torino,Trilocale,mid-big,north,0.0,3,mid-small
460.0,40.0,Torino,Bilocale,mid-big,north,0.0,2,small
425.0,55.0,Torino,Trilocale,mid-big,north,5.0,3,small
700.0,95.0,Torino,Quadrilocale,mid-big,north,5.0,4,mid-small
590.0,80.0,Torino,Trilocale,mid-big,north,5.0,3,mid-small
400.0,50.0,Torino,Bilocale,mid-big,north,5.0,2,small
410.0,45.0,Torino,Bilocale,mid-big,north,5.0,2,small
330.0,20.0,Torino,Monolocale,mid-big,north,5.0,1,very small
450.0,60.0,Torino,Bilocale,mid-big,north,5.0,2,small
550.0,45.0,Torino,Bilocale,mid-big,north,5.0,2,small
600.0,45.0,Torino,Bilocale,mid-big,north,5.0,2,small
500.0,22.0,Torino,Monolocale,mid-big,north,5.0,1,very small
400.0,20.0,Torino,Monolocale,mid-big,north,5.0,1,very small
650.0,80.0,Torino,Trilocale,mid-big,north,5.0,3,mid-small
550.0,60.0,Torino,Bilocale,mid-big,north,5.0,2,small
510.0,52.0,Torino,Bilocale,mid-big,north,5.0,2,small
400.0,40.0,Torino,Monolocale,mid-big,north,5.0,1,small
1100.0,75.0,Torino,Trilocale,mid-big,north,5.0,3,mid-small
1400.0,160.0,Torino,Appartamento,mid-big,north,5.0,5,mid
950.0,80.0,Torino,Bilocale,mid-big,north,5.0,2,mid-small
630.0,45.0,Torino,Bilocale,mid-big,north,5.0,2,small
480.0,60.0,Torino,Bilocale,mid-big,north,5.0,2,small
800.0,60.0,Torino,Trilocale,mid-big,north,5.0,3,small
890.0,60.0,Torino,Bilocale,mid-big,north,5.0,2,small
610.0,77.0,Torino,Trilocale,mid-big,north,5.0,3,mid-small
460.0,40.0,Torino,Bilocale,mid-big,north,5.0,2,small
1100.0,70.0,Torino,Trilocale,mid-big,north,3.0,3,mid-small
600.0,50.0,Torino,Bilocale,mid-big,north,3.0,2,small
800.0,60.0,Torino,Trilocale,mid-big,north,3.0,3,small
610.0,80.0,Torino,Trilocale,mid-big,north,3.0,3,mid-small
450.0,50.0,Torino,Bilocale,mid-big,north,3.0,2,small
900.0,90.0,Torino,Trilocale,mid-big,north,3.0,3,mid-small
750.0,60.0,Torino,Bilocale,mid-big,north,3.0,2,small
520.0,60.0,Torino,Trilocale,mid-big,north,3.0,3,small
500.0,81.0,Torino,Trilocale,mid-big,north,3.0,3,mid-small
1000.0,100.0,Torino,Quadrilocale,mid-big,north,3.0,4,mid
430.0,35.0,Torino,Bilocale,mid-big,north,3.0,2,very small
450.0,50.0,Torino,Bilocale,mid-big,north,3.0,2,small
1100.0,70.0,Torino,Trilocale,mid-big,north,3.0,3,mid-small
1100.0,77.0,Torino,Trilocale,mid-big,north,3.0,3,mid-small
650.0,70.0,Torino,Bilocale,mid-big,north,3.0,2,mid-small
1000.0,90.0,Torino,Quadrilocale,mid-big,north,3.0,4,mid-small
850.0,94.0,Torino,Quadrilocale,mid-big,north,3.0,4,mid-small
400.0,20.0,Torino,Monolocale,mid-big,north,3.0,1,very small
1020.0,150.0,Torino,Appartamento,mid-big,north,3.0,5,mid
390.0,25.0,Torino,Monolocale,mid-big,north,3.0,1,very small
1200.0,90.0,Torino,Trilocale,mid-big,north,3.0,3,mid-small
1020.0,150.0,Torino,Quadrilocale,mid-big,north,3.0,4,mid
450.0,45.0,Torino,Bilocale,mid-big,north,3.0,2,small
650.0,45.0,Torino,Bilocale,mid-big,north,3.0,2,small
410.0,40.0,Torino,Bilocale,mid-big,north,3.0,2,small
550.0,45.0,Torino,Bilocale,mid-big,north,4.0,2,small
4500.0,120.0,Torino,Attico,mid-big,north,4.0,3,mid
600.0,50.0,Torino,Bilocale,mid-big,north,4.0,2,small
460.0,55.0,Torino,Bilocale,mid-big,north,4.0,2,small
520.0,60.0,Torino,Trilocale,mid-big,north,4.0,3,small
1000.0,100.0,Torino,Quadrilocale,mid-big,north,4.0,4,mid
650.0,50.0,Torino,Bilocale,mid-big,north,4.0,2,small
400.0,60.0,Torino,Bilocale,mid-big,north,4.0,2,small
550.0,50.0,Torino,Bilocale,mid-big,north,4.0,2,small
580.0,65.0,Torino,Bilocale,mid-big,north,4.0,2,small
470.0,28.0,Torino,Monolocale,mid-big,north,4.0,1,very small
700.0,50.0,Torino,Bilocale,mid-big,north,4.0,2,small
1000.0,50.0,Torino,Monolocale,mid-big,north,4.0,1,small
1500.0,50.0,Torino,Bilocale,mid-big,north,4.0,2,small
1150.0,45.0,Torino,Bilocale,mid-big,north,4.0,2,small
1200.0,100.0,Torino,Bilocale,mid-big,north,4.0,2,mid
1200.0,65.0,Torino,Bilocale,mid-big,north,4.0,2,small
1400.0,47.0,Torino,Bilocale,mid-big,north,4.0,2,small
1600.0,85.0,Torino,Quadrilocale,mid-big,north,4.0,4,mid-small
1600.0,41.0,Torino,Trilocale,mid-big,north,4.0,3,small
1200.0,45.0,Torino,Bilocale,mid-big,north,4.0,2,small
1300.0,47.0,Torino,Bilocale,mid-big,north,4.0,2,small
850.0,28.0,Torino,Monolocale,mid-big,north,4.0,1,very small
1750.0,68.0,Torino,Trilocale,mid-big,north,4.0,3,small
1400.0,45.0,Torino,Bilocale,mid-big,north,4.0,2,small
800.0,50.0,Torino,Monolocale,mid-big,north,1.0,1,small
1650.0,57.0,Torino,Bilocale,mid-big,north,1.0,2,small
1200.0,65.0,Torino,Bilocale,mid-big,north,1.0,2,small
1550.0,73.0,Torino,Bilocale,mid-big,north,1.0,2,mid-small
2000.0,160.0,Torino,Trilocale,mid-big,north,1.0,3,mid
1100.0,52.0,Torino,Bilocale,mid-big,north,1.0,2,small
1200.0,150.0,Torino,Appartamento,mid-big,north,1.0,6,mid
1100.0,160.0,Torino,Palazzo,mid-big,north,1.0,4,mid
2200.0,244.0,Torino,Appartamento,mid-big,north,1.0,6,large
900.0,80.0,Torino,Loft,mid-big,north,1.0,3,mid-small
750.0,80.0,Torino,Trilocale,mid-big,north,1.0,3,mid-small
700.0,65.0,Torino,Trilocale,mid-big,north,1.0,3,small
1400.0,105.0,Torino,Quadrilocale,mid-big,north,1.0,4,mid
520.0,50.0,Torino,Bilocale,mid-big,north,1.0,2,small
500.0,60.0,Torino,Bilocale,mid-big,north,1.0,2,small
480.0,55.0,Torino,Bilocale,mid-big,north,1.0,2,small
900.0,90.0,Torino,Loft,mid-big,north,1.0,2,mid-small
1000.0,85.0,Torino,Trilocale,mid-big,north,1.0,3,mid-small
900.0,25.0,Torino,Monolocale,mid-big,north,1.0,1,very small
620.0,80.0,Torino,Mansarda,mid-big,north,1.0,3,mid-small
460.0,20.0,Torino,Monolocale,mid-big,north,1.0,1,very small
690.0,120.0,Torino,Villa,mid-big,north,1.0,4,mid
520.0,87.0,Torino,Trilocale,mid-big,north,1.0,3,mid-small
650.0,75.0,Torino,Trilocale,mid-big,north,4.0,3,mid-small
590.0,90.0,Torino,Trilocale,mid-big,north,4.0,3,mid-small
1800.0,130.0,Torino,Quadrilocale,mid-big,north,4.0,4,mid
650.0,42.0,Torino,Monolocale,mid-big,north,4.0,1,small
480.0,60.0,Torino,Bilocale,mid-big,north,4.0,2,small
1000.0,75.0,Torino,Trilocale,mid-big,north,4.0,3,mid-small
880.0,80.0,Torino,Trilocale,mid-big,north,4.0,3,mid-small
800.0,55.0,Torino,Bilocale,mid-big,north,4.0,2,small
430.0,50.0,Torino,Bilocale,mid-big,north,4.0,2,small
2600.0,290.0,Torino,Appartamento,mid-big,north,4.0,6,large
1100.0,129.0,Torino,Quadrilocale,mid-big,north,4.0,4,mid
450.0,27.0,Torino,Bilocale,mid-big,north,4.0,2,very small
1020.0,150.0,Torino,Quadrilocale,mid-big,north,4.0,4,mid
1200.0,100.0,Torino,Quadrilocale,mid-big,north,4.0,4,mid
460.0,60.0,Torino,Bilocale,mid-big,north,4.0,2,small
500.0,40.0,Torino,Bilocale,mid-big,north,4.0,2,small
750.0,50.0,Torino,Bilocale,mid-big,north,4.0,2,small
3000.0,300.0,Torino,Appartamento,mid-big,north,4.0,6,large
1100.0,77.0,Torino,Appartamento,mid-big,north,4.0,3,mid-small
950.0,80.0,Torino,Trilocale,mid-big,north,4.0,3,mid-small
320.0,40.0,Torino,Monolocale,mid-big,north,4.0,1,small
500.0,65.0,Torino,Trilocale,mid-big,north,4.0,3,small
950.0,120.0,Torino,Quadrilocale,mid-big,north,4.0,4,mid
450.0,70.0,Torino,Mansarda,mid-big,north,4.0,3,mid-small
690.0,70.0,Torino,Trilocale,mid-big,north,3.0,3,mid-small
620.0,90.0,Torino,Trilocale,mid-big,north,3.0,3,mid-small
1600.0,110.0,Torino,Quadrilocale,mid-big,north,3.0,4,mid
550.0,65.0,Torino,Bilocale,mid-big,north,3.0,2,small
450.0,64.0,Torino,Bilocale,mid-big,north,3.0,2,small
3500.0,220.0,Torino,Appartamento,mid-big,north,3.0,6,large
650.0,70.0,Torino,Trilocale,mid-big,north,3.0,3,mid-small
550.0,35.0,Torino,Monolocale,mid-big,north,3.0,1,very small
400.0,62.0,Torino,Bilocale,mid-big,north,3.0,2,small
750.0,60.0,Torino,Bilocale,mid-big,north,3.0,2,small
550.0,70.0,Torino,Trilocale,mid-big,north,3.0,3,mid-small
660.0,75.0,Torino,Trilocale,mid-big,north,3.0,3,mid-small
390.0,25.0,Torino,Monolocale,mid-big,north,3.0,1,very small
450.0,58.0,Torino,Bilocale,mid-big,north,3.0,2,small
650.0,90.0,Torino,Trilocale,mid-big,north,3.0,3,mid-small
550.0,75.0,Torino,Trilocale,mid-big,north,3.0,3,mid-small
2914.0,137.0,Torino,Trilocale,mid-big,north,3.0,3,mid
650.0,55.0,Torino,Mansarda,mid-big,north,3.0,2,small
1000.0,70.0,Torino,Bilocale,mid-big,north,3.0,2,mid-small
500.0,26.0,Torino,Monolocale,mid-big,north,3.0,1,very small
630.0,45.0,Torino,Bilocale,mid-big,north,3.0,2,small
900.0,55.0,Torino,Bilocale,mid-big,north,3.0,2,small
490.0,85.0,Torino,Trilocale,mid-big,north,3.0,3,mid-small
2000.0,250.0,Torino,Appartamento,mid-big,north,3.0,6,large
1250.0,150.0,Torino,Quadrilocale,mid-big,north,3.0,4,mid
450.0,55.0,Torino,Bilocale,mid-big,north,5.0,2,small
1850.0,115.0,Torino,Quadrilocale,mid-big,north,5.0,4,mid
460.0,45.0,Torino,Bilocale,mid-big,north,5.0,2,small
650.0,80.0,Torino,Trilocale,mid-big,north,5.0,3,mid-small
450.0,45.0,Torino,Bilocale,mid-big,north,5.0,2,small
900.0,75.0,Torino,Trilocale,mid-big,north,5.0,3,mid-small
2500.0,160.0,Torino,Appartamento,mid-big,north,5.0,5,mid
400.0,30.0,Torino,Monolocale,mid-big,north,5.0,1,very small
1200.0,135.0,Torino,Appartamento,mid-big,north,5.0,6,mid
1400.0,95.0,Torino,Trilocale,mid-big,north,5.0,3,mid-small
370.0,20.0,Torino,Monolocale,mid-big,north,5.0,1,very small
1500.0,160.0,Torino,Appartamento,mid-big,north,5.0,6,mid
450.0,58.0,Torino,Bilocale,mid-big,north,5.0,2,small
440.0,70.0,Torino,Trilocale,mid-big,north,5.0,3,mid-small
700.0,38.0,Torino,Bilocale,mid-big,north,5.0,2,very small
460.0,64.0,Torino,Bilocale,mid-big,north,5.0,2,small
520.0,58.0,Torino,Bilocale,mid-big,north,5.0,2,small
470.0,45.0,Torino,Bilocale,mid-big,north,5.0,2,small
750.0,70.0,Torino,Bilocale,mid-big,north,5.0,2,mid-small
1100.0,70.0,Torino,Trilocale,mid-big,north,5.0,3,mid-small
500.0,50.0,Torino,Bilocale,mid-big,north,5.0,2,small
650.0,70.0,Torino,Trilocale,mid-big,north,5.0,3,mid-small
700.0,120.0,Torino,Quadrilocale,mid-big,north,5.0,4,mid
380.0,30.0,Torino,Monolocale,mid-big,north,5.0,1,very small
1750.0,100.0,Torino,Quadrilocale,mid-big,north,5.0,4,mid
1100.0,75.0,Torino,Trilocale,mid-big,north,3.0,3,mid-small
550.0,45.0,Torino,Bilocale,mid-big,north,3.0,2,small
460.0,50.0,Torino,Bilocale,mid-big,north,3.0,2,small
300.0,30.0,Torino,Monolocale,mid-big,north,3.0,1,very small
500.0,80.0,Torino,Trilocale,mid-big,north,3.0,3,mid-small
450.0,64.0,Torino,Bilocale,mid-big,north,3.0,2,small
420.0,20.0,Torino,Monolocale,mid-big,north,3.0,1,very small
450.0,50.0,Torino,Bilocale,mid-big,north,3.0,2,small
1300.0,150.0,Torino,Appartamento,mid-big,north,3.0,5,mid
550.0,50.0,Torino,Bilocale,mid-big,north,3.0,2,small
700.0,50.0,Torino,Bilocale,mid-big,north,3.0,2,small
450.0,36.0,Torino,Monolocale,mid-big,north,3.0,1,very small
4000.0,220.0,Torino,Appartamento,mid-big,north,3.0,6,large
850.0,75.0,Torino,Trilocale,mid-big,north,3.0,3,mid-small
1000.0,75.0,Torino,Bilocale,mid-big,north,3.0,2,mid-small
2000.0,70.0,Torino,Loft,mid-big,north,3.0,2,mid-small
1500.0,93.0,Torino,Loft,mid-big,north,3.0,4,mid-small
400.0,75.0,Torino,Bilocale,mid-big,north,3.0,2,mid-small
1800.0,120.0,Torino,Trilocale,mid-big,north,3.0,3,mid
550.0,75.0,Torino,Trilocale,mid-big,north,3.0,3,mid-small
535.0,68.0,Torino,Trilocale,mid-big,north,3.0,3,small
500.0,50.0,Torino,Bilocale,mid-big,north,3.0,2,small
450.0,20.0,Torino,Monolocale,mid-big,north,3.0,1,very small
430.0,40.0,Torino,Bilocale,mid-big,north,3.0,2,small
750.0,110.0,Torino,Trilocale,mid-big,north,3.0,3,mid
600.0,40.0,Torino,Bilocale,mid-big,north,4.0,2,small
500.0,60.0,Torino,Bilocale,mid-big,north,4.0,2,small
450.0,40.0,Torino,Monolocale,mid-big,north,4.0,1,small
500.0,55.0,Torino,Bilocale,mid-big,north,4.0,2,small
850.0,75.0,Torino,Trilocale,mid-big,north,4.0,3,mid-small
500.0,60.0,Torino,Bilocale,mid-big,north,4.0,2,small
400.0,45.0,Torino,Monolocale,mid-big,north,4.0,1,small
500.0,80.0,Torino,Trilocale,mid-big,north,4.0,3,mid-small
400.0,45.0,Torino,Monolocale,mid-big,north,4.0,1,small
650.0,40.0,Torino,Bilocale,mid-big,north,4.0,2,small
600.0,90.0,Torino,Trilocale,mid-big,north,4.0,3,mid-small
400.0,75.0,Torino,Bilocale,mid-big,north,4.0,2,mid-small
450.0,45.0,Torino,Bilocale,mid-big,north,4.0,2,small
330.0,30.0,Torino,Monolocale,mid-big,north,4.0,1,very small
520.0,60.0,Torino,Trilocale,mid-big,north,4.0,3,small
630.0,45.0,Torino,Bilocale,mid-big,north,4.0,2,small
1390.0,140.0,Torino,Appartamento,mid-big,north,4.0,5,mid
2000.0,80.0,Torino,Trilocale,mid-big,north,4.0,3,mid-small
650.0,80.0,Torino,Trilocale,mid-big,north,4.0,3,mid-small
500.0,100.0,Torino,Trilocale,mid-big,north,4.0,3,mid
450.0,20.0,Torino,Monolocale,mid-big,north,4.0,1,very small
1000.0,100.0,Torino,Quadrilocale,mid-big,north,4.0,4,mid
500.0,50.0,Torino,Bilocale,mid-big,north,4.0,2,small
440.0,58.0,Torino,Bilocale,mid-big,north,4.0,2,small
600.0,95.0,Torino,Quadrilocale,mid-big,north,3.0,4,mid-small
600.0,50.0,Torino,Bilocale,mid-big,north,3.0,2,small
610.0,80.0,Torino,Trilocale,mid-big,north,3.0,3,mid-small
450.0,40.0,Torino,Monolocale,mid-big,north,3.0,1,small
350.0,60.0,Torino,Bilocale,mid-big,north,3.0,2,small
550.0,50.0,Torino,Bilocale,mid-big,north,3.0,2,small
300.0,30.0,Torino,Monolocale,mid-big,north,3.0,1,very small
350.0,25.0,Torino,Monolocale,mid-big,north,3.0,1,very small
450.0,50.0,Torino,Bilocale,mid-big,north,3.0,2,small
6000.0,290.0,Torino,Appartamento,mid-big,north,3.0,5,large
500.0,55.0,Torino,Bilocale,mid-big,north,3.0,2,small
350.0,60.0,Torino,Bilocale,mid-big,north,3.0,2,small
450.0,50.0,Torino,Bilocale,mid-big,north,3.0,2,small
430.0,40.0,Torino,Bilocale,mid-big,north,3.0,2,small
350.0,43.0,Torino,Monolocale,mid-big,north,3.0,1,small
420.0,58.0,Torino,Bilocale,mid-big,north,3.0,2,small
350.0,34.0,Torino,Monolocale,mid-big,north,3.0,1,very small
1020.0,150.0,Torino,Quadrilocale,mid-big,north,3.0,4,mid
800.0,70.0,Torino,Trilocale,mid-big,north,3.0,3,mid-small
350.0,35.0,Torino,Monolocale,mid-big,north,3.0,1,very small
700.0,70.0,Torino,Trilocale,mid-big,north,3.0,3,mid-small
880.0,72.0,Torino,Trilocale,mid-big,north,3.0,3,mid-small
750.0,60.0,Torino,Bilocale,mid-big,north,3.0,2,small
400.0,30.0,Torino,Monolocale,mid-big,north,5.0,1,very small
380.0,33.0,Torino,Monolocale,mid-big,north,5.0,1,very small
750.0,106.0,Torino,Trilocale,mid-big,north,5.0,3,mid
340.0,35.0,Torino,Monolocale,mid-big,north,5.0,1,very small
500.0,55.0,Torino,Bilocale,mid-big,north,5.0,2,small
400.0,55.0,Torino,Bilocale,mid-big,north,5.0,2,small
580.0,70.0,Torino,Bilocale,mid-big,north,5.0,2,mid-small
600.0,90.0,Torino,Trilocale,mid-big,north,5.0,3,mid-small
650.0,85.0,Torino,Trilocale,mid-big,north,5.0,3,mid-small
1200.0,70.0,Torino,Bilocale,mid-big,north,5.0,2,mid-small
430.0,50.0,Torino,Bilocale,mid-big,north,5.0,2,small
450.0,65.0,Torino,Bilocale,mid-big,north,5.0,2,small
600.0,85.0,Torino,Trilocale,mid-big,north,5.0,3,mid-small
550.0,60.0,Torino,Bilocale,mid-big,north,5.0,2,small
500.0,60.0,Torino,Bilocale,mid-big,north,5.0,2,small
1000.0,90.0,Torino,Appartamento,mid-big,north,5.0,6,mid-small
900.0,90.0,Torino,Villa,mid-big,north,5.0,4,mid-small
520.0,65.0,Torino,Trilocale,mid-big,north,5.0,3,small
500.0,65.0,Torino,Trilocale,mid-big,north,5.0,3,small
500.0,75.0,Torino,Trilocale,mid-big,north,5.0,3,mid-small
500.0,35.0,Torino,Monolocale,mid-big,north,5.0,1,very small
850.0,100.0,Torino,Mansarda,mid-big,north,5.0,3,mid
420.0,68.0,Torino,Trilocale,mid-big,north,5.0,3,small
1000.0,120.0,Torino,Quadrilocale,mid-big,north,5.0,4,mid
800.0,30.0,Torino,Bilocale,mid-big,north,5.0,2,very small
600.0,90.0,Torino,Trilocale,mid-big,north,5.0,3,mid-small
1000.0,100.0,Torino,Quadrilocale,mid-big,north,5.0,4,mid
600.0,85.0,Torino,Trilocale,mid-big,north,5.0,3,mid-small
500.0,75.0,Torino,Trilocale,mid-big,north,5.0,3,mid-small
650.0,55.0,Torino,Bilocale,mid-big,north,5.0,2,small
600.0,50.0,Torino,Bilocale,mid-big,north,5.0,2,small
400.0,60.0,Torino,Bilocale,mid-big,north,5.0,2,small
2200.0,190.0,Torino,Appartamento,mid-big,north,5.0,5,mid
290.0,25.0,Torino,Monolocale,mid-big,north,5.0,1,very small
460.0,20.0,Torino,Monolocale,mid-big,north,5.0,1,very small
370.0,70.0,Torino,Trilocale,mid-big,north,5.0,3,mid-small
300.0,100.0,Torino,Quadrilocale,mid-big,north,5.0,4,mid
1740.0,70.0,Torino,Quadrilocale,mid-big,north,5.0,4,mid-small
400.0,58.0,Torino,Bilocale,mid-big,north,5.0,2,small
650.0,40.0,Torino,Loft,mid-big,north,5.0,2,small
550.0,40.0,Torino,Bilocale,mid-big,north,5.0,2,small
700.0,100.0,Torino,Quadrilocale,mid-big,north,5.0,4,mid
600.0,60.0,Torino,Bilocale,mid-big,north,5.0,2,small
430.0,30.0,Torino,Monolocale,mid-big,north,5.0,1,very small
400.0,28.0,Torino,Monolocale,mid-big,north,5.0,1,very small
450.0,58.0,Torino,Bilocale,mid-big,north,4.0,2,small
650.0,90.0,Torino,Quadrilocale,mid-big,north,4.0,4,mid-small
950.0,50.0,Torino,Bilocale,mid-big,north,4.0,2,small
500.0,60.0,Torino,Bilocale,mid-big,north,4.0,2,small
800.0,80.0,Torino,Quadrilocale,mid-big,north,4.0,4,mid-small
1000.0,120.0,Torino,Appartamento,mid-big,north,4.0,5,mid
350.0,35.0,Torino,Monolocale,mid-big,north,4.0,1,very small
440.0,75.0,Torino,Trilocale,mid-big,north,4.0,3,mid-small
2300.0,160.0,Torino,Quadrilocale,mid-big,north,4.0,4,mid
400.0,75.0,Torino,Bilocale,mid-big,north,4.0,2,mid-small
600.0,50.0,Torino,Bilocale,mid-big,north,4.0,2,small
1900.0,200.0,Torino,Appartamento,mid-big,north,4.0,5,large
700.0,85.0,Torino,Quadrilocale,mid-big,north,4.0,4,mid-small
1000.0,160.0,Torino,Appartamento,mid-big,north,4.0,6,mid
430.0,20.0,Torino,Monolocale,mid-big,north,4.0,1,very small
800.0,74.0,Torino,Palazzo,mid-big,north,4.0,4,mid-small
2850.0,300.0,Torino,Appartamento,mid-big,north,4.0,6,large
500.0,50.0,Torino,Bilocale,mid-big,north,4.0,2,small
650.0,43.0,Torino,Bilocale,mid-big,north,4.0,2,small
350.0,60.0,Torino,Bilocale,mid-big,north,4.0,2,small
1200.0,200.0,Torino,Villa,mid-big,north,4.0,4,large
500.0,45.0,Torino,Monolocale,mid-big,north,4.0,1,small
500.0,100.0,Torino,Trilocale,mid-big,north,4.0,3,mid
1900.0,130.0,Torino,Appartamento,mid-big,north,0.0,5,mid
600.0,60.0,Torino,Bilocale,mid-big,north,0.0,2,small
900.0,100.0,Torino,Villa,mid-big,north,0.0,4,mid
450.0,20.0,Torino,Monolocale,mid-big,north,0.0,1,very small
924.0,150.0,Torino,Appartamento,mid-big,north,0.0,5,mid
500.0,81.0,Torino,Trilocale,mid-big,north,0.0,3,mid-small
430.0,40.0,Torino,Bilocale,mid-big,north,0.0,2,small
590.0,80.0,Torino,Bilocale,mid-big,north,0.0,2,mid-small
310.0,32.0,Torino,Bilocale,mid-big,north,0.0,2,very small
630.0,90.0,Torino,Trilocale,mid-big,north,0.0,3,mid-small
660.0,75.0,Torino,Attico,mid-big,north,0.0,3,mid-small
450.0,45.0,Torino,Monolocale,mid-big,north,0.0,1,small
750.0,60.0,Torino,Bilocale,mid-big,north,0.0,2,small
320.0,30.0,Torino,Monolocale,mid-big,north,0.0,1,very small
470.0,63.0,Torino,Bilocale,mid-big,north,0.0,2,small
3200.0,150.0,Torino,Appartamento,mid-big,north,0.0,5,mid
1400.0,60.0,Torino,Bilocale,mid-big,north,0.0,2,small
1400.0,200.0,Torino,Appartamento,mid-big,north,0.0,6,large
400.0,60.0,Torino,Bilocale,mid-big,north,0.0,2,small
850.0,75.0,Torino,Trilocale,mid-big,north,0.0,3,mid-small
400.0,45.0,Torino,Monolocale,mid-big,north,0.0,1,small
650.0,50.0,Torino,Bilocale,mid-big,north,0.0,2,small
1400.0,110.0,Torino,Trilocale,mid-big,north,0.0,3,mid
600.0,45.0,Torino,Monolocale,mid-big,north,2.0,1,small
400.0,40.0,Torino,Monolocale,mid-big,north,2.0,1,small
380.0,35.0,Torino,Monolocale,mid-big,north,2.0,1,very small
600.0,30.0,Torino,Monolocale,mid-big,north,2.0,1,very small
500.0,42.0,Torino,Bilocale,mid-big,north,2.0,2,small
380.0,35.0,Torino,Monolocale,mid-big,north,2.0,1,very small
1200.0,140.0,Torino,Quadrilocale,mid-big,north,2.0,4,mid
380.0,53.0,Torino,Trilocale,mid-big,north,2.0,3,small
500.0,45.0,Torino,Mansarda,mid-big,north,2.0,2,small
650.0,90.0,Torino,Trilocale,mid-big,north,2.0,3,mid-small
670.0,85.0,Torino,Trilocale,mid-big,north,2.0,3,mid-small
450.0,40.0,Torino,Monolocale,mid-big,north,2.0,1,small
950.0,120.0,Torino,Trilocale,mid-big,north,2.0,3,mid
300.0,25.0,Torino,Monolocale,mid-big,north,2.0,1,very small
900.0,59.0,Torino,Bilocale,mid-big,north,2.0,2,small
600.0,90.0,Torino,Quadrilocale,mid-big,north,2.0,4,mid-small
1800.0,130.0,Torino,Trilocale,mid-big,north,2.0,3,mid
400.0,30.0,Torino,Bilocale,mid-big,north,2.0,2,very small
600.0,30.0,Torino,Monolocale,mid-big,north,2.0,1,very small
1800.0,200.0,Torino,Appartamento,mid-big,north,2.0,6,large
1000.0,85.0,Torino,Trilocale,mid-big,north,2.0,3,mid-small
410.0,40.0,Torino,Bilocale,mid-big,north,2.0,2,small
350.0,75.0,Torino,Trilocale,mid-big,north,2.0,3,mid-small
500.0,30.0,Torino,Monolocale,mid-big,north,2.0,1,very small
400.0,50.0,Torino,Bilocale,mid-big,north,2.0,2,small
550.0,60.0,Torino,Bilocale,mid-big,north,2.0,2,small
1200.0,120.0,Torino,Quadrilocale,mid-big,north,2.0,4,mid
350.0,50.0,Torino,Bilocale,mid-big,north,2.0,2,small
520.0,50.0,Torino,Bilocale,mid-big,north,2.0,2,small
1200.0,65.0,Torino,Bilocale,mid-big,north,2.0,2,small
350.0,30.0,Torino,Monolocale,mid-big,north,2.0,1,very small
450.0,60.0,Torino,Bilocale,mid-big,north,2.0,2,small
900.0,90.0,Torino,Open space,mid-big,north,2.0,3,mid-small
800.0,83.0,Torino,Attico,mid-big,north,2.0,2,mid-small
1200.0,85.0,Torino,Bilocale,mid-big,north,2.0,2,mid-small
450.0,65.0,Torino,Bilocale,mid-big,north,2.0,2,small
950.0,80.0,Torino,Bilocale,mid-big,north,2.0,2,mid-small
1900.0,180.0,Torino,Attico,mid-big,north,2.0,4,mid
550.0,75.0,Torino,Trilocale,mid-big,north,2.0,3,mid-small
1600.0,105.0,Torino,Trilocale,mid-big,north,2.0,3,mid
2600.0,210.0,Torino,Appartamento,mid-big,north,2.0,5,large
650.0,65.0,Torino,Bilocale,mid-big,north,2.0,2,small
450.0,45.0,Torino,Bilocale,mid-big,north,2.0,2,small
310.0,25.0,Torino,Monolocale,mid-big,north,2.0,1,very small
630.0,60.0,Torino,Bilocale,mid-big,north,2.0,2,small
435.0,45.0,Torino,Bilocale,mid-big,north,2.0,2,small
580.0,80.0,Torino,Trilocale,mid-big,north,2.0,3,mid-small
460.0,40.0,Torino,Bilocale,mid-big,north,1.0,2,small
690.0,90.0,Torino,Trilocale,mid-big,north,1.0,3,mid-small
360.0,30.0,Torino,Monolocale,mid-big,north,1.0,1,very small
400.0,25.0,Torino,Monolocale,mid-big,north,1.0,1,very small
590.0,90.0,Torino,Trilocale,mid-big,north,1.0,3,mid-small
450.0,50.0,Torino,Bilocale,mid-big,north,1.0,2,small
650.0,100.0,Torino,Appartamento,mid-big,north,1.0,5,mid
400.0,35.0,Torino,Monolocale,mid-big,north,1.0,1,very small
700.0,55.0,Torino,Monolocale,mid-big,north,1.0,1,small
1300.0,110.0,Torino,Trilocale,mid-big,north,1.0,3,mid
460.0,55.0,Torino,Bilocale,mid-big,north,1.0,2,small
550.0,45.0,Torino,Bilocale,mid-big,north,1.0,2,small
420.0,60.0,Torino,Bilocale,mid-big,north,1.0,2,small
400.0,50.0,Torino,Bilocale,mid-big,north,1.0,2,small
600.0,90.0,Torino,Trilocale,mid-big,north,1.0,3,mid-small
330.0,25.0,Torino,Monolocale,mid-big,north,1.0,1,very small
950.0,65.0,Torino,Quadrilocale,mid-big,north,1.0,4,small
4000.0,150.0,Torino,Attico,mid-big,north,1.0,4,mid
900.0,81.0,Torino,Mansarda,mid-big,north,1.0,4,mid-small
1250.0,60.0,Torino,Bilocale,mid-big,north,1.0,2,small
250.0,50.0,Torino,Bilocale,mid-big,north,1.0,2,small
700.0,105.0,Torino,Attico,mid-big,north,1.0,5,mid
360.0,30.0,Torino,Monolocale,mid-big,north,1.0,1,very small
680.0,75.0,Torino,Trilocale,mid-big,north,3.0,3,mid-small
270.0,30.0,Torino,Monolocale,mid-big,north,3.0,1,very small
320.0,30.0,Torino,Monolocale,mid-big,north,3.0,1,very small
3200.0,250.0,Torino,Appartamento,mid-big,north,3.0,6,large
800.0,90.0,Torino,Quadrilocale,mid-big,north,3.0,4,mid-small
4000.0,250.0,Torino,Appartamento,mid-big,north,3.0,5,large
390.0,45.0,Torino,Bilocale,mid-big,north,3.0,2,small
1900.0,120.0,Torino,Quadrilocale,mid-big,north,3.0,4,mid
750.0,55.0,Torino,Bilocale,mid-big,north,3.0,2,small
700.0,60.0,Torino,Bilocale,mid-big,north,3.0,2,small
3100.0,20.0,Torino,Appartamento,mid-big,north,4.0,5,very small
400.0,40.0,Torino,Monolocale,mid-big,north,4.0,1,small
1600.0,120.0,Torino,Quadrilocale,mid-big,north,4.0,4,mid
600.0,65.0,Torino,Trilocale,mid-big,north,4.0,3,small
500.0,55.0,Torino,Bilocale,mid-big,north,1.0,2,small
900.0,70.0,Torino,Trilocale,mid-big,north,1.0,3,mid-small
520.0,60.0,Torino,Bilocale,mid-big,north,1.0,2,small
500.0,35.0,Torino,Monolocale,mid-big,north,1.0,1,very small
500.0,50.0,Torino,Bilocale,mid-big,north,1.0,2,small
400.0,20.0,Torino,Monolocale,mid-big,north,1.0,1,very small
400.0,50.0,Torino,Bilocale,mid-big,north,1.0,2,small
450.0,30.0,Torino,Monolocale,mid-big,north,1.0,1,very small
800.0,70.0,Torino,Trilocale,mid-big,north,1.0,3,mid-small
300.0,30.0,Torino,Monolocale,mid-big,north,1.0,1,very small
530.0,45.0,Torino,Bilocale,mid-big,north,1.0,2,small
450.0,50.0,Torino,Bilocale,mid-big,north,1.0,2,small
400.0,25.0,Torino,Monolocale,mid-big,north,1.0,1,very small
900.0,80.0,Torino,Trilocale,mid-big,north,1.0,3,mid-small
600.0,60.0,Torino,Bilocale,mid-big,north,1.0,2,small
600.0,110.0,Torino,Trilocale,mid-big,north,1.0,3,mid
300.0,20.0,Torino,Monolocale,mid-big,north,1.0,1,very small
450.0,45.0,Torino,Bilocale,mid-big,north,1.0,2,small
350.0,25.0,Torino,Monolocale,mid-big,north,1.0,1,very small
500.0,60.0,Torino,Bilocale,mid-big,north,1.0,2,small
400.0,20.0,Torino,Monolocale,mid-big,north,1.0,1,very small
300.0,30.0,Torino,Monolocale,mid-big,north,1.0,1,very small
300.0,20.0,Torino,Monolocale,mid-big,north,1.0,1,very small
500.0,45.0,Torino,Bilocale,mid-big,north,1.0,2,small
600.0,85.0,Torino,Trilocale,mid-big,north,1.0,3,mid-small
600.0,40.0,Torino,Monolocale,mid-big,north,1.0,1,small
900.0,75.0,Torino,Trilocale,mid-big,north,1.0,3,mid-small
450.0,55.0,Torino,Bilocale,mid-big,north,1.0,2,small
400.0,42.0,Torino,Monolocale,mid-big,north,1.0,1,small
340.0,45.0,Torino,Bilocale,mid-big,north,1.0,2,small
650.0,100.0,Torino,Trilocale,mid-big,north,2.0,3,mid
900.0,45.0,Torino,Bilocale,mid-big,north,2.0,2,small
540.0,65.0,Torino,Trilocale,mid-big,north,2.0,3,small
490.0,60.0,Torino,Trilocale,mid-big,north,2.0,3,small
50.0,55.0,Torino,Bilocale,mid-big,north,2.0,2,small
550.0,29.0,Torino,Monolocale,mid-big,north,2.0,1,very small
390.0,30.0,Torino,Monolocale,mid-big,north,2.0,1,very small
800.0,100.0,Torino,Bilocale,mid-big,north,2.0,2,mid
450.0,45.0,Torino,Monolocale,mid-big,north,2.0,1,small
750.0,60.0,Torino,Trilocale,mid-big,north,2.0,3,small
430.0,47.0,Torino,Bilocale,mid-big,north,2.0,2,small
600.0,32.0,Torino,Bilocale,mid-big,north,2.0,2,very small
490.0,40.0,Torino,Bilocale,mid-big,north,2.0,2,small
750.0,55.0,Torino,Trilocale,mid-big,north,2.0,3,small
700.0,75.0,Torino,Bilocale,mid-big,north,2.0,2,mid-small
600.0,33.0,Torino,Bilocale,mid-big,north,2.0,2,very small
450.0,70.0,Torino,Bilocale,mid-big,north,2.0,2,mid-small
850.0,95.0,Torino,Trilocale,mid-big,north,2.0,3,mid-small
690.0,57.0,Torino,Trilocale,mid-big,north,2.0,3,small
3350.0,65.0,Torino,Bilocale,mid-big,north,2.0,2,small
500.0,55.0,Torino,Bilocale,mid-big,north,2.0,2,small
990.0,100.0,Torino,Quadrilocale,mid-big,north,2.0,4,mid
345.0,97.0,Torino,Appartamento,mid-big,north,2.0,6,mid-small
700.0,60.0,Torino,Bilocale,mid-big,north,0.5,2,small
500.0,130.0,Torino,Quadrilocale,mid-big,north,0.5,4,mid
415.0,50.0,Torino,Bilocale,mid-big,north,0.5,2,small
500.0,60.0,Torino,Bilocale,mid-big,north,0.5,2,small
700.0,45.0,Torino,Bilocale,mid-big,north,0.5,2,small
700.0,75.0,Torino,Trilocale,mid-big,north,0.5,3,mid-small
1390.0,60.0,Torino,Bilocale,mid-big,north,0.5,2,small
450.0,40.0,Torino,Monolocale,mid-big,north,0.5,1,small
1250.0,50.0,Torino,Bilocale,mid-big,north,0.5,2,small
1200.0,57.0,Torino,Bilocale,mid-big,north,0.5,2,small
360.0,65.0,Torino,Trilocale,mid-big,north,0.5,3,small
550.0,40.0,Torino,Bilocale,mid-big,north,0.5,2,small
750.0,45.0,Torino,Bilocale,mid-big,north,0.5,2,small
400.0,50.0,Torino,Attico,mid-big,north,0.5,2,small
900.0,65.0,Torino,Bilocale,mid-big,north,0.5,2,small
650.0,45.0,Torino,Bilocale,mid-big,north,0.5,2,small
450.0,50.0,Torino,Bilocale,mid-big,north,0.5,2,small
700.0,50.0,Torino,Bilocale,mid-big,north,0.5,2,small
360.0,75.0,Torino,Trilocale,mid-big,north,0.5,3,mid-small
450.0,40.0,Torino,Mansarda,mid-big,north,0.5,2,small
650.0,65.0,Torino,Bilocale,mid-big,north,0.5,2,small
450.0,35.0,Torino,Loft,mid-big,north,0.5,2,very small
850.0,45.0,Torino,Bilocale,mid-big,north,0.5,2,small
980.0,77.0,Torino,Trilocale,mid-big,north,0.5,3,mid-small
690.0,50.0,Torino,Bilocale,mid-big,north,0.5,2,small
550.0,45.0,Torino,Bilocale,mid-big,north,1.0,2,small
550.0,55.0,Torino,Bilocale,mid-big,north,1.0,2,small
650.0,90.0,Torino,Trilocale,mid-big,north,1.0,3,mid-small
800.0,40.0,Torino,Bilocale,mid-big,north,1.0,2,small
700.0,100.0,Torino,Trilocale,mid-big,north,1.0,3,mid
900.0,85.0,Torino,Trilocale,mid-big,north,1.0,3,mid-small
400.0,50.0,Torino,Bilocale,mid-big,north,1.0,2,small
500.0,70.0,Torino,Trilocale,mid-big,north,1.0,3,mid-small
650.0,110.0,Torino,Appartamento,mid-big,north,1.0,5,mid
440.0,70.0,Torino,Bilocale,mid-big,north,1.0,2,mid-small
550.0,60.0,Torino,Monolocale,mid-big,north,1.0,1,small
442.0,70.0,Torino,Trilocale,mid-big,north,1.0,3,mid-small
1250.0,150.0,Torino,Appartamento,mid-big,north,1.0,5,mid
750.0,50.0,Torino,Bilocale,mid-big,north,1.0,2,small
1100.0,90.0,Torino,Trilocale,mid-big,north,1.0,3,mid-small
650.0,60.0,Torino,Trilocale,mid-big,north,1.0,3,small
600.0,57.0,Torino,Bilocale,mid-big,north,1.0,2,small
660.0,76.0,Torino,Bilocale,mid-big,north,1.0,2,mid-small
1200.0,140.0,Torino,Quadrilocale,mid-big,north,1.0,4,mid
940.0,60.0,Torino,Trilocale,mid-big,north,1.0,3,small
1000.0,45.0,Torino,Bilocale,mid-big,north,1.0,2,small
1000.0,60.0,Torino,Mansarda,mid-big,north,1.0,2,small
500.0,45.0,Torino,Monolocale,mid-big,north,1.0,1,small
900.0,65.0,Torino,Bilocale,mid-big,north,4.0,2,small
430.0,60.0,Torino,Bilocale,mid-big,north,4.0,2,small
500.0,45.0,Torino,Monolocale,mid-big,north,4.0,1,small
600.0,60.0,Torino,Trilocale,mid-big,north,4.0,3,small
380.0,22.0,Torino,Monolocale,mid-big,north,4.0,1,very small
460.0,55.0,Torino,Bilocale,mid-big,north,4.0,2,small
620.0,75.0,Torino,Bilocale,mid-big,north,4.0,2,mid-small
350.0,180.0,Torino,Trilocale,mid-big,north,4.0,3,mid
500.0,75.0,Torino,Bilocale,mid-big,north,4.0,2,mid-small
50.0,35.0,Torino,Monolocale,mid-big,north,4.0,1,very small
700.0,90.0,Torino,Trilocale,mid-big,north,4.0,3,mid-small
600.0,70.0,Torino,Monolocale,mid-big,north,4.0,1,mid-small
406.0,65.0,Torino,Monolocale,mid-big,north,4.0,1,small
500.0,40.0,Torino,Monolocale,mid-big,north,4.0,1,small
500.0,45.0,Torino,Bilocale,mid-big,north,4.0,2,small
700.0,50.0,Torino,Mansarda,mid-big,north,4.0,2,small
460.0,55.0,Torino,Bilocale,mid-big,north,4.0,2,small
450.0,30.0,Torino,Monolocale,mid-big,north,4.0,1,very small
450.0,50.0,Torino,Bilocale,mid-big,north,4.0,2,small
400.0,28.0,Torino,Monolocale,mid-big,north,1.0,1,very small
800.0,65.0,Torino,Trilocale,mid-big,north,1.0,3,small
1050.0,110.0,Torino,Trilocale,mid-big,north,1.0,3,mid
400.0,40.0,Torino,Monolocale,mid-big,north,1.0,1,small
500.0,59.0,Torino,Bilocale,mid-big,north,1.0,2,small
650.0,90.0,Torino,Trilocale,mid-big,north,1.0,3,mid-small
750.0,75.0,Torino,Bilocale,mid-big,north,1.0,2,mid-small
50.0,55.0,Torino,Bilocale,mid-big,north,1.0,2,small
600.0,43.0,Torino,Bilocale,mid-big,north,1.0,2,small
650.0,110.0,Torino,Trilocale,mid-big,north,1.0,3,mid
450.0,60.0,Torino,Bilocale,mid-big,north,1.0,2,small
600.0,56.0,Torino,Bilocale,mid-big,north,1.0,2,small
600.0,50.0,Torino,Bilocale,mid-big,north,1.0,2,small
750.0,51.0,Torino,Bilocale,mid-big,north,1.0,2,small
1350.0,128.0,Genova,Appartamento,mid-big,north,2.0,6,mid
900.0,76.0,Genova,Appartamento,mid-big,north,2.0,6,mid-small
600.0,75.0,Genova,Attico,mid-big,north,2.0,5,mid-small
1450.0,210.0,Genova,Palazzo,mid-big,north,2.0,4,large
500.0,51.0,Genova,Bilocale,mid-big,north,2.0,2,small
550.0,60.0,Genova,Trilocale,mid-big,north,2.0,3,small
480.0,60.0,Genova,Quadrilocale,mid-big,north,2.0,4,small
500.0,60.0,Genova,Trilocale,mid-big,north,2.0,3,small
350.0,30.0,Genova,Monolocale,mid-big,north,2.0,1,very small
400.0,40.0,Genova,Bilocale,mid-big,north,2.0,2,small
500.0,85.0,Genova,Quadrilocale,mid-big,north,2.0,4,mid-small
600.0,53.0,Genova,Quadrilocale,mid-big,north,2.0,4,small
800.0,80.0,Genova,Appartamento,mid-big,north,2.0,6,mid-small
1200.0,90.0,Genova,Trilocale,mid-big,north,2.0,3,mid-small
1250.0,110.0,Genova,Appartamento,mid-big,north,2.0,5,mid
1050.0,116.0,Genova,Appartamento,mid-big,north,2.0,6,mid
750.0,80.0,Genova,Bilocale,mid-big,north,2.0,2,mid-small
750.0,80.0,Genova,Quadrilocale,mid-big,north,2.0,4,mid-small
400.0,60.0,Genova,Bilocale,mid-big,north,2.0,2,small
700.0,100.0,Genova,Appartamento,mid-big,north,2.0,5,mid
460.0,40.0,Genova,Bilocale,mid-big,north,2.0,2,small
530.0,55.0,Genova,Bilocale,mid-big,north,2.0,2,small
600.0,100.0,Genova,Appartamento,mid-big,north,2.0,5,mid
1850.0,70.0,Genova,Bilocale,mid-big,north,2.0,2,mid-small
900.0,90.0,Genova,Quadrilocale,mid-big,north,2.0,4,mid-small
1400.0,149.0,Genova,Quadrilocale,mid-big,north,4.0,4,mid
1650.0,190.0,Genova,Appartamento,mid-big,north,4.0,5,mid
1500.0,150.0,Genova,Appartamento,mid-big,north,4.0,6,mid
650.0,95.0,Genova,Quadrilocale,mid-big,north,4.0,4,mid-small
750.0,80.0,Genova,Bilocale,mid-big,north,4.0,2,mid-small
450.0,60.0,Genova,Trilocale,mid-big,north,4.0,3,small
460.0,40.0,Genova,Monolocale,mid-big,north,4.0,1,small
500.0,40.0,Genova,Attico,mid-big,north,4.0,2,small
600.0,100.0,Genova,Appartamento,mid-big,north,4.0,5,mid
350.0,70.0,Genova,Trilocale,mid-big,north,4.0,3,mid-small
200.0,30.0,Genova,Bilocale,mid-big,north,4.0,2,very small
500.0,70.0,Genova,Trilocale,mid-big,north,4.0,3,mid-small
450.0,73.0,Genova,Trilocale,mid-big,north,4.0,3,mid-small
700.0,83.0,Genova,Quadrilocale,mid-big,north,4.0,4,mid-small
1300.0,71.0,Genova,Trilocale,mid-big,north,4.0,3,mid-small
2700.0,250.0,Genova,Appartamento,mid-big,north,4.0,6,large
650.0,80.0,Genova,Appartamento,mid-big,north,4.0,6,mid-small
800.0,75.0,Genova,Trilocale,mid-big,north,4.0,3,mid-small
660.0,70.0,Genova,Bilocale,mid-big,north,4.0,2,mid-small
1300.0,170.0,Genova,Appartamento,mid-big,north,4.0,6,mid
780.0,54.0,Genova,Bilocale,mid-big,north,4.0,2,small
700.0,100.0,Genova,Appartamento,mid-big,north,4.0,6,mid
570.0,59.0,Genova,Monolocale,mid-big,north,4.0,1,small
900.0,90.0,Genova,Appartamento,mid-big,north,4.0,6,mid-small
600.0,90.0,Genova,Quadrilocale,mid-big,north,1.0,4,mid-small
600.0,104.0,Genova,Trilocale,mid-big,north,1.0,3,mid
655.0,78.0,Genova,Trilocale,mid-big,north,1.0,3,mid-small
700.0,122.0,Genova,Quadrilocale,mid-big,north,1.0,4,mid
1150.0,132.0,Genova,Trilocale,mid-big,north,1.0,3,mid
780.0,45.0,Genova,Bilocale,mid-big,north,1.0,2,small
1850.0,180.0,Genova,Appartamento,mid-big,north,1.0,6,mid
1080.0,170.0,Genova,Quadrilocale,mid-big,north,1.0,4,mid
700.0,65.0,Genova,Trilocale,mid-big,north,1.0,3,small
650.0,100.0,Genova,Quadrilocale,mid-big,north,1.0,4,mid
900.0,115.0,Genova,Trilocale,mid-big,north,1.0,3,mid
840.0,53.0,Genova,Trilocale,mid-big,north,1.0,3,small
400.0,47.0,Genova,Monolocale,mid-big,north,1.0,1,small
1350.0,90.0,Genova,Trilocale,mid-big,north,1.0,3,mid-small
800.0,131.0,Genova,Appartamento,mid-big,north,1.0,5,mid
700.0,45.0,Genova,Monolocale,mid-big,north,1.0,1,small
1350.0,70.0,Genova,Bilocale,mid-big,north,1.0,2,mid-small
550.0,100.0,Genova,Quadrilocale,mid-big,north,1.0,4,mid
750.0,85.0,Genova,Appartamento,mid-big,north,1.0,6,mid-small
680.0,105.0,Genova,Quadrilocale,mid-big,north,1.0,4,mid
1800.0,300.0,Genova,Appartamento,mid-big,north,1.0,6,large
550.0,78.0,Genova,Trilocale,mid-big,north,1.0,3,mid-small
750.0,94.0,Genova,Appartamento,mid-big,north,1.0,6,mid-small
460.0,80.0,Genova,Trilocale,mid-big,north,1.0,3,mid-small
740.0,79.0,Genova,Trilocale,mid-big,north,1.0,3,mid-small
650.0,45.0,Genova,Attico,mid-big,north,4.0,2,small
550.0,100.0,Genova,Trilocale,mid-big,north,4.0,3,mid
600.0,126.0,Genova,Quadrilocale,mid-big,north,4.0,4,mid
600.0,85.0,Genova,Quadrilocale,mid-big,north,4.0,4,mid-small
800.0,100.0,Genova,Quadrilocale,mid-big,north,4.0,4,mid
850.0,100.0,Genova,Appartamento,mid-big,north,4.0,5,mid
1850.0,160.0,Genova,Appartamento,mid-big,north,4.0,6,mid
550.0,75.0,Genova,Trilocale,mid-big,north,4.0,3,mid-small
1000.0,100.0,Genova,Appartamento,mid-big,north,4.0,5,mid
480.0,70.0,Genova,Trilocale,mid-big,north,4.0,3,mid-small
750.0,130.0,Genova,Appartamento,mid-big,north,4.0,6,mid
600.0,32.0,Genova,Bilocale,mid-big,north,4.0,2,very small
950.0,50.0,Genova,Bilocale,mid-big,north,4.0,2,small
650.0,80.0,Genova,Trilocale,mid-big,north,4.0,3,mid-small
700.0,90.0,Genova,Appartamento,mid-big,north,4.0,6,mid-small
350.0,60.0,Genova,Bilocale,mid-big,north,4.0,2,small
850.0,96.0,Genova,Trilocale,mid-big,north,4.0,3,mid-small
700.0,39.0,Genova,Bilocale,mid-big,north,4.0,2,very small
1200.0,186.0,Genova,Attico,mid-big,north,4.0,5,mid
1100.0,48.0,Genova,Bilocale,mid-big,north,4.0,2,small
700.0,65.0,Genova,Bilocale,mid-big,north,4.0,2,small
620.0,71.0,Genova,Bilocale,mid-big,north,2.0,2,mid-small
700.0,125.0,Genova,Appartamento,mid-big,north,2.0,5,mid
520.0,70.0,Genova,Appartamento,mid-big,north,2.0,5,mid-small
340.0,51.0,Genova,Bilocale,mid-big,north,2.0,2,small
1300.0,120.0,Genova,Quadrilocale,mid-big,north,2.0,4,mid
900.0,120.0,Genova,Appartamento,mid-big,north,2.0,5,mid
650.0,100.0,Genova,Appartamento,mid-big,north,2.0,5,mid
750.0,136.0,Genova,Quadrilocale,mid-big,north,2.0,4,mid
400.0,45.0,Genova,Appartamento,mid-big,north,2.0,5,small
500.0,98.0,Genova,Quadrilocale,mid-big,north,2.0,4,mid-small
580.0,45.0,Genova,Bilocale,mid-big,north,2.0,2,small
500.0,65.0,Genova,Bilocale,mid-big,north,2.0,2,small
1600.0,163.0,Genova,Quadrilocale,mid-big,north,2.0,4,mid
640.0,60.0,Genova,Bilocale,mid-big,north,2.0,2,small
1000.0,120.0,Genova,Appartamento,mid-big,north,2.0,5,mid
720.0,94.0,Genova,Quadrilocale,mid-big,north,2.0,4,mid-small
750.0,45.0,Genova,Bilocale,mid-big,north,2.0,2,small
600.0,90.0,Genova,Appartamento,mid-big,north,2.0,5,mid-small
1000.0,64.0,Genova,Bilocale,mid-big,north,2.0,2,small
480.0,53.0,Genova,Trilocale,mid-big,north,2.0,3,small
700.0,115.0,Genova,Appartamento,mid-big,north,2.0,5,mid
950.0,120.0,Genova,Appartamento,mid-big,north,2.0,6,mid
1100.0,140.0,Genova,Appartamento,mid-big,north,2.0,5,mid
780.0,160.0,Genova,Appartamento,mid-big,north,2.0,6,mid
430.0,60.0,Genova,Bilocale,mid-big,north,4.0,2,small
700.0,110.0,Genova,Appartamento,mid-big,north,4.0,5,mid
450.0,65.0,Genova,Bilocale,mid-big,north,4.0,2,small
750.0,101.0,Genova,Trilocale,mid-big,north,4.0,3,mid
950.0,120.0,Genova,Appartamento,mid-big,north,4.0,6,mid
470.0,48.0,Genova,Bilocale,mid-big,north,4.0,2,small
1380.0,100.0,Genova,Quadrilocale,mid-big,north,4.0,4,mid
2950.0,300.0,Genova,Palazzo,mid-big,north,4.0,5,large
1900.0,323.0,Genova,Appartamento,mid-big,north,4.0,6,large
1450.0,210.0,Genova,Palazzo,mid-big,north,4.0,4,large
1150.0,148.0,Genova,Appartamento,mid-big,north,4.0,5,mid
368.0,50.0,Genova,Bilocale,mid-big,north,4.0,2,small
400.0,75.0,Genova,Trilocale,mid-big,north,4.0,3,mid-small
1400.0,156.0,Genova,Appartamento,mid-big,north,4.0,5,mid
650.0,92.0,Genova,Appartamento,mid-big,north,4.0,6,mid-small
1400.0,245.0,Genova,Appartamento,mid-big,north,4.0,6,large
400.0,50.0,Genova,Attico,mid-big,north,4.0,2,small
750.0,93.0,Genova,Trilocale,mid-big,north,4.0,3,mid-small
700.0,95.0,Genova,Quadrilocale,mid-big,north,4.0,4,mid-small
550.0,65.0,Genova,Bilocale,mid-big,north,4.0,2,small
450.0,40.0,Genova,Monolocale,mid-big,north,4.0,1,small
900.0,120.0,Genova,Quadrilocale,mid-big,north,4.0,4,mid
610.0,90.0,Genova,Trilocale,mid-big,north,4.0,3,mid-small
550.0,64.0,Genova,Trilocale,mid-big,north,4.0,3,small
900.0,110.0,Genova,Trilocale,mid-big,north,4.0,3,mid
1500.0,87.0,Genova,Trilocale,mid-big,north,3.0,3,mid-small
450.0,48.0,Genova,Bilocale,mid-big,north,3.0,2,small
400.0,75.0,Genova,Bilocale,mid-big,north,3.0,2,mid-small
450.0,50.0,Genova,Bilocale,mid-big,north,3.0,2,small
750.0,84.0,Genova,Trilocale,mid-big,north,3.0,3,mid-small
800.0,80.0,Genova,Trilocale,mid-big,north,3.0,3,mid-small
600.0,97.0,Genova,Trilocale,mid-big,north,3.0,3,mid-small
900.0,150.0,Genova,Quadrilocale,mid-big,north,3.0,4,mid
1300.0,80.0,Genova,Trilocale,mid-big,north,3.0,3,mid-small
750.0,120.0,Genova,Trilocale,mid-big,north,3.0,3,mid
700.0,115.0,Genova,Quadrilocale,mid-big,north,3.0,4,mid
1500.0,65.0,Genova,Trilocale,mid-big,north,3.0,3,small
880.0,101.0,Genova,Trilocale,mid-big,north,3.0,3,mid
2900.0,90.0,Genova,Trilocale,mid-big,north,3.0,3,mid-small
1590.0,163.0,Genova,Quadrilocale,mid-big,north,3.0,4,mid
550.0,65.0,Genova,Bilocale,mid-big,north,3.0,2,small
600.0,60.0,Genova,Bilocale,mid-big,north,3.0,2,small
900.0,70.0,Genova,Bilocale,mid-big,north,3.0,2,mid-small
420.0,55.0,Genova,Bilocale,mid-big,north,3.0,2,small
2200.0,331.0,Genova,Appartamento,mid-big,north,3.0,6,large
500.0,70.0,Genova,Bilocale,mid-big,north,3.0,2,mid-small
500.0,87.0,Genova,Appartamento,mid-big,north,3.0,5,mid-small
550.0,65.0,Genova,Trilocale,mid-big,north,3.0,3,small
1900.0,120.0,Genova,Quadrilocale,mid-big,north,3.0,4,mid
950.0,133.0,Genova,Appartamento,mid-big,north,3.0,5,mid
1550.0,200.0,Genova,Appartamento,mid-big,north,4.0,6,large
500.0,80.0,Genova,Trilocale,mid-big,north,4.0,3,mid-small
600.0,50.0,Genova,Bilocale,mid-big,north,4.0,2,small
550.0,100.0,Genova,Appartamento,mid-big,north,4.0,5,mid
550.0,84.0,Genova,Bilocale,mid-big,north,4.0,2,mid-small
500.0,55.0,Genova,Bilocale,mid-big,north,4.0,2,small
450.0,70.0,Genova,Trilocale,mid-big,north,4.0,3,mid-small
750.0,90.0,Genova,Trilocale,mid-big,north,4.0,3,mid-small
500.0,88.0,Genova,Bilocale,mid-big,north,4.0,2,mid-small
1000.0,120.0,Genova,Quadrilocale,mid-big,north,4.0,4,mid
900.0,126.0,Genova,Quadrilocale,mid-big,north,4.0,4,mid
1500.0,200.0,Genova,Appartamento,mid-big,north,4.0,5,large
900.0,120.0,Genova,Quadrilocale,mid-big,north,4.0,4,mid
470.0,60.0,Genova,Bilocale,mid-big,north,4.0,2,small
850.0,110.0,Genova,Quadrilocale,mid-big,north,4.0,4,mid
850.0,85.0,Genova,Trilocale,mid-big,north,4.0,3,mid-small
250.0,20.0,Genova,Monolocale,mid-big,north,4.0,1,very small
600.0,90.0,Genova,Trilocale,mid-big,north,4.0,3,mid-small
440.0,64.0,Genova,Trilocale,mid-big,north,4.0,3,small
700.0,100.0,Genova,Quadrilocale,mid-big,north,4.0,4,mid
1100.0,115.0,Genova,Appartamento,mid-big,north,4.0,6,mid
570.0,90.0,Genova,Appartamento,mid-big,north,4.0,5,mid-small
700.0,80.0,Genova,Bilocale,mid-big,north,4.0,2,mid-small
480.0,75.0,Genova,Bilocale,mid-big,north,4.0,2,mid-small
1200.0,115.0,Genova,Quadrilocale,mid-big,north,4.0,4,mid
600.0,50.0,Genova,Trilocale,mid-big,north,4.0,3,small
850.0,100.0,Genova,Trilocale,mid-big,north,4.0,3,mid
550.0,90.0,Genova,Trilocale,mid-big,north,4.0,3,mid-small
900.0,60.0,Genova,Loft,mid-big,north,4.0,3,small
700.0,120.0,Genova,Appartamento,mid-big,north,4.0,6,mid
800.0,53.0,Genova,Bilocale,mid-big,north,4.0,2,small
990.0,50.0,Genova,Trilocale,mid-big,north,4.0,3,small
750.0,75.0,Genova,Trilocale,mid-big,north,4.0,3,mid-small
500.0,25.0,Genova,Monolocale,mid-big,north,4.0,1,very small
800.0,93.0,Genova,Trilocale,mid-big,north,4.0,3,mid-small
400.0,65.0,Genova,Bilocale,mid-big,north,4.0,2,small
2000.0,190.0,Genova,Appartamento,mid-big,north,4.0,5,mid
600.0,90.0,Genova,Quadrilocale,mid-big,north,4.0,4,mid-small
1000.0,35.0,Genova,Monolocale,mid-big,north,4.0,1,very small
700.0,100.0,Genova,Quadrilocale,mid-big,north,4.0,4,mid
1500.0,210.0,Genova,Appartamento,mid-big,north,4.0,6,large
480.0,80.0,Genova,Trilocale,mid-big,north,4.0,3,mid-small
1300.0,90.0,Genova,Trilocale,mid-big,north,4.0,3,mid-small
1200.0,75.0,Genova,Bilocale,mid-big,north,4.0,2,mid-small
1000.0,55.0,Genova,Bilocale,mid-big,north,4.0,2,small
1050.0,67.0,Genova,Bilocale,mid-big,north,4.0,2,small
850.0,108.0,Genova,Trilocale,mid-big,north,4.0,3,mid
750.0,90.0,Genova,Trilocale,mid-big,north,4.0,3,mid-small
1500.0,150.0,Genova,Quadrilocale,mid-big,north,4.0,4,mid
1450.0,80.0,Genova,Attico,mid-big,north,2.0,5,mid-small
2200.0,300.0,Genova,Appartamento,mid-big,north,2.0,6,large
430.0,48.0,Genova,Bilocale,mid-big,north,2.0,2,small
1100.0,149.0,Genova,Appartamento,mid-big,north,2.0,5,mid
800.0,123.0,Genova,Appartamento,mid-big,north,2.0,5,mid
1250.0,85.0,Genova,Trilocale,mid-big,north,2.0,3,mid-small
500.0,65.0,Genova,Bilocale,mid-big,north,2.0,2,small
850.0,126.0,Genova,Quadrilocale,mid-big,north,2.0,4,mid
1200.0,85.0,Genova,Trilocale,mid-big,north,2.0,3,mid-small
650.0,70.0,Genova,Trilocale,mid-big,north,2.0,3,mid-small
430.0,43.0,Genova,Monolocale,mid-big,north,2.0,1,small
450.0,72.0,Genova,Bilocale,mid-big,north,2.0,2,mid-small
1000.0,91.0,Genova,Quadrilocale,mid-big,north,2.0,4,mid-small
750.0,160.0,Genova,Appartamento,mid-big,north,2.0,5,mid
400.0,45.0,Genova,Bilocale,mid-big,north,2.0,2,small
550.0,91.0,Genova,Trilocale,mid-big,north,2.0,3,mid-small
550.0,80.0,Genova,Appartamento,mid-big,north,2.0,6,mid-small
550.0,50.0,Genova,Bilocale,mid-big,north,2.0,2,small
2100.0,87.0,Genova,Trilocale,mid-big,north,2.0,3,mid-small
1400.0,91.0,Genova,Bilocale,mid-big,north,2.0,2,mid-small
600.0,80.0,Genova,Trilocale,mid-big,north,2.0,3,mid-small
1100.0,85.0,Genova,Mansarda,mid-big,north,2.0,3,mid-small
1000.0,65.0,Genova,Quadrilocale,mid-big,north,2.0,4,small
500.0,70.0,Genova,Bilocale,mid-big,north,2.0,2,mid-small
750.0,120.0,Genova,Appartamento,mid-big,north,2.0,5,mid
600.0,80.0,Genova,Bilocale,mid-big,north,1.0,2,mid-small
600.0,60.0,Genova,Monolocale,mid-big,north,1.0,1,small
750.0,81.0,Genova,Trilocale,mid-big,north,1.0,3,mid-small
850.0,120.0,Genova,Quadrilocale,mid-big,north,1.0,4,mid
850.0,120.0,Genova,Appartamento,mid-big,north,1.0,5,mid
700.0,84.0,Genova,Appartamento,mid-big,north,1.0,6,mid-small
900.0,130.0,Genova,Bilocale,mid-big,north,1.0,2,mid
2500.0,166.0,Genova,Appartamento,mid-big,north,1.0,6,mid
550.0,90.0,Genova,Trilocale,mid-big,north,1.0,3,mid-small
950.0,97.0,Genova,Bilocale,mid-big,north,1.0,2,mid-small
950.0,132.0,Genova,Quadrilocale,mid-big,north,1.0,4,mid
1800.0,50.0,Genova,Bilocale,mid-big,north,1.0,2,small
720.0,120.0,Genova,Appartamento,mid-big,north,1.0,6,mid
1840.0,60.0,Genova,Bilocale,mid-big,north,1.0,2,small
1840.0,60.0,Genova,Bilocale,mid-big,north,1.0,2,small
1000.0,130.0,Genova,Quadrilocale,mid-big,north,1.0,4,mid
540.0,70.0,Genova,Bilocale,mid-big,north,1.0,2,mid-small
800.0,120.0,Genova,Quadrilocale,mid-big,north,1.0,4,mid
900.0,75.0,Genova,Bilocale,mid-big,north,1.0,2,mid-small
440.0,55.0,Genova,Bilocale,mid-big,north,1.0,2,small
900.0,110.0,Genova,Trilocale,mid-big,north,1.0,3,mid
770.0,77.0,Genova,Bilocale,mid-big,north,1.0,2,mid-small
750.0,72.0,Genova,Appartamento,mid-big,north,1.0,5,mid-small
3000.0,120.0,Genova,Appartamento,mid-big,north,1.0,5,mid
550.0,90.0,Genova,Trilocale,mid-big,north,1.0,3,mid-small
785.0,90.0,Genova,Bilocale,mid-big,north,5.0,2,mid-small
520.0,70.0,Genova,Trilocale,mid-big,north,5.0,3,mid-small
650.0,100.0,Genova,Appartamento,mid-big,north,5.0,5,mid
350.0,55.0,Genova,Bilocale,mid-big,north,5.0,2,small
750.0,120.0,Genova,Quadrilocale,mid-big,north,5.0,4,mid
650.0,60.0,Genova,Bilocale,mid-big,north,5.0,2,small
1000.0,130.0,Genova,Quadrilocale,mid-big,north,5.0,4,mid
850.0,110.0,Genova,Trilocale,mid-big,north,5.0,3,mid
1000.0,146.0,Genova,Appartamento,mid-big,north,5.0,5,mid
600.0,70.0,Genova,Bilocale,mid-big,north,5.0,2,mid-small
950.0,103.0,Genova,Bilocale,mid-big,north,5.0,2,mid
950.0,112.0,Genova,Quadrilocale,mid-big,north,5.0,4,mid
900.0,110.0,Genova,Quadrilocale,mid-big,north,5.0,4,mid
850.0,77.0,Genova,Attico,mid-big,north,5.0,4,mid-small
900.0,95.0,Genova,Quadrilocale,mid-big,north,5.0,4,mid-small
500.0,65.0,Genova,Appartamento,mid-big,north,5.0,5,small
550.0,100.0,Genova,Appartamento,mid-big,north,5.0,5,mid
800.0,72.0,Genova,Trilocale,mid-big,north,5.0,3,mid-small
935.0,127.0,Genova,Appartamento,mid-big,north,5.0,6,mid
850.0,75.0,Genova,Bilocale,mid-big,north,5.0,2,mid-small
700.0,105.0,Genova,Appartamento,mid-big,north,5.0,6,mid
650.0,70.0,Genova,Bilocale,mid-big,north,5.0,2,mid-small
800.0,55.0,Genova,Bilocale,mid-big,north,5.0,2,small
465.0,71.0,Genova,Bilocale,mid-big,north,5.0,2,mid-small
800.0,91.0,Genova,Trilocale,mid-big,north,5.0,3,mid-small
500.0,70.0,Genova,Trilocale,mid-big,north,4.0,3,mid-small
1100.0,180.0,Genova,Appartamento,mid-big,north,4.0,6,mid
1000.0,70.0,Genova,Trilocale,mid-big,north,4.0,3,mid-small
600.0,82.0,Genova,Quadrilocale,mid-big,north,4.0,4,mid-small
460.0,47.0,Genova,Bilocale,mid-big,north,4.0,2,small
800.0,58.0,Genova,Bilocale,mid-big,north,4.0,2,small
480.0,70.0,Genova,Bilocale,mid-big,north,4.0,2,mid-small
1250.0,90.0,Genova,Quadrilocale,mid-big,north,4.0,4,mid-small
900.0,110.0,Genova,Trilocale,mid-big,north,4.0,3,mid
800.0,45.0,Genova,Bilocale,mid-big,north,4.0,2,small
830.0,111.0,Genova,Quadrilocale,mid-big,north,4.0,4,mid
900.0,106.0,Genova,Appartamento,mid-big,north,4.0,6,mid
470.0,70.0,Genova,Bilocale,mid-big,north,4.0,2,mid-small
1400.0,74.0,Genova,Trilocale,mid-big,north,4.0,3,mid-small
450.0,107.0,Genova,Trilocale,mid-big,north,4.0,3,mid
900.0,90.0,Genova,Bilocale,mid-big,north,4.0,2,mid-small
650.0,94.0,Genova,Bilocale,mid-big,north,4.0,2,mid-small
488.0,75.0,Genova,Trilocale,mid-big,north,4.0,3,mid-small
435.0,52.0,Genova,Bilocale,mid-big,north,4.0,2,small
850.0,80.0,Genova,Trilocale,mid-big,north,4.0,3,mid-small
630.0,90.0,Genova,Mansarda,mid-big,north,4.0,4,mid-small
1100.0,150.0,Genova,Appartamento,mid-big,north,4.0,6,mid
1000.0,72.0,Genova,Quadrilocale,mid-big,north,4.0,4,mid-small
570.0,71.0,Genova,Bilocale,mid-big,north,4.0,2,mid-small
1680.0,35.0,Genova,Monolocale,mid-big,north,4.0,1,very small
350.0,38.0,Genova,Trilocale,mid-big,north,3.0,3,very small
1300.0,270.0,Genova,Appartamento,mid-big,north,3.0,6,large
480.0,45.0,Genova,Bilocale,mid-big,north,3.0,2,small
850.0,122.0,Genova,Quadrilocale,mid-big,north,3.0,4,mid
1400.0,160.0,Genova,Appartamento,mid-big,north,3.0,5,mid
900.0,164.0,Genova,Appartamento,mid-big,north,3.0,6,mid
1100.0,90.0,Genova,Trilocale,mid-big,north,3.0,3,mid-small
800.0,80.0,Genova,Quadrilocale,mid-big,north,3.0,4,mid-small
800.0,91.0,Genova,Bilocale,mid-big,north,3.0,2,mid-small
500.0,75.0,Genova,Trilocale,mid-big,north,3.0,3,mid-small
1000.0,129.0,Genova,Quadrilocale,mid-big,north,3.0,4,mid
550.0,92.0,Genova,Trilocale,mid-big,north,3.0,3,mid-small
500.0,62.0,Genova,Bilocale,mid-big,north,3.0,2,small
1050.0,54.0,Genova,Bilocale,mid-big,north,3.0,2,small
620.0,75.0,Genova,Trilocale,mid-big,north,3.0,3,mid-small
500.0,80.0,Genova,Appartamento,mid-big,north,3.0,5,mid-small
1500.0,135.0,Genova,Appartamento,mid-big,north,3.0,5,mid
600.0,73.0,Genova,Bilocale,mid-big,north,3.0,2,mid-small
500.0,110.0,Genova,Quadrilocale,mid-big,north,3.0,4,mid
600.0,110.0,Genova,Trilocale,mid-big,north,3.0,3,mid
650.0,70.0,Genova,Bilocale,mid-big,north,3.0,2,mid-small
1440.0,120.0,Genova,Appartamento,mid-big,north,3.0,5,mid
2500.0,124.0,Genova,Quadrilocale,mid-big,north,3.0,4,mid
900.0,102.0,Genova,Appartamento,mid-big,north,3.0,6,mid
850.0,130.0,Genova,Appartamento,mid-big,north,3.0,5,mid
420.0,70.0,Genova,Trilocale,mid-big,north,4.0,3,mid-small
950.0,121.0,Genova,Trilocale,mid-big,north,4.0,3,mid
550.0,76.0,Genova,Quadrilocale,mid-big,north,4.0,4,mid-small
700.0,85.0,Genova,Trilocale,mid-big,north,4.0,3,mid-small
1100.0,160.0,Genova,Appartamento,mid-big,north,4.0,6,mid
1000.0,82.0,Genova,Trilocale,mid-big,north,4.0,3,mid-small
1100.0,160.0,Genova,Appartamento,mid-big,north,4.0,6,mid
700.0,90.0,Genova,Appartamento,mid-big,north,4.0,5,mid-small
400.0,60.0,Genova,Monolocale,mid-big,north,4.0,1,small
650.0,106.0,Genova,Trilocale,mid-big,north,4.0,3,mid
400.0,60.0,Genova,Monolocale,mid-big,north,4.0,1,small
750.0,98.0,Genova,Quadrilocale,mid-big,north,4.0,4,mid-small
650.0,55.0,Genova,Bilocale,mid-big,north,4.0,2,small
400.0,70.0,Genova,Bilocale,mid-big,north,4.0,2,mid-small
600.0,105.0,Genova,Quadrilocale,mid-big,north,4.0,4,mid
650.0,30.0,Genova,Monolocale,mid-big,north,4.0,1,very small
500.0,55.0,Genova,Bilocale,mid-big,north,4.0,2,small
460.0,75.0,Genova,Bilocale,mid-big,north,4.0,2,mid-small
550.0,85.0,Genova,Trilocale,mid-big,north,4.0,3,mid-small
490.0,74.0,Genova,Bilocale,mid-big,north,4.0,2,mid-small
1200.0,130.0,Genova,Appartamento,mid-big,north,4.0,6,mid
750.0,95.0,Genova,Trilocale,mid-big,north,4.0,3,mid-small
460.0,33.0,Genova,Monolocale,mid-big,north,4.0,1,very small
1300.0,50.0,Genova,Bilocale,mid-big,north,4.0,2,small
600.0,125.0,Genova,Appartamento,mid-big,north,4.0,6,mid
2500.0,300.0,Genova,Appartamento,mid-big,north,2.0,5,large
1800.0,80.0,Genova,Bilocale,mid-big,north,2.0,2,mid-small
1000.0,80.0,Genova,Trilocale,mid-big,north,2.0,3,mid-small
620.0,65.0,Genova,Bilocale,mid-big,north,2.0,2,small
2000.0,80.0,Genova,Bilocale,mid-big,north,2.0,2,mid-small
1500.0,87.0,Genova,Appartamento,mid-big,north,2.0,6,mid-small
900.0,90.0,Genova,Trilocale,mid-big,north,2.0,3,mid-small
850.0,62.0,Genova,Monolocale,mid-big,north,2.0,1,small
980.0,100.0,Genova,Quadrilocale,mid-big,north,2.0,4,mid
1200.0,110.0,Genova,Appartamento,mid-big,north,2.0,5,mid
900.0,100.0,Genova,Trilocale,mid-big,north,2.0,3,mid
800.0,123.0,Genova,Quadrilocale,mid-big,north,2.0,4,mid
800.0,114.0,Genova,Trilocale,mid-big,north,2.0,3,mid
1100.0,66.0,Genova,Bilocale,mid-big,north,2.0,2,small
850.0,110.0,Genova,Quadrilocale,mid-big,north,2.0,4,mid
800.0,45.0,Genova,Bilocale,mid-big,north,2.0,2,small
1740.0,35.0,Genova,Monolocale,mid-big,north,2.0,1,very small
900.0,70.0,Genova,Bilocale,mid-big,north,2.0,2,mid-small
980.0,120.0,Genova,Appartamento,mid-big,north,2.0,6,mid
3650.0,300.0,Genova,Palazzo,mid-big,north,2.0,5,large
500.0,100.0,Genova,Quadrilocale,mid-big,north,2.0,4,mid
1100.0,65.0,Genova,Bilocale,mid-big,north,2.0,2,small
790.0,119.0,Genova,Quadrilocale,mid-big,north,2.0,4,mid
600.0,92.0,Genova,Trilocale,mid-big,north,2.0,3,mid-small
850.0,80.0,Genova,Trilocale,mid-big,north,2.0,3,mid-small
1100.0,94.0,Genova,Trilocale,mid-big,north,3.0,3,mid-small
700.0,90.0,Genova,Quadrilocale,mid-big,north,3.0,4,mid-small
650.0,100.0,Genova,Quadrilocale,mid-big,north,3.0,4,mid
1000.0,145.0,Genova,Appartamento,mid-big,north,3.0,5,mid
650.0,100.0,Genova,Appartamento,mid-big,north,3.0,6,mid
600.0,75.0,Genova,Trilocale,mid-big,north,3.0,3,mid-small
1350.0,90.0,Genova,Trilocale,mid-big,north,3.0,3,mid-small
650.0,65.0,Genova,Trilocale,mid-big,north,3.0,3,small
650.0,85.0,Genova,Trilocale,mid-big,north,3.0,3,mid-small
1000.0,244.0,Genova,Appartamento,mid-big,north,3.0,6,large
500.0,52.0,Genova,Monolocale,mid-big,north,3.0,1,small
750.0,87.0,Genova,Bilocale,mid-big,north,3.0,2,mid-small
400.0,75.0,Genova,Quadrilocale,mid-big,north,3.0,4,mid-small
850.0,105.0,Genova,Bilocale,mid-big,north,3.0,2,mid
1680.0,36.0,Genova,Monolocale,mid-big,north,3.0,1,very small
1580.0,35.0,Genova,Monolocale,mid-big,north,3.0,1,very small
1740.0,55.0,Genova,Bilocale,mid-big,north,3.0,2,small
350.0,25.0,Genova,Monolocale,mid-big,north,3.0,1,very small
420.0,45.0,Genova,Bilocale,mid-big,north,3.0,2,small
600.0,85.0,Genova,Trilocale,mid-big,north,3.0,3,mid-small
1800.0,70.0,Genova,Bilocale,mid-big,north,3.0,2,mid-small
550.0,77.0,Genova,Trilocale,mid-big,north,3.0,3,mid-small
1000.0,120.0,Genova,Appartamento,mid-big,north,1.0,6,mid
650.0,90.0,Genova,Trilocale,mid-big,north,1.0,3,mid-small
400.0,65.0,Genova,Bilocale,mid-big,north,1.0,2,small
800.0,78.0,Genova,Bilocale,mid-big,north,1.0,2,mid-small
550.0,30.0,Genova,Monolocale,mid-big,north,1.0,1,very small
850.0,83.0,Genova,Quadrilocale,mid-big,north,1.0,4,mid-small
600.0,65.0,Genova,Bilocale,mid-big,north,1.0,2,small
2000.0,128.0,Genova,Quadrilocale,mid-big,north,1.0,4,mid
1500.0,190.0,Genova,Appartamento,mid-big,north,1.0,6,mid
1100.0,60.0,Genova,Trilocale,mid-big,north,1.0,3,small
1400.0,105.0,Genova,Trilocale,mid-big,north,1.0,3,mid
750.0,107.0,Genova,Appartamento,mid-big,north,1.0,6,mid
680.0,60.0,Genova,Appartamento,mid-big,north,1.0,5,small
800.0,110.0,Genova,Quadrilocale,mid-big,north,1.0,4,mid
1600.0,160.0,Genova,Appartamento,mid-big,north,1.0,6,mid
590.0,40.0,Genova,Bilocale,mid-big,north,1.0,2,small
650.0,50.0,Genova,Quadrilocale,mid-big,north,1.0,4,small
2400.0,220.0,Genova,Appartamento,mid-big,north,1.0,6,large
630.0,80.0,Genova,Appartamento,mid-big,north,1.0,6,mid-small
900.0,60.0,Genova,Bilocale,mid-big,north,1.0,2,small
1000.0,127.0,Genova,Quadrilocale,mid-big,north,1.0,4,mid
850.0,90.0,Genova,Appartamento,mid-big,north,1.0,6,mid-small
500.0,49.0,Genova,Monolocale,mid-big,north,2.0,1,small
950.0,120.0,Genova,Quadrilocale,mid-big,north,2.0,4,mid
450.0,54.0,Genova,Bilocale,mid-big,north,2.0,2,small
750.0,125.0,Genova,Quadrilocale,mid-big,north,2.0,4,mid
550.0,30.0,Genova,Monolocale,mid-big,north,2.0,1,very small
500.0,50.0,Genova,Bilocale,mid-big,north,2.0,2,small
750.0,130.0,Genova,Bilocale,mid-big,north,2.0,2,mid
1000.0,130.0,Genova,Appartamento,mid-big,north,2.0,5,mid
1050.0,64.0,Genova,Trilocale,mid-big,north,2.0,3,small
620.0,105.0,Genova,Trilocale,mid-big,north,2.0,3,mid
1000.0,137.0,Genova,Appartamento,mid-big,north,2.0,6,mid
760.0,88.0,Genova,Trilocale,mid-big,north,2.0,3,mid-small
1400.0,68.0,Genova,Trilocale,mid-big,north,2.0,3,small
750.0,90.0,Genova,Trilocale,mid-big,north,2.0,3,mid-small
2500.0,100.0,Genova,Villa,mid-big,north,2.0,6,mid
800.0,90.0,Genova,Quadrilocale,mid-big,north,2.0,4,mid-small
600.0,70.0,Genova,Trilocale,mid-big,north,2.0,3,mid-small
550.0,120.0,Genova,Appartamento,mid-big,north,2.0,5,mid
890.0,120.0,Genova,Appartamento,mid-big,north,2.0,6,mid
400.0,50.0,Genova,Bilocale,mid-big,north,2.0,2,small
900.0,130.0,Genova,Quadrilocale,mid-big,north,2.0,4,mid
500.0,75.0,Genova,Bilocale,mid-big,north,2.0,2,mid-small
700.0,90.0,Genova,Trilocale,mid-big,north,2.0,3,mid-small
300.0,60.0,Genova,Bilocale,mid-big,north,2.0,2,small
400.0,60.0,Genova,Trilocale,mid-big,north,4.0,3,small
460.0,65.0,Genova,Trilocale,mid-big,north,4.0,3,small
600.0,80.0,Genova,Quadrilocale,mid-big,north,4.0,4,mid-small
900.0,90.0,Genova,Trilocale,mid-big,north,4.0,3,mid-small
600.0,60.0,Genova,Bilocale,mid-big,north,4.0,2,small
500.0,70.0,Genova,Trilocale,mid-big,north,4.0,3,mid-small
230.0,35.0,Genova,Monolocale,mid-big,north,4.0,1,very small
900.0,80.0,Genova,Quadrilocale,mid-big,north,4.0,4,mid-small
450.0,80.0,Genova,Quadrilocale,mid-big,north,4.0,4,mid-small
900.0,160.0,Genova,Trilocale,mid-big,north,4.0,3,mid
480.0,70.0,Genova,Quadrilocale,mid-big,north,4.0,4,mid-small
400.0,70.0,Genova,Bilocale,mid-big,north,4.0,2,mid-small
450.0,80.0,Genova,Trilocale,mid-big,north,4.0,3,mid-small
700.0,90.0,Genova,Quadrilocale,mid-big,north,4.0,4,mid-small
550.0,100.0,Genova,Quadrilocale,mid-big,north,4.0,4,mid
500.0,100.0,Genova,Quadrilocale,mid-big,north,4.0,4,mid
300.0,40.0,Genova,Monolocale,mid-big,north,4.0,1,small
500.0,80.0,Genova,Quadrilocale,mid-big,north,4.0,4,mid-small
460.0,40.0,Genova,Monolocale,mid-big,north,4.0,1,small
800.0,90.0,Genova,Quadrilocale,mid-big,north,4.0,4,mid-small
550.0,75.0,Genova,Trilocale,mid-big,north,4.0,3,mid-small
480.0,60.0,Genova,Trilocale,mid-big,north,4.0,3,small
870.0,85.0,Genova,Bilocale,mid-big,north,4.0,2,mid-small
400.0,40.0,Genova,Monolocale,mid-big,north,4.0,1,small
800.0,85.0,Genova,Quadrilocale,mid-big,north,4.0,4,mid-small
400.0,55.0,Genova,Bilocale,mid-big,north,1.0,2,small
700.0,90.0,Genova,Quadrilocale,mid-big,north,1.0,4,mid-small
500.0,60.0,Genova,Trilocale,mid-big,north,1.0,3,small
600.0,70.0,Genova,Trilocale,mid-big,north,1.0,3,mid-small
670.0,65.0,Genova,Bilocale,mid-big,north,1.0,2,small
950.0,156.0,Genova,Appartamento,mid-big,north,1.0,5,mid
4000.0,280.0,Genova,Trilocale,mid-big,north,1.0,3,large
1900.0,111.0,Genova,Appartamento,mid-big,north,1.0,5,mid
850.0,75.0,Genova,Trilocale,mid-big,north,1.0,3,mid-small
550.0,114.0,Genova,Trilocale,mid-big,north,1.0,3,mid
1100.0,132.0,Genova,Quadrilocale,mid-big,north,1.0,4,mid
1700.0,115.0,Genova,Appartamento,mid-big,north,1.0,5,mid
750.0,50.0,Genova,Bilocale,mid-big,north,1.0,2,small
650.0,76.0,Genova,Bilocale,mid-big,north,1.0,2,mid-small
370.0,60.0,Genova,Bilocale,mid-big,north,1.0,2,small
470.0,40.0,Genova,Monolocale,mid-big,north,1.0,1,small
950.0,125.0,Genova,Appartamento,mid-big,north,1.0,5,mid
650.0,90.0,Genova,Trilocale,mid-big,north,1.0,3,mid-small
2150.0,220.0,Genova,Appartamento,mid-big,north,1.0,6,large
750.0,90.0,Genova,Trilocale,mid-big,north,1.0,3,mid-small
620.0,75.0,Genova,Quadrilocale,mid-big,north,1.0,4,mid-small
560.0,75.0,Genova,Appartamento,mid-big,north,1.0,5,mid-small
700.0,120.0,Genova,Appartamento,mid-big,north,0.0,6,mid
450.0,85.0,Genova,Trilocale,mid-big,north,0.0,3,mid-small
500.0,35.0,Genova,Bilocale,mid-big,north,0.0,2,very small
2200.0,75.0,Genova,Appartamento,mid-big,north,0.0,5,mid-small
900.0,125.0,Genova,Trilocale,mid-big,north,0.0,3,mid
1200.0,170.0,Genova,Appartamento,mid-big,north,0.0,6,mid
900.0,35.0,Genova,Monolocale,mid-big,north,0.0,1,very small
800.0,60.0,Genova,Appartamento,mid-big,north,0.0,5,small
700.0,70.0,Genova,Trilocale,mid-big,north,0.0,3,mid-small
600.0,110.0,Genova,Appartamento,mid-big,north,0.0,5,mid
500.0,70.0,Genova,Quadrilocale,mid-big,north,0.0,4,mid-small
500.0,55.0,Genova,Trilocale,mid-big,north,0.0,3,small
890.0,120.0,Genova,Appartamento,mid-big,north,0.0,6,mid
500.0,50.0,Genova,Bilocale,mid-big,north,0.0,2,small
1200.0,175.0,Genova,Appartamento,mid-big,north,0.0,6,mid
600.0,40.0,Genova,Bilocale,mid-big,north,0.0,2,small
650.0,75.0,Genova,Trilocale,mid-big,north,0.0,3,mid-small
400.0,45.0,Genova,Bilocale,mid-big,north,0.0,2,small
620.0,75.0,Genova,Trilocale,mid-big,north,0.0,3,mid-small
430.0,80.0,Genova,Quadrilocale,mid-big,north,0.0,4,mid-small
365.0,50.0,Genova,Bilocale,mid-big,north,0.0,2,small
750.0,95.0,Genova,Quadrilocale,mid-big,north,0.0,4,mid-small
500.0,60.0,Genova,Trilocale,mid-big,north,0.0,3,small
550.0,100.0,Genova,Appartamento,mid-big,north,0.0,5,mid
580.0,85.0,Genova,Appartamento,mid-big,north,0.0,5,mid-small
500.0,60.0,Genova,Trilocale,mid-big,north,0.0,3,small
650.0,50.0,Genova,Bilocale,mid-big,north,0.0,2,small
600.0,60.0,Genova,Trilocale,mid-big,north,0.0,3,small
440.0,60.0,Genova,Trilocale,mid-big,north,0.0,3,small
500.0,65.0,Genova,Appartamento,mid-big,north,0.0,5,small
450.0,68.0,Genova,Quadrilocale,mid-big,north,0.0,4,small
550.0,70.0,Genova,Trilocale,mid-big,north,0.0,3,mid-small
780.0,60.0,Genova,Trilocale,mid-big,north,0.0,3,small
550.0,55.0,Genova,Trilocale,mid-big,north,0.0,3,small
425.0,45.0,Genova,Bilocale,mid-big,north,0.0,2,small
600.0,45.0,Genova,Trilocale,mid-big,north,0.0,3,small
500.0,80.0,Genova,Quadrilocale,mid-big,north,0.0,4,mid-small
250.0,20.0,Genova,Monolocale,mid-big,north,0.0,1,very small
750.0,100.0,Genova,Appartamento,mid-big,north,0.0,5,mid
490.0,60.0,Genova,Bilocale,mid-big,north,0.0,2,small
600.0,50.0,Genova,Bilocale,mid-big,north,0.0,2,small
420.0,60.0,Genova,Bilocale,mid-big,north,0.0,2,small
720.0,90.0,Genova,Appartamento,mid-big,north,0.0,6,mid-small
500.0,75.0,Genova,Trilocale,mid-big,north,0.0,3,mid-small
500.0,80.0,Genova,Trilocale,mid-big,north,0.0,3,mid-small
850.0,95.0,Genova,Appartamento,mid-big,north,0.0,5,mid-small
750.0,90.0,Genova,Quadrilocale,mid-big,north,0.0,4,mid-small
900.0,60.0,Genova,Bilocale,mid-big,north,0.0,2,small
500.0,65.0,Genova,Appartamento,mid-big,north,0.0,5,small
750.0,80.0,Genova,Bilocale,mid-big,north,0.0,2,mid-small
700.0,55.0,Genova,Trilocale,mid-big,north,0.0,3,small
600.0,80.0,Genova,Trilocale,mid-big,north,0.0,3,mid-small
550.0,60.0,Genova,Trilocale,mid-big,north,0.0,3,small
500.0,65.0,Genova,Trilocale,mid-big,north,0.0,3,small
550.0,40.0,Genova,Monolocale,mid-big,north,0.0,1,small
500.0,90.0,Genova,Trilocale,mid-big,north,0.0,3,mid-small
700.0,120.0,Genova,Quadrilocale,mid-big,north,0.0,4,mid
570.0,90.0,Genova,Quadrilocale,mid-big,north,0.0,4,mid-small
550.0,65.0,Genova,Quadrilocale,mid-big,north,0.0,4,small
600.0,80.0,Genova,Quadrilocale,mid-big,north,0.0,4,mid-small
800.0,80.0,Genova,Quadrilocale,mid-big,north,0.0,4,mid-small
600.0,100.0,Genova,Quadrilocale,mid-big,north,0.0,4,mid
550.0,85.0,Genova,Appartamento,mid-big,north,0.0,5,mid-small
650.0,70.0,Genova,Quadrilocale,mid-big,north,0.0,4,mid-small
500.0,60.0,Genova,Quadrilocale,mid-big,north,0.0,4,small
500.0,78.0,Genova,Quadrilocale,mid-big,north,0.0,4,mid-small
530.0,55.0,Genova,Bilocale,mid-big,north,0.0,2,small
500.0,75.0,Genova,Quadrilocale,mid-big,north,0.0,4,mid-small
550.0,85.0,Genova,Appartamento,mid-big,north,0.0,5,mid-small
590.0,55.0,Genova,Bilocale,mid-big,north,0.0,2,small
480.0,70.0,Genova,Quadrilocale,mid-big,north,0.0,4,mid-small
650.0,70.0,Genova,Appartamento,mid-big,north,0.0,5,mid-small
550.0,105.0,Genova,Appartamento,mid-big,north,0.0,5,mid
500.0,57.0,Genova,Trilocale,mid-big,north,0.0,3,small
500.0,75.0,Genova,Appartamento,mid-big,north,1.0,5,mid-small
420.0,65.0,Genova,Quadrilocale,mid-big,north,1.0,4,small
1200.0,150.0,Genova,Quadrilocale,mid-big,north,1.0,4,mid
500.0,48.0,Genova,Bilocale,mid-big,north,1.0,2,small
450.0,75.0,Genova,Quadrilocale,mid-big,north,1.0,4,mid-small
450.0,35.0,Genova,Bilocale,mid-big,north,1.0,2,very small
600.0,55.0,Genova,Bilocale,mid-big,north,1.0,2,small
500.0,70.0,Genova,Quadrilocale,mid-big,north,1.0,4,mid-small
490.0,50.0,Genova,Trilocale,mid-big,north,1.0,3,small
700.0,85.0,Genova,Appartamento,mid-big,north,1.0,5,mid-small
400.0,55.0,Genova,Bilocale,mid-big,north,1.0,2,small
700.0,140.0,Genova,Appartamento,mid-big,north,1.0,6,mid
480.0,58.0,Genova,Trilocale,mid-big,north,1.0,3,small
500.0,90.0,Genova,Quadrilocale,mid-big,north,1.0,4,mid-small
550.0,110.0,Genova,Appartamento,mid-big,north,1.0,5,mid
750.0,120.0,Genova,Appartamento,mid-big,north,1.0,6,mid
600.0,75.0,Genova,Quadrilocale,mid-big,north,1.0,4,mid-small
350.0,55.0,Genova,Bilocale,mid-big,north,1.0,2,small
650.0,120.0,Genova,Appartamento,mid-big,north,1.0,5,mid
500.0,45.0,Genova,Bilocale,mid-big,north,1.0,2,small
500.0,85.0,Genova,Appartamento,mid-big,north,1.0,5,mid-small
400.0,50.0,Genova,Bilocale,mid-big,north,1.0,2,small
450.0,60.0,Genova,Trilocale,mid-big,north,1.0,3,small
400.0,45.0,Genova,Trilocale,mid-big,north,1.0,3,small
570.0,85.0,Genova,Appartamento,mid-big,north,1.0,5,mid-small
400.0,70.0,Genova,Quadrilocale,mid-big,north,2.0,4,mid-small
700.0,95.0,Genova,Appartamento,mid-big,north,2.0,5,mid-small
500.0,60.0,Genova,Trilocale,mid-big,north,2.0,3,small
750.0,90.0,Genova,Appartamento,mid-big,north,2.0,5,mid-small
650.0,100.0,Genova,Appartamento,mid-big,north,2.0,5,mid
450.0,75.0,Genova,Quadrilocale,mid-big,north,2.0,4,mid-small
550.0,100.0,Genova,Appartamento,mid-big,north,2.0,5,mid
500.0,78.0,Genova,Quadrilocale,mid-big,north,2.0,4,mid-small
400.0,60.0,Genova,Trilocale,mid-big,north,2.0,3,small
750.0,100.0,Genova,Appartamento,mid-big,north,2.0,5,mid
350.0,60.0,Genova,Quadrilocale,mid-big,north,2.0,4,small
700.0,68.0,Genova,Quadrilocale,mid-big,north,2.0,4,small
500.0,55.0,Genova,Quadrilocale,mid-big,north,2.0,4,small
500.0,80.0,Genova,Appartamento,mid-big,north,2.0,5,mid-small
450.0,90.0,Genova,Appartamento,mid-big,north,2.0,5,mid-small
450.0,80.0,Genova,Quadrilocale,mid-big,north,2.0,4,mid-small
700.0,130.0,Genova,Appartamento,mid-big,north,2.0,6,mid
500.0,50.0,Genova,Bilocale,mid-big,north,2.0,2,small
600.0,100.0,Genova,Appartamento,mid-big,north,2.0,5,mid
500.0,50.0,Genova,Bilocale,mid-big,north,2.0,2,small
350.0,55.0,Genova,Trilocale,mid-big,north,2.0,3,small
600.0,88.0,Genova,Appartamento,mid-big,north,2.0,5,mid-small
480.0,90.0,Genova,Appartamento,mid-big,north,2.0,5,mid-small
350.0,70.0,Genova,Appartamento,mid-big,north,2.0,5,mid-small
650.0,75.0,Genova,Quadrilocale,mid-big,north,2.0,4,mid-small
450.0,75.0,Genova,Quadrilocale,mid-big,north,1.0,4,mid-small
600.0,70.0,Genova,Appartamento,mid-big,north,1.0,5,mid-small
450.0,45.0,Genova,Bilocale,mid-big,north,1.0,2,small
380.0,55.0,Genova,Trilocale,mid-big,north,1.0,3,small
540.0,85.0,Genova,Appartamento,mid-big,north,1.0,5,mid-small
600.0,75.0,Genova,Appartamento,mid-big,north,1.0,5,mid-small
580.0,70.0,Genova,Quadrilocale,mid-big,north,1.0,4,mid-small
400.0,45.0,Genova,Monolocale,mid-big,north,1.0,1,small
500.0,55.0,Genova,Bilocale,mid-big,north,1.0,2,small
500.0,75.0,Genova,Quadrilocale,mid-big,north,1.0,4,mid-small
500.0,72.0,Genova,Trilocale,mid-big,north,1.0,3,mid-small
1000.0,100.0,Genova,Quadrilocale,mid-big,north,1.0,4,mid
370.0,55.0,Genova,Bilocale,mid-big,north,1.0,2,small
470.0,60.0,Genova,Trilocale,mid-big,north,1.0,3,small
300.0,45.0,Genova,Bilocale,mid-big,north,1.0,2,small
500.0,45.0,Genova,Monolocale,mid-big,north,1.0,1,small
440.0,70.0,Genova,Quadrilocale,mid-big,north,1.0,4,mid-small
350.0,35.0,Genova,Monolocale,mid-big,north,1.0,1,very small
500.0,90.0,Genova,Monolocale,mid-big,north,1.0,1,mid-small
336.0,40.0,Genova,Open space,mid-big,north,1.0,2,small
770.0,110.0,Genova,Quadrilocale,mid-big,north,1.0,4,mid
2400.0,70.0,Genova,Trilocale,mid-big,north,1.0,3,mid-small
1400.0,45.0,Genova,Monolocale,mid-big,north,1.0,1,small
1100.0,65.0,Genova,Bilocale,mid-big,north,1.0,2,small
750.0,90.0,Genova,Trilocale,mid-big,north,1.0,3,mid-small
800.0,55.0,Genova,Monolocale,mid-big,north,0.0,1,small
504.0,85.0,Genova,Quadrilocale,mid-big,north,0.0,4,mid-small
417.0,50.0,Genova,Monolocale,mid-big,north,0.0,1,small
1300.0,160.0,Genova,Appartamento,mid-big,north,0.0,6,mid
900.0,65.0,Genova,Trilocale,mid-big,north,0.0,3,small
1600.0,300.0,Genova,Palazzo,mid-big,north,0.0,6,large
380.0,60.0,Genova,Bilocale,mid-big,north,0.0,2,small
1450.0,80.0,Genova,Attico,mid-big,north,0.0,3,mid-small
800.0,80.0,Genova,Trilocale,mid-big,north,0.0,3,mid-small
439.0,70.0,Genova,Bilocale,mid-big,north,0.0,2,mid-small
1300.0,150.0,Genova,Appartamento,mid-big,north,0.0,6,mid
600.0,70.0,Genova,Trilocale,mid-big,north,0.0,3,mid-small
650.0,120.0,Genova,Quadrilocale,mid-big,north,0.0,4,mid
1400.0,50.0,Genova,Bilocale,mid-big,north,0.0,2,small
850.0,80.0,Genova,Bilocale,mid-big,north,0.0,2,mid-small
950.0,156.0,Genova,Appartamento,mid-big,north,0.0,5,mid
750.0,90.0,Genova,Trilocale,mid-big,north,0.0,3,mid-small
1100.0,100.0,Genova,Trilocale,mid-big,north,0.0,3,mid
900.0,90.0,Genova,Trilocale,mid-big,north,0.0,3,mid-small
1200.0,172.0,Genova,Appartamento,mid-big,north,0.0,5,mid
450.0,40.0,Genova,Trilocale,mid-big,north,0.0,3,small
640.0,50.0,Genova,Bilocale,mid-big,north,0.0,2,small
450.0,45.0,Genova,Mansarda,mid-big,north,0.0,2,small
1600.0,120.0,Genova,Trilocale,mid-big,north,0.0,3,mid
700.0,130.0,Genova,Quadrilocale,mid-big,north,6.0,4,mid
1111.0,44.0,Genova,Bilocale,mid-big,north,6.0,2,small
320.0,46.0,Genova,Bilocale,mid-big,north,6.0,2,small
620.0,75.0,Genova,Bilocale,mid-big,north,6.0,2,mid-small
1700.0,80.0,Genova,Quadrilocale,mid-big,north,6.0,4,mid-small
650.0,50.0,Genova,Bilocale,mid-big,north,6.0,2,small
550.0,60.0,Genova,Bilocale,mid-big,north,6.0,2,small
750.0,130.0,Genova,Trilocale,mid-big,north,6.0,3,mid
700.0,114.0,Genova,Appartamento,mid-big,north,6.0,5,mid
450.0,76.0,Genova,Bilocale,mid-big,north,6.0,2,mid-small
650.0,95.0,Genova,Quadrilocale,mid-big,north,6.0,4,mid-small
980.0,170.0,Genova,Appartamento,mid-big,north,6.0,6,mid
550.0,45.0,Genova,Monolocale,mid-big,north,6.0,1,small
850.0,80.0,Genova,Trilocale,mid-big,north,6.0,3,mid-small
400.0,60.0,Genova,Bilocale,mid-big,north,6.0,2,small
950.0,110.0,Genova,Trilocale,mid-big,north,6.0,3,mid
550.0,65.0,Genova,Trilocale,mid-big,north,6.0,3,small
600.0,70.0,Genova,Trilocale,mid-big,north,6.0,3,mid-small
700.0,55.0,Genova,Bilocale,mid-big,north,6.0,2,small
500.0,34.0,Genova,Monolocale,mid-big,north,6.0,1,very small
450.0,55.0,Genova,Quadrilocale,mid-big,north,6.0,4,small
1200.0,65.0,Genova,Quadrilocale,mid-big,north,6.0,4,small
1000.0,60.0,Genova,Loft,mid-big,north,6.0,3,small
490.0,72.0,Genova,Trilocale,mid-big,north,0.5,3,mid-small
600.0,60.0,Genova,Trilocale,mid-big,north,0.5,3,small
4000.0,330.0,Napoli,Appartamento,big,south,1.0,6,large
2000.0,105.0,Napoli,Trilocale,big,south,1.0,3,mid
1350.0,50.0,Napoli,Bilocale,big,south,1.0,2,small
900.0,100.0,Napoli,Trilocale,big,south,1.0,3,mid
4000.0,230.0,Napoli,Open space,big,south,1.0,6,large
4000.0,155.0,Napoli,Quadrilocale,big,south,1.0,4,mid
720.0,110.0,Napoli,Quadrilocale,big,south,1.0,4,mid
1100.0,70.0,Napoli,Trilocale,big,south,1.0,3,mid-small
1250.0,50.0,Napoli,Trilocale,big,south,1.0,3,small
790.0,60.0,Napoli,Bilocale,big,south,1.0,2,small
1600.0,110.0,Napoli,Quadrilocale,big,south,1.0,4,mid
750.0,39.0,Napoli,Bilocale,big,south,1.0,2,very small
1150.0,80.0,Napoli,Trilocale,big,south,1.0,3,mid-small
1700.0,140.0,Napoli,Appartamento,big,south,1.0,5,mid
600.0,35.0,Napoli,Monolocale,big,south,1.0,1,very small
690.0,25.0,Napoli,Bilocale,big,south,1.0,2,very small
890.0,95.0,Napoli,Trilocale,big,south,1.0,3,mid-small
2000.0,120.0,Napoli,Appartamento,big,south,1.0,5,mid
1500.0,140.0,Napoli,Appartamento,big,south,1.0,5,mid
500.0,35.0,Napoli,Monolocale,big,south,1.0,1,very small
1100.0,115.0,Napoli,Quadrilocale,big,south,1.0,4,mid
1300.0,120.0,Napoli,Quadrilocale,big,south,1.0,4,mid
920.0,65.0,Napoli,Bilocale,big,south,1.0,2,small
1100.0,100.0,Napoli,Appartamento,big,south,4.0,5,mid
900.0,65.0,Napoli,Bilocale,big,south,4.0,2,small
750.0,83.0,Napoli,Trilocale,big,south,4.0,3,mid-small
2000.0,150.0,Napoli,Quadrilocale,big,south,4.0,4,mid
700.0,83.0,Napoli,Bilocale,big,south,4.0,2,mid-small
1600.0,90.0,Napoli,Trilocale,big,south,4.0,3,mid-small
2500.0,290.0,Napoli,Appartamento,big,south,4.0,5,large
1100.0,150.0,Napoli,Quadrilocale,big,south,4.0,4,mid
1300.0,107.0,Napoli,Quadrilocale,big,south,4.0,4,mid
950.0,100.0,Napoli,Trilocale,big,south,4.0,3,mid
700.0,63.0,Napoli,Trilocale,big,south,4.0,3,small
1100.0,65.0,Napoli,Bilocale,big,south,4.0,2,small
1000.0,110.0,Napoli,Quadrilocale,big,south,4.0,4,mid
1100.0,95.0,Napoli,Trilocale,big,south,4.0,3,mid-small
1400.0,120.0,Napoli,Quadrilocale,big,south,4.0,4,mid
950.0,52.0,Napoli,Mansarda,big,south,4.0,2,small
1700.0,150.0,Napoli,Trilocale,big,south,4.0,3,mid
5000.0,230.0,Napoli,Appartamento,big,south,4.0,6,large
1090.0,80.0,Napoli,Trilocale,big,south,4.0,3,mid-small
1200.0,100.0,Napoli,Quadrilocale,big,south,4.0,4,mid
989.0,70.0,Napoli,Bilocale,big,south,4.0,2,mid-small
1450.0,120.0,Napoli,Quadrilocale,big,south,4.0,4,mid
1200.0,100.0,Napoli,Trilocale,big,south,4.0,3,mid
800.0,60.0,Napoli,Bilocale,big,south,4.0,2,small
950.0,85.0,Napoli,Trilocale,big,south,4.0,3,mid-small
2000.0,121.0,Napoli,Trilocale,big,south,6.0,3,mid
900.0,51.0,Napoli,Bilocale,big,south,6.0,2,small
700.0,70.0,Napoli,Bilocale,big,south,6.0,2,mid-small
700.0,65.0,Napoli,Bilocale,big,south,6.0,2,small
1500.0,105.0,Napoli,Trilocale,big,south,6.0,3,mid
2900.0,121.0,Napoli,Appartamento,big,south,6.0,5,mid
1800.0,40.0,Napoli,Bilocale,big,south,6.0,2,small
650.0,101.0,Napoli,Trilocale,big,south,6.0,3,mid
550.0,135.0,Napoli,Trilocale,big,south,6.0,3,mid
650.0,80.0,Napoli,Trilocale,big,south,6.0,3,mid-small
700.0,50.0,Napoli,Bilocale,big,south,6.0,2,small
1100.0,85.0,Napoli,Trilocale,big,south,6.0,3,mid-small
725.0,60.0,Napoli,Bilocale,big,south,6.0,2,small
1700.0,125.0,Napoli,Appartamento,big,south,6.0,5,mid
750.0,55.0,Napoli,Bilocale,big,south,6.0,2,small
1200.0,88.0,Napoli,Trilocale,big,south,6.0,3,mid-small
1000.0,110.0,Napoli,Quadrilocale,big,south,6.0,4,mid
1100.0,90.0,Napoli,Trilocale,big,south,6.0,3,mid-small
700.0,130.0,Napoli,Quadrilocale,big,south,6.0,4,mid
500.0,70.0,Napoli,Trilocale,big,south,6.0,3,mid-small
1500.0,200.0,Napoli,Trilocale,big,south,6.0,3,large
1250.0,70.0,Napoli,Bilocale,big,south,6.0,2,mid-small
1300.0,95.0,Napoli,Quadrilocale,big,south,6.0,4,mid-small
680.0,90.0,Napoli,Trilocale,big,south,6.0,3,mid-small
800.0,95.0,Napoli,Trilocale,big,south,6.0,3,mid-small
1250.0,120.0,Napoli,Trilocale,big,south,3.0,3,mid
300.0,30.0,Napoli,Monolocale,big,south,3.0,1,very small
1100.0,56.0,Napoli,Trilocale,big,south,3.0,3,small
3000.0,400.0,Napoli,Villa,big,south,3.0,6,very large
650.0,74.0,Napoli,Trilocale,big,south,3.0,3,mid-small
490.0,28.0,Napoli,Monolocale,big,south,3.0,1,very small
1300.0,130.0,Napoli,Quadrilocale,big,south,3.0,4,mid
700.0,100.0,Napoli,Trilocale,big,south,3.0,3,mid
900.0,65.0,Napoli,Bilocale,big,south,3.0,2,small
750.0,90.0,Napoli,Trilocale,big,south,3.0,3,mid-small
850.0,75.0,Napoli,Bilocale,big,south,3.0,2,mid-small
2200.0,85.0,Napoli,Trilocale,big,south,3.0,3,mid-small
600.0,70.0,Napoli,Trilocale,big,south,3.0,3,mid-small
3500.0,200.0,Napoli,Appartamento,big,south,3.0,6,large
500.0,40.0,Napoli,Bilocale,big,south,3.0,2,small
1200.0,116.0,Napoli,Appartamento,big,south,3.0,5,mid
700.0,51.0,Napoli,Trilocale,big,south,3.0,3,small
1600.0,135.0,Napoli,Appartamento,big,south,3.0,6,mid
1700.0,105.0,Napoli,Quadrilocale,big,south,3.0,4,mid
800.0,120.0,Napoli,Appartamento,big,south,3.0,6,mid
1500.0,70.0,Napoli,Quadrilocale,big,south,3.0,4,mid-small
1250.0,75.0,Napoli,Trilocale,big,south,3.0,3,mid-small
670.0,30.0,Napoli,Bilocale,big,south,3.0,2,very small
450.0,103.0,Napoli,Quadrilocale,big,south,4.0,4,mid
1700.0,140.0,Napoli,Appartamento,big,south,4.0,5,mid
1200.0,120.0,Napoli,Quadrilocale,big,south,4.0,4,mid
1250.0,100.0,Napoli,Trilocale,big,south,4.0,3,mid
1300.0,192.0,Napoli,Appartamento,big,south,4.0,6,mid
500.0,35.0,Napoli,Monolocale,big,south,4.0,1,very small
900.0,130.0,Napoli,Quadrilocale,big,south,4.0,4,mid
900.0,109.0,Napoli,Trilocale,big,south,4.0,3,mid
1900.0,107.0,Napoli,Quadrilocale,big,south,4.0,4,mid
700.0,35.0,Napoli,Bilocale,big,south,4.0,2,very small
1000.0,100.0,Napoli,Trilocale,big,south,4.0,3,mid
850.0,115.0,Napoli,Quadrilocale,big,south,4.0,4,mid
400.0,40.0,Napoli,Bilocale,big,south,4.0,2,small
1650.0,135.0,Napoli,Quadrilocale,big,south,4.0,4,mid
280.0,50.0,Napoli,Monolocale,big,south,4.0,1,small
1800.0,119.0,Napoli,Trilocale,big,south,4.0,3,mid
350.0,28.0,Napoli,Monolocale,big,south,4.0,1,very small
650.0,50.0,Napoli,Bilocale,big,south,4.0,2,small
300.0,30.0,Napoli,Monolocale,big,south,4.0,1,very small
300.0,20.0,Napoli,Monolocale,big,south,4.0,1,very small
830.0,50.0,Napoli,Bilocale,big,south,4.0,2,small
1250.0,120.0,Napoli,Trilocale,big,south,4.0,3,mid
800.0,50.0,Napoli,Bilocale,big,south,4.0,2,small
1100.0,185.0,Napoli,Quadrilocale,big,south,4.0,4,mid
1100.0,110.0,Napoli,Trilocale,big,south,1.0,3,mid
1600.0,120.0,Napoli,Bilocale,big,south,1.0,2,mid
600.0,70.0,Napoli,Bilocale,big,south,1.0,2,mid-small
1200.0,120.0,Napoli,Quadrilocale,big,south,1.0,4,mid
1800.0,153.0,Napoli,Appartamento,big,south,1.0,6,mid
950.0,115.0,Napoli,Trilocale,big,south,1.0,3,mid
550.0,35.0,Napoli,Bilocale,big,south,1.0,2,very small
400.0,25.0,Napoli,Monolocale,big,south,1.0,1,very small
1200.0,95.0,Napoli,Trilocale,big,south,1.0,3,mid-small
3500.0,208.0,Napoli,Appartamento,big,south,1.0,6,large
700.0,40.0,Napoli,Bilocale,big,south,1.0,2,small
600.0,47.0,Napoli,Bilocale,big,south,1.0,2,small
2700.0,144.0,Napoli,Appartamento,big,south,1.0,5,mid
800.0,60.0,Napoli,Bilocale,big,south,1.0,2,small
2700.0,212.0,Napoli,Appartamento,big,south,1.0,5,large
500.0,35.0,Napoli,Monolocale,big,south,1.0,1,very small
900.0,55.0,Napoli,Bilocale,big,south,1.0,2,small
350.0,30.0,Napoli,Monolocale,big,south,1.0,1,very small
780.0,46.0,Napoli,Bilocale,big,south,1.0,2,small
900.0,60.0,Napoli,Bilocale,big,south,1.0,2,small
1600.0,75.0,Napoli,Bilocale,big,south,1.0,2,mid-small
4000.0,156.0,Napoli,Appartamento,big,south,1.0,5,mid
3500.0,200.0,Napoli,Appartamento,big,south,1.0,6,large
1600.0,75.0,Napoli,Trilocale,big,south,1.0,3,mid-small
650.0,50.0,Napoli,Bilocale,big,south,1.0,2,small
1650.0,120.0,Napoli,Quadrilocale,big,south,0.5,4,mid
1000.0,65.0,Napoli,Quadrilocale,big,south,0.5,4,small
800.0,60.0,Napoli,Trilocale,big,south,0.5,3,small
1300.0,180.0,Napoli,Appartamento,big,south,0.5,6,mid
550.0,65.0,Napoli,Trilocale,big,south,0.5,3,small
3500.0,150.0,Napoli,Quadrilocale,big,south,0.5,4,mid
1300.0,105.0,Napoli,Trilocale,big,south,0.5,3,mid
500.0,45.0,Napoli,Monolocale,big,south,0.5,1,small
1300.0,85.0,Napoli,Trilocale,big,south,0.5,3,mid-small
650.0,65.0,Napoli,Trilocale,big,south,0.5,3,small
1000.0,60.0,Napoli,Bilocale,big,south,0.5,2,small
2000.0,170.0,Napoli,Appartamento,big,south,0.5,5,mid
1500.0,90.0,Napoli,Trilocale,big,south,0.5,3,mid-small
1250.0,95.0,Napoli,Trilocale,big,south,0.5,3,mid-small
1300.0,60.0,Napoli,Bilocale,big,south,0.5,2,small
350.0,46.0,Napoli,Quadrilocale,big,south,0.5,4,small
800.0,110.0,Napoli,Quadrilocale,big,south,0.5,4,mid
2000.0,120.0,Napoli,Quadrilocale,big,south,0.5,4,mid
980.0,35.0,Napoli,Bilocale,big,south,0.5,2,very small
550.0,90.0,Napoli,Trilocale,big,south,0.5,3,mid-small
750.0,55.0,Napoli,Bilocale,big,south,0.5,2,small
1900.0,145.0,Napoli,Appartamento,big,south,0.5,5,mid
800.0,112.0,Napoli,Trilocale,big,south,0.5,3,mid
600.0,59.0,Napoli,Bilocale,big,south,0.5,2,small
1400.0,100.0,Napoli,Trilocale,big,south,0.5,3,mid
1400.0,90.0,Napoli,Bilocale,big,south,5.0,2,mid-small
1850.0,135.0,Napoli,Appartamento,big,south,5.0,5,mid
700.0,50.0,Napoli,Bilocale,big,south,5.0,2,small
1000.0,80.0,Napoli,Trilocale,big,south,5.0,3,mid-small
950.0,100.0,Napoli,Villa,big,south,5.0,2,mid
700.0,70.0,Napoli,Trilocale,big,south,5.0,3,mid-small
1200.0,120.0,Napoli,Quadrilocale,big,south,5.0,4,mid
600.0,38.0,Napoli,Bilocale,big,south,5.0,2,very small
1700.0,100.0,Napoli,Trilocale,big,south,5.0,3,mid
1000.0,45.0,Napoli,Bilocale,big,south,5.0,2,small
2500.0,160.0,Napoli,Appartamento,big,south,5.0,5,mid
1500.0,65.0,Napoli,Bilocale,big,south,5.0,2,small
1000.0,90.0,Napoli,Trilocale,big,south,5.0,3,mid-small
480.0,32.0,Napoli,Monolocale,big,south,5.0,1,very small
1000.0,60.0,Napoli,Bilocale,big,south,5.0,2,small
1350.0,100.0,Napoli,Appartamento,big,south,5.0,5,mid
1500.0,115.0,Napoli,Quadrilocale,big,south,5.0,4,mid
1150.0,150.0,Napoli,Appartamento,big,south,5.0,5,mid
3500.0,220.0,Napoli,Appartamento,big,south,5.0,6,large
4000.0,330.0,Napoli,Appartamento,big,south,5.0,6,large
3500.0,135.0,Napoli,Quadrilocale,big,south,5.0,4,mid
1300.0,130.0,Napoli,Appartamento,big,south,5.0,5,mid
7000.0,160.0,Napoli,Appartamento,big,south,5.0,5,mid
800.0,30.0,Napoli,Monolocale,big,south,5.0,1,very small
750.0,35.0,Napoli,Monolocale,big,south,5.0,1,very small
3000.0,300.0,Napoli,Appartamento,big,south,1.0,6,large
890.0,90.0,Napoli,Trilocale,big,south,1.0,3,mid-small
4000.0,300.0,Napoli,Appartamento,big,south,1.0,6,large
3000.0,230.0,Napoli,Appartamento,big,south,1.0,6,large
950.0,50.0,Napoli,Bilocale,big,south,1.0,2,small
2000.0,120.0,Napoli,Quadrilocale,big,south,1.0,4,mid
2200.0,130.0,Napoli,Quadrilocale,big,south,1.0,4,mid
1200.0,65.0,Napoli,Trilocale,big,south,1.0,3,small
800.0,45.0,Napoli,Bilocale,big,south,1.0,2,small
800.0,90.0,Napoli,Trilocale,big,south,1.0,3,mid-small
750.0,104.0,Napoli,Trilocale,big,south,1.0,3,mid
1500.0,120.0,Napoli,Quadrilocale,big,south,1.0,4,mid
600.0,50.0,Napoli,Bilocale,big,south,1.0,2,small
700.0,90.0,Napoli,Trilocale,big,south,1.0,3,mid-small
1000.0,60.0,Napoli,Bilocale,big,south,1.0,2,small
1300.0,130.0,Napoli,Quadrilocale,big,south,1.0,4,mid
1500.0,70.0,Napoli,Attico,big,south,1.0,3,mid-small
1350.0,70.0,Napoli,Trilocale,big,south,1.0,3,mid-small
850.0,90.0,Napoli,Bilocale,big,south,1.0,2,mid-small
750.0,100.0,Napoli,Trilocale,big,south,1.0,3,mid
1000.0,40.0,Napoli,Bilocale,big,south,1.0,2,small
1000.0,110.0,Napoli,Quadrilocale,big,south,1.0,4,mid
1250.0,125.0,Napoli,Appartamento,big,south,1.0,5,mid
2200.0,150.0,Napoli,Appartamento,big,south,1.0,6,mid
1300.0,125.0,Napoli,Quadrilocale,big,south,1.0,4,mid
1300.0,118.0,Napoli,Quadrilocale,big,south,0.0,4,mid
2600.0,138.0,Napoli,Trilocale,big,south,0.0,3,mid
750.0,50.0,Napoli,Bilocale,big,south,0.0,2,small
700.0,60.0,Napoli,Bilocale,big,south,0.0,2,small
3700.0,130.0,Napoli,Appartamento,big,south,0.0,6,mid
1100.0,55.0,Napoli,Bilocale,big,south,0.0,2,small
750.0,69.0,Napoli,Bilocale,big,south,0.0,2,small
500.0,128.0,Napoli,Bilocale,big,south,0.0,2,mid
1100.0,100.0,Napoli,Quadrilocale,big,south,0.0,4,mid
1500.0,90.0,Napoli,Appartamento,big,south,0.0,5,mid-small
1000.0,50.0,Napoli,Bilocale,big,south,0.0,2,small
900.0,50.0,Napoli,Bilocale,big,south,0.0,2,small
1000.0,50.0,Napoli,Bilocale,big,south,0.0,2,small
1700.0,50.0,Napoli,Attico,big,south,0.0,2,small
5000.0,300.0,Napoli,Appartamento,big,south,0.0,6,large
3500.0,372.0,Napoli,Attico,big,south,0.0,6,large
1900.0,150.0,Napoli,Appartamento,big,south,0.0,5,mid
1500.0,80.0,Napoli,Trilocale,big,south,0.0,3,mid-small
750.0,34.0,Napoli,Bilocale,big,south,0.0,2,very small
1200.0,100.0,Napoli,Quadrilocale,big,south,0.0,4,mid
2000.0,125.0,Napoli,Quadrilocale,big,south,0.0,4,mid
600.0,37.0,Napoli,Monolocale,big,south,0.0,1,very small
1100.0,50.0,Napoli,Bilocale,big,south,0.0,2,small
1300.0,120.0,Napoli,Appartamento,big,south,0.0,5,mid
900.0,80.0,Napoli,Trilocale,big,south,0.0,3,mid-small
1300.0,65.0,Napoli,Bilocale,big,south,4.0,2,small
1450.0,125.0,Napoli,Quadrilocale,big,south,4.0,4,mid
550.0,31.0,Napoli,Monolocale,big,south,4.0,1,very small
770.0,45.0,Napoli,Bilocale,big,south,4.0,2,small
750.0,50.0,Napoli,Bilocale,big,south,4.0,2,small
1100.0,115.0,Napoli,Quadrilocale,big,south,4.0,4,mid
850.0,84.0,Napoli,Trilocale,big,south,4.0,3,mid-small
550.0,77.0,Napoli,Monolocale,big,south,4.0,1,mid-small
2100.0,140.0,Napoli,Attico,big,south,4.0,6,mid
1800.0,140.0,Napoli,Appartamento,big,south,4.0,5,mid
900.0,80.0,Napoli,Trilocale,big,south,4.0,3,mid-small
1400.0,138.0,Napoli,Appartamento,big,south,4.0,5,mid
650.0,85.0,Napoli,Trilocale,big,south,4.0,3,mid-small
600.0,95.0,Napoli,Trilocale,big,south,4.0,3,mid-small
800.0,110.0,Napoli,Quadrilocale,big,south,4.0,4,mid
500.0,90.0,Napoli,Trilocale,big,south,4.0,3,mid-small
700.0,120.0,Napoli,Appartamento,big,south,4.0,5,mid
5000.0,200.0,Napoli,Attico,big,south,4.0,6,large
800.0,50.0,Napoli,Bilocale,big,south,4.0,2,small
2200.0,85.0,Napoli,Attico,big,south,4.0,4,mid-small
800.0,110.0,Napoli,Trilocale,big,south,4.0,3,mid
2450.0,168.0,Napoli,Appartamento,big,south,4.0,6,mid
1300.0,124.0,Napoli,Trilocale,big,south,4.0,3,mid
500.0,82.0,Napoli,Monolocale,big,south,4.0,1,mid-small
1400.0,110.0,Napoli,Attico,big,south,4.0,3,mid
580.0,45.0,Napoli,Bilocale,big,south,3.0,2,small
1400.0,120.0,Napoli,Quadrilocale,big,south,3.0,4,mid
580.0,45.0,Napoli,Monolocale,big,south,3.0,1,small
650.0,40.0,Napoli,Bilocale,big,south,3.0,2,small
2600.0,180.0,Napoli,Appartamento,big,south,3.0,6,mid
1300.0,144.0,Napoli,Trilocale,big,south,3.0,3,mid
950.0,105.0,Napoli,Trilocale,big,south,3.0,3,mid
1250.0,105.0,Napoli,Trilocale,big,south,3.0,3,mid
900.0,110.0,Napoli,Trilocale,big,south,3.0,3,mid
800.0,80.0,Napoli,Trilocale,big,south,3.0,3,mid-small
2000.0,80.0,Napoli,Quadrilocale,big,south,3.0,4,mid-small
1500.0,80.0,Napoli,Appartamento,big,south,3.0,5,mid-small
1400.0,100.0,Napoli,Trilocale,big,south,3.0,3,mid
650.0,85.0,Napoli,Trilocale,big,south,3.0,3,mid-small
2500.0,118.0,Napoli,Trilocale,big,south,3.0,3,mid
600.0,50.0,Napoli,Bilocale,big,south,3.0,2,small
500.0,25.0,Napoli,Monolocale,big,south,3.0,1,very small
1250.0,60.0,Napoli,Bilocale,big,south,3.0,2,small
850.0,76.0,Napoli,Trilocale,big,south,3.0,3,mid-small
350.0,110.0,Napoli,Monolocale,big,south,3.0,1,mid
1500.0,50.0,Napoli,Bilocale,big,south,3.0,2,small
600.0,95.0,Napoli,Trilocale,big,south,3.0,3,mid-small
600.0,60.0,Napoli,Bilocale,big,south,3.0,2,small
900.0,65.0,Napoli,Bilocale,big,south,3.0,2,small
400.0,40.0,Napoli,Bilocale,big,south,3.0,2,small
1400.0,75.0,Napoli,Trilocale,big,south,0.0,3,mid-small
2000.0,93.0,Napoli,Trilocale,big,south,0.0,3,mid-small
1700.0,110.0,Napoli,Trilocale,big,south,0.0,3,mid
1200.0,90.0,Napoli,Trilocale,big,south,0.0,3,mid-small
650.0,50.0,Napoli,Bilocale,big,south,0.0,2,small
1800.0,220.0,Napoli,Quadrilocale,big,south,0.0,4,large
750.0,30.0,Napoli,Monolocale,big,south,0.0,1,very small
1200.0,55.0,Napoli,Bilocale,big,south,0.0,2,small
1200.0,80.0,Napoli,Trilocale,big,south,0.0,3,mid-small
1300.0,120.0,Napoli,Quadrilocale,big,south,0.0,4,mid
500.0,45.0,Napoli,Bilocale,big,south,0.0,2,small
1150.0,85.0,Napoli,Quadrilocale,big,south,0.0,4,mid-small
1700.0,150.0,Napoli,Quadrilocale,big,south,0.0,4,mid
800.0,70.0,Napoli,Trilocale,big,south,0.0,3,mid-small
1300.0,55.0,Napoli,Bilocale,big,south,0.0,2,small
1900.0,25.0,Napoli,Monolocale,big,south,0.0,1,very small
1600.0,100.0,Napoli,Trilocale,big,south,0.0,3,mid
1500.0,60.0,Napoli,Bilocale,big,south,0.0,2,small
2700.0,170.0,Napoli,Appartamento,big,south,0.0,6,mid
500.0,47.0,Napoli,Bilocale,big,south,0.0,2,small
750.0,55.0,Napoli,Bilocale,big,south,0.0,2,small
780.0,30.0,Napoli,Bilocale,big,south,0.0,2,very small
4500.0,180.0,Napoli,Appartamento,big,south,0.0,5,mid
1400.0,118.0,Napoli,Quadrilocale,big,south,0.0,4,mid
1400.0,75.0,Napoli,Trilocale,big,south,1.0,3,mid-small
2300.0,90.0,Napoli,Trilocale,big,south,1.0,3,mid-small
1200.0,120.0,Napoli,Appartamento,big,south,1.0,5,mid
1200.0,75.0,Napoli,Trilocale,big,south,1.0,3,mid-small
1500.0,80.0,Napoli,Trilocale,big,south,1.0,3,mid-small
1300.0,180.0,Napoli,Appartamento,big,south,1.0,6,mid
1000.0,50.0,Napoli,Mansarda,big,south,1.0,2,small
450.0,20.0,Napoli,Monolocale,big,south,1.0,1,very small
2500.0,150.0,Napoli,Quadrilocale,big,south,1.0,4,mid
1000.0,60.0,Napoli,Trilocale,big,south,1.0,3,small
1400.0,95.0,Napoli,Quadrilocale,big,south,1.0,4,mid-small
1300.0,190.0,Napoli,Appartamento,big,south,1.0,6,mid
2500.0,250.0,Napoli,Appartamento,big,south,1.0,6,large
3500.0,200.0,Napoli,Quadrilocale,big,south,1.0,4,large
900.0,100.0,Napoli,Quadrilocale,big,south,1.0,4,mid
2700.0,150.0,Napoli,Appartamento,big,south,1.0,6,mid
900.0,70.0,Napoli,Bilocale,big,south,1.0,2,mid-small
2100.0,110.0,Napoli,Trilocale,big,south,1.0,3,mid
1750.0,100.0,Napoli,Quadrilocale,big,south,1.0,4,mid
3500.0,110.0,Napoli,Attico,big,south,1.0,6,mid
900.0,80.0,Napoli,Trilocale,big,south,1.0,3,mid-small
900.0,100.0,Napoli,Quadrilocale,big,south,1.0,4,mid
1350.0,180.0,Napoli,Appartamento,big,south,1.0,6,mid
3500.0,220.0,Napoli,Appartamento,big,south,1.0,6,large
1200.0,130.0,Napoli,Appartamento,big,south,0.5,5,mid
1000.0,50.0,Napoli,Bilocale,big,south,0.5,2,small
1100.0,66.0,Napoli,Bilocale,big,south,0.5,2,small
800.0,43.0,Napoli,Bilocale,big,south,0.5,2,small
1000.0,81.0,Napoli,Trilocale,big,south,0.5,3,mid-small
1250.0,105.0,Napoli,Quadrilocale,big,south,0.5,4,mid
850.0,60.0,Napoli,Bilocale,big,south,0.5,2,small
2800.0,130.0,Napoli,Trilocale,big,south,0.5,3,mid
1000.0,80.0,Napoli,Trilocale,big,south,0.5,3,mid-small
1300.0,90.0,Napoli,Trilocale,big,south,0.5,3,mid-small
2500.0,90.0,Napoli,Appartamento,big,south,0.5,6,mid-small
1250.0,90.0,Napoli,Quadrilocale,big,south,0.5,4,mid-small
1500.0,120.0,Napoli,Appartamento,big,south,0.5,5,mid
1200.0,120.0,Napoli,Quadrilocale,big,south,0.5,4,mid
1000.0,65.0,Napoli,Trilocale,big,south,0.5,3,small
5000.0,300.0,Napoli,Palazzo,big,south,0.5,6,large
1668.0,139.0,Napoli,Palazzo,big,south,0.5,5,mid
2100.0,185.0,Napoli,Appartamento,big,south,0.5,6,mid
2200.0,250.0,Napoli,Villa,big,south,0.5,6,large
3700.0,300.0,Napoli,Appartamento,big,south,0.5,6,large
650.0,40.0,Napoli,Monolocale,big,south,0.5,1,small
1800.0,200.0,Napoli,Appartamento,big,south,0.5,6,large
4500.0,180.0,Napoli,Appartamento,big,south,0.5,6,mid
550.0,52.0,Napoli,Bilocale,big,south,0.5,2,small
800.0,90.0,Napoli,Trilocale,big,south,0.5,3,mid-small
900.0,80.0,Napoli,Bilocale,big,south,2.0,2,mid-small
2500.0,150.0,Napoli,Appartamento,big,south,2.0,6,mid
825.0,120.0,Napoli,Appartamento,big,south,2.0,5,mid
580.0,55.0,Napoli,Bilocale,big,south,2.0,2,small
1800.0,120.0,Napoli,Quadrilocale,big,south,2.0,4,mid
1000.0,80.0,Napoli,Trilocale,big,south,2.0,3,mid-small
1300.0,80.0,Napoli,Trilocale,big,south,2.0,3,mid-small
1100.0,80.0,Napoli,Trilocale,big,south,2.0,3,mid-small
550.0,80.0,Napoli,Trilocale,big,south,2.0,3,mid-small
5000.0,300.0,Napoli,Villa,big,south,2.0,4,large
950.0,65.0,Napoli,Bilocale,big,south,2.0,2,small
750.0,60.0,Napoli,Trilocale,big,south,2.0,3,small
1000.0,90.0,Napoli,Appartamento,big,south,2.0,5,mid-small
1000.0,130.0,Napoli,Appartamento,big,south,2.0,5,mid
2800.0,180.0,Napoli,Attico,big,south,2.0,4,mid
600.0,100.0,Napoli,Appartamento,big,south,2.0,5,mid
3300.0,170.0,Napoli,Appartamento,big,south,2.0,6,mid
1600.0,104.0,Napoli,Quadrilocale,big,south,2.0,4,mid
500.0,80.0,Napoli,Trilocale,big,south,2.0,3,mid-small
1400.0,80.0,Napoli,Trilocale,big,south,2.0,3,mid-small
1100.0,100.0,Napoli,Quadrilocale,big,south,2.0,4,mid
450.0,40.0,Napoli,Monolocale,big,south,2.0,1,small
1200.0,110.0,Napoli,Quadrilocale,big,south,2.0,4,mid
600.0,50.0,Napoli,Monolocale,big,south,2.0,1,small
3000.0,250.0,Napoli,Villa,big,south,5.0,6,large
3500.0,180.0,Napoli,Appartamento,big,south,5.0,6,mid
2000.0,140.0,Napoli,Quadrilocale,big,south,5.0,4,mid
650.0,55.0,Napoli,Bilocale,big,south,5.0,2,small
1300.0,140.0,Napoli,Appartamento,big,south,5.0,5,mid
2300.0,98.0,Napoli,Quadrilocale,big,south,5.0,4,mid-small
3000.0,260.0,Napoli,Appartamento,big,south,5.0,6,large
1000.0,50.0,Napoli,Bilocale,big,south,5.0,2,small
800.0,50.0,Napoli,Bilocale,big,south,5.0,2,small
750.0,55.0,Napoli,Trilocale,big,south,5.0,3,small
550.0,52.0,Napoli,Bilocale,big,south,5.0,2,small
4000.0,224.0,Napoli,Appartamento,big,south,5.0,6,large
460.0,25.0,Napoli,Monolocale,big,south,5.0,1,very small
780.0,30.0,Napoli,Monolocale,big,south,5.0,1,very small
4000.0,153.0,Napoli,Quadrilocale,big,south,5.0,4,mid
3900.0,190.0,Napoli,Appartamento,big,south,5.0,5,mid
1000.0,70.0,Napoli,Trilocale,big,south,5.0,3,mid-small
650.0,70.0,Napoli,Bilocale,big,south,5.0,2,mid-small
450.0,40.0,Napoli,Bilocale,big,south,5.0,2,small
1000.0,62.0,Napoli,Trilocale,big,south,5.0,3,small
650.0,60.0,Napoli,Trilocale,big,south,5.0,3,small
1300.0,50.0,Napoli,Bilocale,big,south,5.0,2,small
1200.0,60.0,Napoli,Bilocale,big,south,0.0,2,small
400.0,25.0,Napoli,Monolocale,big,south,0.0,1,very small
2600.0,225.0,Napoli,Appartamento,big,south,0.0,6,large
1000.0,75.0,Napoli,Trilocale,big,south,0.0,3,mid-small
2800.0,190.0,Napoli,Attico,big,south,0.0,6,mid
1400.0,135.0,Napoli,Appartamento,big,south,0.0,5,mid
3500.0,427.0,Napoli,Appartamento,big,south,0.0,6,very large
550.0,50.0,Napoli,Bilocale,big,south,0.0,2,small
1350.0,85.0,Napoli,Trilocale,big,south,0.0,3,mid-small
3500.0,250.0,Napoli,Appartamento,big,south,0.0,6,large
4500.0,220.0,Napoli,Appartamento,big,south,0.0,6,large
1500.0,120.0,Napoli,Trilocale,big,south,0.0,3,mid
860.0,80.0,Napoli,Trilocale,big,south,0.0,3,mid-small
2300.0,120.0,Napoli,Quadrilocale,big,south,0.0,4,mid
2500.0,140.0,Napoli,Appartamento,big,south,0.0,4,mid
700.0,65.0,Napoli,Bilocale,big,south,0.0,2,small
850.0,140.0,Napoli,Quadrilocale,big,south,0.0,4,mid
2000.0,126.0,Napoli,Quadrilocale,big,south,0.0,4,mid
1700.0,140.0,Napoli,Quadrilocale,big,south,0.0,4,mid
1890.0,140.0,Napoli,Appartamento,big,south,0.0,5,mid
1200.0,70.0,Napoli,Bilocale,big,south,0.0,2,mid-small
3500.0,250.0,Napoli,Appartamento,big,south,0.0,6,large
700.0,32.0,Napoli,Monolocale,big,south,2.0,1,very small
1000.0,120.0,Napoli,Quadrilocale,big,south,2.0,4,mid
400.0,30.0,Napoli,Monolocale,big,south,2.0,1,very small
1300.0,60.0,Napoli,Bilocale,big,south,2.0,2,small
3000.0,150.0,Napoli,Quadrilocale,big,south,2.0,4,mid
2900.0,145.0,Napoli,Appartamento,big,south,2.0,6,mid
3400.0,195.0,Napoli,Appartamento,big,south,2.0,6,mid
500.0,50.0,Napoli,Bilocale,big,south,2.0,2,small
4000.0,150.0,Napoli,Quadrilocale,big,south,2.0,4,mid
2500.0,150.0,Napoli,Appartamento,big,south,2.0,5,mid
650.0,55.0,Napoli,Bilocale,big,south,2.0,2,small
400.0,33.0,Napoli,Monolocale,big,south,2.0,1,very small
850.0,70.0,Napoli,Bilocale,big,south,2.0,2,mid-small
950.0,110.0,Napoli,Trilocale,big,south,2.0,3,mid
600.0,150.0,Napoli,Monolocale,big,south,2.0,1,mid
1000.0,48.0,Napoli,Bilocale,big,south,2.0,2,small
1500.0,150.0,Napoli,Attico,big,south,2.0,3,mid
650.0,80.0,Napoli,Quadrilocale,big,south,2.0,4,mid-small
650.0,80.0,Napoli,Quadrilocale,big,south,2.0,4,mid-small
3500.0,170.0,Napoli,Trilocale,big,south,2.0,3,mid
500.0,40.0,Napoli,Bilocale,big,south,2.0,2,small
1200.0,143.0,Napoli,Quadrilocale,big,south,0.0,4,mid
1050.0,90.0,Napoli,Trilocale,big,south,0.0,3,mid-small
1199.0,140.0,Napoli,Appartamento,big,south,0.0,6,mid
450.0,40.0,Napoli,Monolocale,big,south,0.0,1,small
1100.0,45.0,Napoli,Bilocale,big,south,0.0,2,small
1100.0,100.0,Napoli,Quadrilocale,big,south,0.0,4,mid
1300.0,50.0,Napoli,Bilocale,big,south,0.0,2,small
1200.0,70.0,Napoli,Bilocale,big,south,0.0,2,mid-small
1200.0,95.0,Napoli,Bilocale,big,south,0.0,2,mid-small
750.0,60.0,Napoli,Bilocale,big,south,0.0,2,small
1900.0,145.0,Napoli,Quadrilocale,big,south,0.0,4,mid
750.0,63.0,Napoli,Bilocale,big,south,0.0,2,small
650.0,95.0,Napoli,Bilocale,big,south,0.0,2,mid-small
800.0,70.0,Napoli,Bilocale,big,south,0.0,2,mid-small
600.0,40.0,Napoli,Trilocale,big,south,0.0,3,small
600.0,70.0,Napoli,Bilocale,big,south,0.0,2,mid-small
1800.0,40.0,Napoli,Bilocale,big,south,0.0,2,small
750.0,55.0,Napoli,Bilocale,big,south,0.0,2,small
550.0,40.0,Napoli,Monolocale,big,south,0.0,1,small
700.0,30.0,Napoli,Bilocale,big,south,0.0,2,very small
1300.0,130.0,Napoli,Quadrilocale,big,south,0.0,4,mid
1900.0,190.0,Napoli,Appartamento,big,south,0.0,5,mid
2900.0,160.0,Napoli,Quadrilocale,big,south,3.0,4,mid
1000.0,80.0,Napoli,Trilocale,big,south,3.0,3,mid-small
1130.0,75.0,Napoli,Trilocale,big,south,3.0,3,mid-small
800.0,80.0,Napoli,Trilocale,big,south,3.0,3,mid-small
1000.0,100.0,Napoli,Bilocale,big,south,3.0,2,mid
1000.0,105.0,Napoli,Quadrilocale,big,south,3.0,4,mid
1250.0,40.0,Napoli,Bilocale,big,south,3.0,2,small
820.0,40.0,Napoli,Trilocale,big,south,3.0,3,small
1300.0,120.0,Napoli,Appartamento,big,south,3.0,5,mid
600.0,90.0,Napoli,Trilocale,big,south,3.0,3,mid-small
1800.0,50.0,Napoli,Bilocale,big,south,3.0,2,small
1000.0,80.0,Napoli,Trilocale,big,south,3.0,3,mid-small
1500.0,110.0,Napoli,Trilocale,big,south,3.0,3,mid
1300.0,120.0,Napoli,Quadrilocale,big,south,3.0,4,mid
490.0,240.0,Napoli,Appartamento,big,south,3.0,6,large
800.0,75.0,Napoli,Trilocale,big,south,3.0,3,mid-small
850.0,50.0,Napoli,Bilocale,big,south,3.0,2,small
950.0,40.0,Napoli,Bilocale,big,south,3.0,2,small
900.0,80.0,Napoli,Trilocale,big,south,3.0,3,mid-small
750.0,40.0,Napoli,Bilocale,big,south,3.0,2,small
1100.0,56.0,Napoli,Palazzo,big,south,3.0,3,small
1400.0,85.0,Napoli,Quadrilocale,big,south,3.0,4,mid-small
850.0,50.0,Napoli,Bilocale,big,south,3.0,2,small
550.0,60.0,Napoli,Bilocale,big,south,3.0,2,small
350.0,97.0,Napoli,Appartamento,big,south,3.0,5,mid-small
750.0,35.0,Napoli,Bilocale,big,south,1.0,2,very small
1200.0,80.0,Napoli,Bilocale,big,south,1.0,2,mid-small
600.0,35.0,Napoli,Bilocale,big,south,1.0,2,very small
850.0,58.0,Napoli,Bilocale,big,south,1.0,2,small
1300.0,80.0,Napoli,Bilocale,big,south,1.0,2,mid-small
950.0,90.0,Napoli,Quadrilocale,big,south,1.0,4,mid-small
480.0,40.0,Napoli,Bilocale,big,south,1.0,2,small
300.0,25.0,Napoli,Monolocale,big,south,1.0,1,very small
3100.0,140.0,Napoli,Quadrilocale,big,south,1.0,4,mid
1450.0,110.0,Napoli,Quadrilocale,big,south,1.0,4,mid
680.0,75.0,Napoli,Villa,big,south,1.0,2,mid-small
600.0,70.0,Napoli,Trilocale,big,south,1.0,3,mid-small
1600.0,50.0,Napoli,Quadrilocale,big,south,1.0,4,small
850.0,150.0,Napoli,Terratetto,big,south,1.0,3,mid
1200.0,55.0,Napoli,Trilocale,big,south,1.0,3,small
900.0,80.0,Napoli,Trilocale,big,south,1.0,3,mid-small
1300.0,120.0,Napoli,Trilocale,big,south,1.0,3,mid
280.0,90.0,Napoli,Trilocale,big,south,1.0,3,mid-small
2000.0,40.0,Napoli,Bilocale,big,south,1.0,2,small
700.0,70.0,Napoli,Bilocale,big,south,1.0,2,mid-small
1250.0,90.0,Napoli,Trilocale,big,south,1.0,3,mid-small
700.0,50.0,Napoli,Bilocale,big,south,1.0,2,small
800.0,80.0,Napoli,Trilocale,big,south,1.0,3,mid-small
1000.0,35.0,Napoli,Bilocale,big,south,1.0,2,very small
2250.0,60.0,Napoli,Bilocale,big,south,1.0,2,small
460.0,27.0,Napoli,Monolocale,big,south,3.0,1,very small
600.0,80.0,Napoli,Palazzo,big,south,3.0,3,mid-small
750.0,90.0,Napoli,Bilocale,big,south,3.0,2,mid-small
1500.0,100.0,Napoli,Trilocale,big,south,3.0,3,mid
650.0,60.0,Napoli,Trilocale,big,south,3.0,3,small
850.0,90.0,Napoli,Bilocale,big,south,3.0,2,mid-small
1800.0,120.0,Napoli,Appartamento,big,south,3.0,5,mid
700.0,70.0,Napoli,Trilocale,big,south,3.0,3,mid-small
1500.0,60.0,Napoli,Bilocale,big,south,3.0,2,small
100.0,140.0,Napoli,Quadrilocale,big,south,3.0,4,mid
900.0,85.0,Napoli,Trilocale,big,south,3.0,3,mid-small
500.0,70.0,Napoli,Bilocale,big,south,3.0,2,mid-small
1300.0,70.0,Napoli,Bilocale,big,south,3.0,2,mid-small
1200.0,90.0,Napoli,Trilocale,big,south,3.0,3,mid-small
400.0,150.0,Napoli,Appartamento,big,south,3.0,5,mid
1800.0,130.0,Napoli,Appartamento,big,south,3.0,5,mid
700.0,55.0,Napoli,Bilocale,big,south,3.0,2,small
650.0,70.0,Napoli,Bilocale,big,south,3.0,2,mid-small
500.0,80.0,Napoli,Trilocale,big,south,3.0,3,mid-small
500.0,40.0,Napoli,Loft,big,south,3.0,2,small
550.0,40.0,Napoli,Palazzo,big,south,3.0,2,small
1350.0,110.0,Napoli,Quadrilocale,big,south,3.0,4,mid
1200.0,50.0,Napoli,Trilocale,big,south,3.0,3,small
950.0,80.0,Napoli,Trilocale,big,south,3.0,3,mid-small
550.0,70.0,Napoli,Bilocale,big,south,4.0,2,mid-small
1500.0,80.0,Napoli,Bilocale,big,south,4.0,2,mid-small
800.0,105.0,Napoli,Trilocale,big,south,4.0,3,mid
880.0,100.0,Napoli,Trilocale,big,south,4.0,3,mid
2500.0,60.0,Napoli,Attico,big,south,4.0,2,small
550.0,50.0,Napoli,Bilocale,big,south,4.0,2,small
2500.0,60.0,Napoli,Attico,big,south,4.0,2,small
850.0,90.0,Napoli,Trilocale,big,south,4.0,3,mid-small
1000.0,45.0,Napoli,Trilocale,big,south,4.0,3,small
850.0,70.0,Napoli,Bilocale,big,south,4.0,2,mid-small
1100.0,65.0,Napoli,Bilocale,big,south,4.0,2,small
450.0,50.0,Napoli,Appartamento,big,south,4.0,2,small
750.0,110.0,Napoli,Trilocale,big,south,4.0,3,mid
1000.0,60.0,Napoli,Trilocale,big,south,4.0,3,small
1400.0,82.0,Napoli,Trilocale,big,south,4.0,3,mid-small
450.0,40.0,Napoli,Bilocale,big,south,4.0,2,small
650.0,60.0,Napoli,Bilocale,big,south,4.0,2,small
1050.0,115.0,Napoli,Quadrilocale,big,south,4.0,4,mid
800.0,70.0,Napoli,Bilocale,big,south,4.0,2,mid-small
1200.0,115.0,Napoli,Appartamento,big,south,4.0,5,mid
500.0,40.0,Napoli,Bilocale,big,south,4.0,2,small
6000.0,310.0,Napoli,Appartamento,big,south,4.0,6,large
2200.0,120.0,Napoli,Quadrilocale,big,south,4.0,4,mid
420.0,40.0,Napoli,Bilocale,big,south,0.5,2,small
1650.0,125.0,Napoli,Trilocale,big,south,0.5,3,mid
500.0,45.0,Napoli,Monolocale,big,south,0.5,1,small
800.0,70.0,Napoli,Bilocale,big,south,0.5,2,mid-small
800.0,35.0,Napoli,Monolocale,big,south,0.5,1,very small
1800.0,100.0,Napoli,Trilocale,big,south,0.5,3,mid
700.0,40.0,Napoli,Trilocale,big,south,0.5,3,small
850.0,80.0,Napoli,Trilocale,big,south,0.5,3,mid-small
600.0,65.0,Napoli,Trilocale,big,south,0.5,3,small
780.0,140.0,Napoli,Quadrilocale,big,south,0.5,4,mid
500.0,80.0,Napoli,Trilocale,big,south,0.5,3,mid-small
2000.0,140.0,Napoli,Quadrilocale,big,south,0.5,4,mid
600.0,40.0,Napoli,Bilocale,big,south,0.5,2,small
800.0,95.0,Napoli,Trilocale,big,south,0.5,3,mid-small
1900.0,110.0,Napoli,Quadrilocale,big,south,0.5,4,mid
750.0,70.0,Napoli,Bilocale,big,south,0.5,2,mid-small
750.0,55.0,Napoli,Trilocale,big,south,0.5,3,small
900.0,90.0,Napoli,Trilocale,big,south,0.5,3,mid-small
780.0,63.0,Napoli,Bilocale,big,south,0.5,2,small
650.0,60.0,Napoli,Appartamento,big,south,0.5,2,small
500.0,40.0,Napoli,Monolocale,big,south,0.0,1,small
700.0,70.0,Napoli,Bilocale,big,south,0.0,2,mid-small
750.0,100.0,Napoli,Trilocale,big,south,0.0,3,mid
1600.0,135.0,Napoli,Appartamento,big,south,0.0,6,mid
600.0,75.0,Napoli,Bilocale,big,south,0.0,2,mid-small
700.0,40.0,Napoli,Bilocale,big,south,0.0,2,small
450.0,45.0,Napoli,Bilocale,big,south,0.0,2,small
650.0,145.0,Napoli,Appartamento,big,south,0.0,6,mid
700.0,68.0,Palermo,Bilocale,mid-big,south,1.0,2,small
900.0,55.0,Palermo,Bilocale,mid-big,south,1.0,2,small
2500.0,200.0,Palermo,Villa,mid-big,south,1.0,6,large
3500.0,544.0,Palermo,Villa,mid-big,south,1.0,6,very large
870.0,100.0,Palermo,Quadrilocale,mid-big,south,1.0,4,mid
1100.0,75.0,Palermo,Trilocale,mid-big,south,1.0,3,mid-small
1200.0,126.0,Palermo,Villa,mid-big,south,1.0,5,mid
590.0,60.0,Palermo,Attico,mid-big,south,1.0,2,small
580.0,81.0,Palermo,Trilocale,mid-big,south,1.0,3,mid-small
680.0,120.0,Palermo,Quadrilocale,mid-big,south,1.0,4,mid
400.0,40.0,Palermo,Bilocale,mid-big,south,1.0,2,small
650.0,40.0,Palermo,Monolocale,mid-big,south,1.0,1,small
300.0,40.0,Palermo,Bilocale,mid-big,south,1.0,2,small
830.0,120.0,Palermo,Quadrilocale,mid-big,south,1.0,4,mid
300.0,20.0,Palermo,Monolocale,mid-big,south,1.0,1,very small
41.0,50.0,Palermo,Bilocale,mid-big,south,1.0,2,small
700.0,160.0,Palermo,Appartamento,mid-big,south,1.0,6,mid
800.0,110.0,Palermo,Quadrilocale,mid-big,south,1.0,4,mid
500.0,63.0,Palermo,Bilocale,mid-big,south,1.0,2,small
620.0,84.0,Palermo,Trilocale,mid-big,south,1.0,3,mid-small
620.0,66.0,Palermo,Trilocale,mid-big,south,1.0,3,small
680.0,90.0,Palermo,Trilocale,mid-big,south,1.0,3,mid-small
780.0,133.0,Palermo,Quadrilocale,mid-big,south,1.0,4,mid
620.0,137.0,Palermo,Appartamento,mid-big,south,4.0,5,mid
450.0,25.0,Palermo,Monolocale,mid-big,south,4.0,1,very small
930.0,150.0,Palermo,Appartamento,mid-big,south,4.0,5,mid
870.0,170.0,Palermo,Appartamento,mid-big,south,4.0,6,mid
370.0,45.0,Palermo,Bilocale,mid-big,south,4.0,2,small
870.0,155.0,Palermo,Appartamento,mid-big,south,4.0,5,mid
1000.0,100.0,Palermo,Quadrilocale,mid-big,south,4.0,4,mid
580.0,110.0,Palermo,Quadrilocale,mid-big,south,4.0,4,mid
570.0,75.0,Palermo,Trilocale,mid-big,south,4.0,3,mid-small
700.0,65.0,Palermo,Bilocale,mid-big,south,4.0,2,small
580.0,70.0,Palermo,Bilocale,mid-big,south,4.0,2,mid-small
600.0,30.0,Palermo,Monolocale,mid-big,south,4.0,1,very small
500.0,71.0,Palermo,Bilocale,mid-big,south,4.0,2,mid-small
630.0,107.0,Palermo,Quadrilocale,mid-big,south,4.0,4,mid
800.0,140.0,Palermo,Appartamento,mid-big,south,4.0,6,mid
450.0,20.0,Palermo,Bilocale,mid-big,south,4.0,2,very small
730.0,120.0,Palermo,Appartamento,mid-big,south,4.0,5,mid
1300.0,250.0,Palermo,Appartamento,mid-big,south,4.0,6,large
580.0,100.0,Palermo,Trilocale,mid-big,south,4.0,3,mid
500.0,65.0,Palermo,Bilocale,mid-big,south,4.0,2,small
2500.0,300.0,Palermo,Villa,mid-big,south,4.0,6,large
650.0,110.0,Palermo,Quadrilocale,mid-big,south,4.0,4,mid
850.0,170.0,Palermo,Appartamento,mid-big,south,4.0,5,mid
350.0,36.0,Palermo,Bilocale,mid-big,south,4.0,2,very small
650.0,83.0,Palermo,Quadrilocale,mid-big,south,4.0,4,mid-small
600.0,55.0,Palermo,Bilocale,mid-big,south,8.0,2,small
350.0,35.0,Palermo,Bilocale,mid-big,south,8.0,2,very small
400.0,36.0,Palermo,Monolocale,mid-big,south,8.0,1,very small
650.0,157.0,Palermo,Appartamento,mid-big,south,8.0,5,mid
750.0,102.0,Palermo,Quadrilocale,mid-big,south,8.0,4,mid
600.0,80.0,Palermo,Trilocale,mid-big,south,8.0,3,mid-small
900.0,150.0,Palermo,Appartamento,mid-big,south,8.0,6,mid
1050.0,130.0,Palermo,Quadrilocale,mid-big,south,8.0,4,mid
470.0,100.0,Palermo,Quadrilocale,mid-big,south,8.0,4,mid
600.0,80.0,Palermo,Trilocale,mid-big,south,8.0,3,mid-small
600.0,110.0,Palermo,Quadrilocale,mid-big,south,8.0,4,mid
1000.0,120.0,Palermo,Appartamento,mid-big,south,8.0,5,mid
450.0,37.0,Palermo,Bilocale,mid-big,south,8.0,2,very small
600.0,70.0,Palermo,Bilocale,mid-big,south,8.0,2,mid-small
650.0,120.0,Palermo,Appartamento,mid-big,south,8.0,5,mid
750.0,118.0,Palermo,Trilocale,mid-big,south,8.0,3,mid
1000.0,145.0,Palermo,Appartamento,mid-big,south,8.0,5,mid
500.0,60.0,Palermo,Bilocale,mid-big,south,8.0,2,small
2500.0,60.0,Palermo,Trilocale,mid-big,south,8.0,3,small
730.0,91.0,Palermo,Trilocale,mid-big,south,8.0,3,mid-small
520.0,55.0,Palermo,Bilocale,mid-big,south,8.0,2,small
780.0,84.0,Palermo,Trilocale,mid-big,south,8.0,3,mid-small
3000.0,80.0,Palermo,Villa,mid-big,south,8.0,3,mid-small
550.0,95.0,Palermo,Trilocale,mid-big,south,8.0,3,mid-small
680.0,98.0,Palermo,Trilocale,mid-big,south,8.0,3,mid-small
600.0,65.0,Palermo,Bilocale,mid-big,south,1.0,2,small
800.0,83.0,Palermo,Trilocale,mid-big,south,1.0,3,mid-small
680.0,130.0,Palermo,Appartamento,mid-big,south,1.0,5,mid
700.0,130.0,Palermo,Trilocale,mid-big,south,1.0,3,mid
780.0,110.0,Palermo,Quadrilocale,mid-big,south,1.0,4,mid
1000.0,70.0,Palermo,Trilocale,mid-big,south,1.0,3,mid-small
350.0,55.0,Palermo,Bilocale,mid-big,south,1.0,2,small
600.0,80.0,Palermo,Trilocale,mid-big,south,1.0,3,mid-small
390.0,28.0,Palermo,Bilocale,mid-big,south,1.0,2,very small
450.0,80.0,Palermo,Trilocale,mid-big,south,1.0,3,mid-small
780.0,119.0,Palermo,Quadrilocale,mid-big,south,1.0,4,mid
1700.0,193.0,Palermo,Appartamento,mid-big,south,1.0,6,mid
750.0,145.0,Palermo,Appartamento,mid-big,south,1.0,6,mid
850.0,177.0,Palermo,Appartamento,mid-big,south,1.0,6,mid
450.0,70.0,Palermo,Trilocale,mid-big,south,1.0,3,mid-small
600.0,115.0,Palermo,Quadrilocale,mid-big,south,1.0,4,mid
800.0,150.0,Palermo,Quadrilocale,mid-big,south,1.0,4,mid
400.0,55.0,Palermo,Bilocale,mid-big,south,1.0,2,small
600.0,120.0,Palermo,Quadrilocale,mid-big,south,1.0,4,mid
570.0,100.0,Palermo,Trilocale,mid-big,south,1.0,3,mid
1500.0,190.0,Palermo,Appartamento,mid-big,south,1.0,6,mid
850.0,167.0,Palermo,Appartamento,mid-big,south,1.0,5,mid
650.0,77.0,Palermo,Bilocale,mid-big,south,1.0,2,mid-small
600.0,70.0,Palermo,Trilocale,mid-big,south,1.0,3,mid-small
650.0,110.0,Palermo,Quadrilocale,mid-big,south,4.0,4,mid
350.0,20.0,Palermo,Monolocale,mid-big,south,4.0,1,very small
450.0,85.0,Palermo,Trilocale,mid-big,south,4.0,3,mid-small
1700.0,85.0,Palermo,Trilocale,mid-big,south,4.0,3,mid-small
1050.0,157.0,Palermo,Quadrilocale,mid-big,south,4.0,4,mid
850.0,159.0,Palermo,Appartamento,mid-big,south,4.0,5,mid
400.0,37.0,Palermo,Bilocale,mid-big,south,4.0,2,very small
550.0,120.0,Palermo,Quadrilocale,mid-big,south,4.0,4,mid
580.0,50.0,Palermo,Bilocale,mid-big,south,4.0,2,small
490.0,50.0,Palermo,Monolocale,mid-big,south,4.0,1,small
430.0,35.0,Palermo,Monolocale,mid-big,south,4.0,1,very small
750.0,77.0,Palermo,Bilocale,mid-big,south,4.0,2,mid-small
600.0,80.0,Palermo,Trilocale,mid-big,south,4.0,3,mid-small
1000.0,140.0,Palermo,Appartamento,mid-big,south,4.0,6,mid
450.0,45.0,Palermo,Bilocale,mid-big,south,4.0,2,small
750.0,55.0,Palermo,Bilocale,mid-big,south,4.0,2,small
490.0,50.0,Palermo,Monolocale,mid-big,south,4.0,1,small
1200.0,100.0,Palermo,Appartamento,mid-big,south,4.0,5,mid
1000.0,110.0,Palermo,Trilocale,mid-big,south,4.0,3,mid
550.0,40.0,Palermo,Monolocale,mid-big,south,4.0,1,small
1250.0,120.0,Palermo,Appartamento,mid-big,south,4.0,5,mid
430.0,28.0,Palermo,Bilocale,mid-big,south,4.0,2,very small
400.0,93.0,Palermo,Trilocale,mid-big,south,4.0,3,mid-small
500.0,52.0,Palermo,Bilocale,mid-big,south,4.0,2,small
475.0,30.0,Palermo,Monolocale,mid-big,south,4.0,1,very small
750.0,52.0,Palermo,Bilocale,mid-big,south,8.0,2,small
1600.0,247.0,Palermo,Appartamento,mid-big,south,8.0,6,large
580.0,50.0,Palermo,Bilocale,mid-big,south,8.0,2,small
550.0,62.0,Palermo,Bilocale,mid-big,south,8.0,2,small
870.0,182.0,Palermo,Appartamento,mid-big,south,8.0,6,mid
700.0,40.0,Palermo,Bilocale,mid-big,south,8.0,2,small
500.0,55.0,Palermo,Bilocale,mid-big,south,8.0,2,small
3000.0,150.0,Palermo,Villa,mid-big,south,8.0,5,mid
350.0,20.0,Palermo,Monolocale,mid-big,south,8.0,1,very small
500.0,58.0,Palermo,Bilocale,mid-big,south,8.0,2,small
410.0,30.0,Palermo,Monolocale,mid-big,south,8.0,1,very small
800.0,80.0,Palermo,Bilocale,mid-big,south,8.0,2,mid-small
820.0,77.0,Palermo,Bilocale,mid-big,south,8.0,2,mid-small
1400.0,170.0,Palermo,Appartamento,mid-big,south,8.0,6,mid
450.0,25.0,Palermo,Monolocale,mid-big,south,8.0,1,very small
900.0,87.0,Palermo,Trilocale,mid-big,south,8.0,3,mid-small
850.0,90.0,Palermo,Trilocale,mid-big,south,8.0,3,mid-small
400.0,30.0,Palermo,Monolocale,mid-big,south,8.0,1,very small
9000.0,65.0,Palermo,Bilocale,mid-big,south,8.0,2,small
1500.0,160.0,Palermo,Appartamento,mid-big,south,8.0,6,mid
1300.0,55.0,Palermo,Loft,mid-big,south,8.0,2,small
1500.0,140.0,Palermo,Appartamento,mid-big,south,8.0,5,mid
780.0,151.0,Palermo,Quadrilocale,mid-big,south,8.0,4,mid
1200.0,130.0,Palermo,Appartamento,mid-big,south,8.0,5,mid
2000.0,180.0,Palermo,Appartamento,mid-big,south,1.0,6,mid
1050.0,133.0,Palermo,Quadrilocale,mid-big,south,1.0,4,mid
1000.0,125.0,Palermo,Quadrilocale,mid-big,south,1.0,4,mid
750.0,100.0,Palermo,Bilocale,mid-big,south,1.0,2,mid
4500.0,120.0,Palermo,Quadrilocale,mid-big,south,1.0,4,mid
800.0,60.0,Palermo,Bilocale,mid-big,south,1.0,2,small
6000.0,100.0,Palermo,Quadrilocale,mid-big,south,1.0,4,mid
770.0,140.0,Palermo,Quadrilocale,mid-big,south,1.0,4,mid
780.0,125.0,Palermo,Quadrilocale,mid-big,south,1.0,4,mid
850.0,90.0,Palermo,Trilocale,mid-big,south,1.0,3,mid-small
900.0,110.0,Palermo,Attico,mid-big,south,1.0,3,mid
900.0,90.0,Palermo,Trilocale,mid-big,south,1.0,3,mid-small
680.0,180.0,Palermo,Appartamento,mid-big,south,1.0,5,mid
500.0,60.0,Palermo,Monolocale,mid-big,south,1.0,1,small
480.0,141.0,Palermo,Appartamento,mid-big,south,1.0,5,mid
430.0,60.0,Palermo,Trilocale,mid-big,south,1.0,3,small
650.0,115.0,Palermo,Appartamento,mid-big,south,1.0,5,mid
250.0,114.0,Palermo,Quadrilocale,mid-big,south,1.0,4,mid
650.0,60.0,Palermo,Bilocale,mid-big,south,1.0,2,small
370.0,40.0,Palermo,Bilocale,mid-big,south,1.0,2,small
670.0,90.0,Palermo,Trilocale,mid-big,south,1.0,3,mid-small
620.0,109.0,Palermo,Trilocale,mid-big,south,1.0,3,mid
950.0,90.0,Palermo,Trilocale,mid-big,south,1.0,3,mid-small
1100.0,120.0,Palermo,Bilocale,mid-big,south,1.0,2,mid
600.0,85.0,Palermo,Trilocale,mid-big,south,1.0,3,mid-small
430.0,60.0,Palermo,Bilocale,mid-big,south,1.0,2,small
400.0,25.0,Palermo,Monolocale,mid-big,south,1.0,1,very small
450.0,30.0,Palermo,Monolocale,mid-big,south,1.0,1,very small
2500.0,110.0,Palermo,Quadrilocale,mid-big,south,1.0,4,mid
580.0,38.0,Palermo,Monolocale,mid-big,south,1.0,1,very small
1100.0,200.0,Palermo,Appartamento,mid-big,south,1.0,6,large
530.0,55.0,Palermo,Bilocale,mid-big,south,1.0,2,small
6500.0,100.0,Palermo,Quadrilocale,mid-big,south,1.0,4,mid
4200.0,500.0,Palermo,Appartamento,mid-big,south,1.0,6,very large
950.0,110.0,Palermo,Trilocale,mid-big,south,1.0,3,mid
480.0,47.0,Palermo,Monolocale,mid-big,south,1.0,1,small
400.0,36.0,Palermo,Monolocale,mid-big,south,1.0,1,very small
1100.0,160.0,Palermo,Appartamento,mid-big,south,1.0,5,mid
550.0,45.0,Palermo,Monolocale,mid-big,south,1.0,1,small
550.0,110.0,Palermo,Trilocale,mid-big,south,1.0,3,mid
700.0,120.0,Palermo,Trilocale,mid-big,south,1.0,3,mid
800.0,70.0,Palermo,Trilocale,mid-big,south,1.0,3,mid-small
490.0,110.0,Palermo,Quadrilocale,mid-big,south,1.0,4,mid
320.0,25.0,Palermo,Bilocale,mid-big,south,1.0,2,very small
9000.0,120.0,Palermo,Appartamento,mid-big,south,1.0,5,mid
750.0,130.0,Palermo,Appartamento,mid-big,south,1.0,5,mid
4000.0,200.0,Palermo,Appartamento,mid-big,south,1.0,5,large
750.0,120.0,Palermo,Quadrilocale,mid-big,south,1.0,4,mid
800.0,70.0,Palermo,Trilocale,mid-big,south,1.0,3,mid-small
1000.0,110.0,Palermo,Quadrilocale,mid-big,south,0.5,4,mid
1250.0,100.0,Palermo,Quadrilocale,mid-big,south,0.5,4,mid
850.0,120.0,Palermo,Quadrilocale,mid-big,south,0.5,4,mid
480.0,50.0,Palermo,Bilocale,mid-big,south,0.5,2,small
600.0,140.0,Palermo,Appartamento,mid-big,south,0.5,6,mid
650.0,60.0,Palermo,Trilocale,mid-big,south,0.5,3,small
900.0,206.0,Palermo,Appartamento,mid-big,south,0.5,6,large
830.0,124.0,Palermo,Trilocale,mid-big,south,0.5,3,mid
850.0,110.0,Palermo,Quadrilocale,mid-big,south,0.5,4,mid
2500.0,140.0,Palermo,Villa,mid-big,south,0.5,5,mid
470.0,55.0,Palermo,Bilocale,mid-big,south,0.5,2,small
750.0,100.0,Palermo,Quadrilocale,mid-big,south,0.5,4,mid
700.0,45.0,Palermo,Bilocale,mid-big,south,0.5,2,small
450.0,65.0,Palermo,Bilocale,mid-big,south,0.5,2,small
1300.0,100.0,Palermo,Appartamento,mid-big,south,0.5,4,mid
1200.0,157.0,Palermo,Quadrilocale,mid-big,south,0.5,4,mid
650.0,90.0,Palermo,Attico,mid-big,south,0.5,3,mid-small
950.0,140.0,Palermo,Appartamento,mid-big,south,0.5,6,mid
490.0,60.0,Palermo,Trilocale,mid-big,south,0.5,3,small
950.0,130.0,Palermo,Appartamento,mid-big,south,0.5,5,mid
750.0,170.0,Palermo,Quadrilocale,mid-big,south,2.0,4,mid
700.0,55.0,Palermo,Attico,mid-big,south,2.0,2,small
600.0,50.0,Palermo,Bilocale,mid-big,south,2.0,2,small
830.0,130.0,Palermo,Appartamento,mid-big,south,2.0,5,mid
650.0,120.0,Palermo,Quadrilocale,mid-big,south,2.0,4,mid
820.0,160.0,Palermo,Appartamento,mid-big,south,2.0,5,mid
450.0,39.0,Palermo,Monolocale,mid-big,south,2.0,1,very small
800.0,45.0,Palermo,Bilocale,mid-big,south,2.0,2,small
690.0,120.0,Palermo,Quadrilocale,mid-big,south,2.0,4,mid
1000.0,65.0,Palermo,Trilocale,mid-big,south,2.0,3,small
600.0,113.0,Palermo,Trilocale,mid-big,south,2.0,3,mid
730.0,110.0,Palermo,Quadrilocale,mid-big,south,2.0,4,mid
1900.0,500.0,Palermo,Villa,mid-big,south,2.0,6,very large
650.0,70.0,Palermo,Bilocale,mid-big,south,2.0,2,mid-small
480.0,60.0,Palermo,Bilocale,mid-big,south,2.0,2,small
700.0,77.0,Palermo,Trilocale,mid-big,south,2.0,3,mid-small
850.0,100.0,Palermo,Quadrilocale,mid-big,south,2.0,4,mid
550.0,109.0,Palermo,Trilocale,mid-big,south,2.0,3,mid
550.0,50.0,Palermo,Bilocale,mid-big,south,2.0,2,small
650.0,70.0,Palermo,Trilocale,mid-big,south,2.0,3,mid-small
450.0,55.0,Palermo,Bilocale,mid-big,south,2.0,2,small
1200.0,130.0,Palermo,Quadrilocale,mid-big,south,2.0,4,mid
850.0,140.0,Palermo,Appartamento,mid-big,south,3.0,5,mid
450.0,65.0,Palermo,Bilocale,mid-big,south,3.0,2,small
1500.0,245.0,Palermo,Appartamento,mid-big,south,3.0,6,large
690.0,140.0,Palermo,Quadrilocale,mid-big,south,3.0,4,mid
850.0,70.0,Palermo,Bilocale,mid-big,south,3.0,2,mid-small
550.0,170.0,Palermo,Quadrilocale,mid-big,south,3.0,4,mid
1100.0,111.0,Palermo,Quadrilocale,mid-big,south,3.0,4,mid
900.0,140.0,Palermo,Quadrilocale,mid-big,south,3.0,4,mid
750.0,110.0,Palermo,Trilocale,mid-big,south,3.0,3,mid
600.0,85.0,Palermo,Trilocale,mid-big,south,3.0,3,mid-small
650.0,80.0,Palermo,Trilocale,mid-big,south,3.0,3,mid-small
5000.0,50.0,Palermo,Bilocale,mid-big,south,3.0,2,small
850.0,90.0,Palermo,Bilocale,mid-big,south,3.0,2,mid-small
750.0,100.0,Palermo,Quadrilocale,mid-big,south,3.0,4,mid
360.0,35.0,Palermo,Monolocale,mid-big,south,3.0,1,very small
600.0,60.0,Palermo,Bilocale,mid-big,south,3.0,2,small
800.0,50.0,Palermo,Bilocale,mid-big,south,3.0,2,small
1500.0,90.0,Palermo,Trilocale,mid-big,south,3.0,3,mid-small
300.0,30.0,Palermo,Monolocale,mid-big,south,3.0,1,very small
800.0,140.0,Palermo,Quadrilocale,mid-big,south,3.0,4,mid
650.0,90.0,Palermo,Trilocale,mid-big,south,3.0,3,mid-small
500.0,50.0,Palermo,Bilocale,mid-big,south,3.0,2,small
550.0,70.0,Palermo,Quadrilocale,mid-big,south,0.0,4,mid-small
700.0,55.0,Palermo,Bilocale,mid-big,south,0.0,2,small
650.0,90.0,Palermo,Trilocale,mid-big,south,0.0,3,mid-small
5999.0,120.0,Palermo,Quadrilocale,mid-big,south,0.0,4,mid
950.0,168.0,Palermo,Appartamento,mid-big,south,0.0,5,mid
490.0,25.0,Palermo,Monolocale,mid-big,south,0.0,1,very small
570.0,125.0,Palermo,Quadrilocale,mid-big,south,0.0,4,mid
800.0,100.0,Palermo,Appartamento,mid-big,south,0.0,5,mid
800.0,45.0,Palermo,Bilocale,mid-big,south,0.0,2,small
1000.0,60.0,Palermo,Trilocale,mid-big,south,0.0,3,small
1500.0,120.0,Palermo,Quadrilocale,mid-big,south,0.0,4,mid
800.0,40.0,Palermo,Bilocale,mid-big,south,0.0,2,small
1300.0,100.0,Palermo,Trilocale,mid-big,south,0.0,3,mid
1100.0,60.0,Palermo,Bilocale,mid-big,south,0.0,2,small
1200.0,100.0,Palermo,Bilocale,mid-big,south,0.0,2,mid
1500.0,120.0,Palermo,Bilocale,mid-big,south,0.0,2,mid
1200.0,100.0,Palermo,Trilocale,mid-big,south,0.0,3,mid
3800.0,160.0,Palermo,Villa,mid-big,south,0.0,4,mid
600.0,70.0,Palermo,Bilocale,mid-big,south,0.0,2,mid-small
800.0,90.0,Palermo,Quadrilocale,mid-big,south,0.0,4,mid-small
5000.0,215.0,Palermo,Villa,mid-big,south,0.0,5,large
630.0,80.0,Palermo,Quadrilocale,mid-big,south,0.0,4,mid-small
220.0,140.0,Palermo,Monolocale,mid-big,south,0.0,1,mid
480.0,45.0,Palermo,Bilocale,mid-big,south,0.0,2,small
400.0,40.0,Palermo,Monolocale,mid-big,south,3.0,1,small
500.0,40.0,Palermo,Monolocale,mid-big,south,3.0,1,small
1500.0,250.0,Palermo,Quadrilocale,mid-big,south,3.0,4,large
8000.0,80.0,Palermo,Villa,mid-big,south,3.0,3,mid-small
1000.0,52.0,Palermo,Bilocale,mid-big,south,3.0,2,small
5000.0,500.0,Palermo,Villa,mid-big,south,3.0,6,very large
900.0,50.0,Palermo,Bilocale,mid-big,south,3.0,2,small
800.0,160.0,Palermo,Quadrilocale,mid-big,south,3.0,4,mid
1450.0,150.0,Palermo,Villa,mid-big,south,3.0,5,mid
400.0,50.0,Palermo,Bilocale,mid-big,south,3.0,2,small
700.0,122.0,Palermo,Quadrilocale,mid-big,south,3.0,4,mid
8000.0,260.0,Palermo,Appartamento,mid-big,south,3.0,6,large
690.0,120.0,Palermo,Quadrilocale,mid-big,south,3.0,4,mid
1000.0,150.0,Palermo,Appartamento,mid-big,south,3.0,5,mid
690.0,120.0,Palermo,Quadrilocale,mid-big,south,3.0,4,mid
580.0,70.0,Palermo,Bilocale,mid-big,south,3.0,2,mid-small
580.0,96.0,Palermo,Trilocale,mid-big,south,3.0,3,mid-small
700.0,110.0,Palermo,Quadrilocale,mid-big,south,3.0,4,mid
750.0,110.0,Palermo,Quadrilocale,mid-big,south,3.0,4,mid
1000.0,65.0,Palermo,Trilocale,mid-big,south,3.0,3,small
1000.0,150.0,Palermo,Appartamento,mid-big,south,3.0,6,mid
700.0,130.0,Palermo,Appartamento,mid-big,south,3.0,5,mid
650.0,60.0,Palermo,Trilocale,mid-big,south,3.0,3,small
800.0,52.0,Palermo,Bilocale,mid-big,south,3.0,2,small
1300.0,55.0,Palermo,Bilocale,mid-big,south,3.0,2,small
5000.0,820.0,Palermo,Palazzo,mid-big,south,3.0,6,very large
570.0,135.0,Palermo,Trilocale,mid-big,south,3.0,3,mid
430.0,36.0,Palermo,Monolocale,mid-big,south,3.0,1,very small
400.0,50.0,Palermo,Monolocale,mid-big,south,3.0,1,small
1800.0,220.0,Palermo,Appartamento,mid-big,south,3.0,6,large
1700.0,150.0,Palermo,Villa,mid-big,south,3.0,6,mid
1000.0,40.0,Palermo,Bilocale,mid-big,south,3.0,2,small
700.0,116.0,Palermo,Quadrilocale,mid-big,south,2.0,4,mid
780.0,140.0,Palermo,Trilocale,mid-big,south,2.0,3,mid
1200.0,180.0,Palermo,Palazzo,mid-big,south,2.0,6,mid
1800.0,200.0,Palermo,Villa,mid-big,south,2.0,6,large
1200.0,220.0,Palermo,Appartamento,mid-big,south,2.0,6,large
500.0,120.0,Palermo,Quadrilocale,mid-big,south,2.0,4,mid
2800.0,60.0,Palermo,Trilocale,mid-big,south,2.0,3,small
3800.0,90.0,Palermo,Appartamento,mid-big,south,2.0,3,mid-small
650.0,80.0,Palermo,Bilocale,mid-big,south,2.0,2,mid-small
1000.0,50.0,Palermo,Bilocale,mid-big,south,2.0,2,small
2300.0,150.0,Palermo,Appartamento,mid-big,south,2.0,5,mid
370.0,50.0,Palermo,Bilocale,mid-big,south,2.0,2,small
750.0,120.0,Palermo,Appartamento,mid-big,south,2.0,4,mid
2500.0,100.0,Palermo,Trilocale,mid-big,south,2.0,3,mid
1000.0,140.0,Palermo,Appartamento,mid-big,south,2.0,5,mid
500.0,95.0,Palermo,Trilocale,mid-big,south,2.0,3,mid-small
5000.0,100.0,Palermo,Villa,mid-big,south,2.0,4,mid
800.0,89.0,Palermo,Trilocale,mid-big,south,2.0,3,mid-small
1270.0,160.0,Palermo,Appartamento,mid-big,south,2.0,5,mid
800.0,130.0,Palermo,Quadrilocale,mid-big,south,2.0,4,mid
650.0,100.0,Palermo,Trilocale,mid-big,south,2.0,3,mid
897.0,40.0,Palermo,Monolocale,mid-big,south,2.0,1,small
750.0,55.0,Palermo,Bilocale,mid-big,south,3.0,2,small
1600.0,160.0,Palermo,Appartamento,mid-big,south,3.0,4,mid
950.0,125.0,Palermo,Appartamento,mid-big,south,3.0,5,mid
790.0,73.0,Palermo,Bilocale,mid-big,south,3.0,2,mid-small
700.0,148.0,Palermo,Appartamento,mid-big,south,3.0,5,mid
650.0,140.0,Palermo,Appartamento,mid-big,south,3.0,6,mid
200.0,110.0,Palermo,Bilocale,mid-big,south,3.0,2,mid
1000.0,120.0,Palermo,Villa,mid-big,south,3.0,4,mid
600.0,98.0,Palermo,Quadrilocale,mid-big,south,3.0,4,mid-small
800.0,165.0,Palermo,Appartamento,mid-big,south,3.0,6,mid
700.0,130.0,Palermo,Attico,mid-big,south,3.0,4,mid
3000.0,350.0,Palermo,Villa,mid-big,south,3.0,6,large
570.0,100.0,Palermo,Quadrilocale,mid-big,south,3.0,4,mid
550.0,80.0,Palermo,Appartamento,mid-big,south,3.0,2,mid-small
1100.0,220.0,Palermo,Appartamento,mid-big,south,3.0,6,large
800.0,55.0,Palermo,Bilocale,mid-big,south,3.0,2,small
550.0,60.0,Palermo,Loft,mid-big,south,3.0,2,small
1000.0,40.0,Palermo,Loft,mid-big,south,3.0,2,small
750.0,100.0,Palermo,Trilocale,mid-big,south,3.0,3,mid
750.0,43.0,Palermo,Bilocale,mid-big,south,3.0,2,small
550.0,40.0,Palermo,Bilocale,mid-big,south,3.0,2,small
600.0,65.0,Palermo,Bilocale,mid-big,south,3.0,2,small
500.0,60.0,Palermo,Trilocale,mid-big,south,3.0,3,small
1600.0,100.0,Palermo,Villa,mid-big,south,3.0,6,mid
400.0,35.0,Palermo,Monolocale,mid-big,south,3.0,1,very small
1000.0,130.0,Palermo,Quadrilocale,mid-big,south,3.0,4,mid
550.0,65.0,Palermo,Trilocale,mid-big,south,3.0,3,small
800.0,40.0,Palermo,Monolocale,mid-big,south,3.0,1,small
450.0,60.0,Palermo,Bilocale,mid-big,south,3.0,2,small
900.0,200.0,Palermo,Quadrilocale,mid-big,south,3.0,4,large
1200.0,160.0,Palermo,Trilocale,mid-big,south,3.0,3,mid
400.0,67.0,Palermo,Palazzo,mid-big,south,3.0,2,small
350.0,38.0,Palermo,Monolocale,mid-big,south,3.0,1,very small
650.0,110.0,Palermo,Appartamento,mid-big,south,3.0,5,mid
800.0,70.0,Palermo,Bilocale,mid-big,south,3.0,2,mid-small
580.0,70.0,Palermo,Trilocale,mid-big,south,3.0,3,mid-small
2000.0,65.0,Palermo,Villa,mid-big,south,3.0,3,small
750.0,135.0,Palermo,Quadrilocale,mid-big,south,3.0,4,mid
950.0,150.0,Palermo,Quadrilocale,mid-big,south,3.0,4,mid
900.0,130.0,Palermo,Appartamento,mid-big,south,3.0,5,mid
700.0,55.0,Palermo,Palazzo,mid-big,south,3.0,2,small
550.0,80.0,Palermo,Trilocale,mid-big,south,3.0,3,mid-small
3500.0,165.0,Palermo,Villa,mid-big,south,3.0,6,mid
650.0,100.0,Palermo,Trilocale,mid-big,south,3.0,3,mid
950.0,58.0,Palermo,Bilocale,mid-big,south,3.0,2,small
800.0,55.0,Palermo,Bilocale,mid-big,south,3.0,2,small
1000.0,100.0,Palermo,Villa,mid-big,south,3.0,5,mid
350.0,40.0,Palermo,Bilocale,mid-big,south,3.0,2,small
720.0,50.0,Palermo,Palazzo,mid-big,south,3.0,4,small
500.0,45.0,Palermo,Bilocale,mid-big,south,0.0,2,small
300.0,22.0,Palermo,Monolocale,mid-big,south,0.0,1,very small
680.0,38.0,Palermo,Appartamento,mid-big,south,0.0,2,very small
500.0,40.0,Palermo,Monolocale,mid-big,south,0.0,1,small
400.0,35.0,Palermo,Monolocale,mid-big,south,0.0,1,very small
800.0,120.0,Palermo,Trilocale,mid-big,south,0.0,3,mid
380.0,30.0,Palermo,Monolocale,mid-big,south,0.0,1,very small
500.0,45.0,Palermo,Bilocale,mid-big,south,0.0,2,small
1600.0,170.0,Palermo,Quadrilocale,mid-big,south,0.0,4,mid
950.0,150.0,Palermo,Appartamento,mid-big,south,0.0,6,mid
300.0,114.0,Palermo,Appartamento,mid-big,south,0.0,6,mid
850.0,70.0,Palermo,Trilocale,mid-big,south,0.0,3,mid-small
1300.0,180.0,Palermo,Quadrilocale,mid-big,south,0.0,4,mid
450.0,75.0,Palermo,Bilocale,mid-big,south,0.0,2,mid-small
650.0,60.0,Palermo,Villa,mid-big,south,0.0,3,small
750.0,70.0,Palermo,Trilocale,mid-big,south,0.0,3,mid-small
550.0,80.0,Palermo,Bilocale,mid-big,south,0.0,2,mid-small
800.0,25.0,Palermo,Monolocale,mid-big,south,0.0,1,very small
900.0,120.0,Palermo,Trilocale,mid-big,south,0.0,3,mid
700.0,160.0,Palermo,Palazzo,mid-big,south,0.0,5,mid
850.0,144.0,Palermo,Quadrilocale,mid-big,south,0.0,4,mid
1100.0,30.0,Palermo,Monolocale,mid-big,south,2.0,1,very small
2100.0,75.0,Bologna,Trilocale,mid,north,3.0,3,mid-small
1100.0,70.0,Bologna,Trilocale,mid,north,3.0,3,mid-small
1250.0,75.0,Bologna,Trilocale,mid,north,3.0,3,mid-small
1400.0,95.0,Bologna,Quadrilocale,mid,north,3.0,4,mid-small
1100.0,45.0,Bologna,Bilocale,mid,north,3.0,2,small
1400.0,65.0,Bologna,Trilocale,mid,north,3.0,3,small
900.0,40.0,Bologna,Bilocale,mid,north,3.0,2,small
1500.0,90.0,Bologna,Quadrilocale,mid,north,3.0,4,mid-small
850.0,50.0,Bologna,Bilocale,mid,north,3.0,2,small
1000.0,32.0,Bologna,Monolocale,mid,north,3.0,1,very small
1300.0,89.0,Bologna,Quadrilocale,mid,north,3.0,4,mid-small
1000.0,70.0,Bologna,Trilocale,mid,north,3.0,3,mid-small
3250.0,300.0,Bologna,Appartamento,mid,north,3.0,6,large
1700.0,100.0,Bologna,Appartamento,mid,north,3.0,5,mid
1100.0,44.0,Bologna,Bilocale,mid,north,3.0,2,small
1100.0,90.0,Bologna,Quadrilocale,mid,north,3.0,4,mid-small
2500.0,180.0,Bologna,Appartamento,mid,north,3.0,6,mid
800.0,45.0,Bologna,Bilocale,mid,north,3.0,2,small
999.0,55.0,Bologna,Bilocale,mid,north,3.0,2,small
2500.0,135.0,Bologna,Appartamento,mid,north,3.0,5,mid
1300.0,60.0,Bologna,Terratetto,mid,north,3.0,2,small
1000.0,62.0,Bologna,Bilocale,mid,north,3.0,2,small
950.0,75.0,Bologna,Trilocale,mid,north,3.0,3,mid-small
1200.0,105.0,Bologna,Quadrilocale,mid,north,3.0,4,mid
1600.0,80.0,Bologna,Quadrilocale,mid,north,3.0,4,mid-small
1850.0,83.0,Bologna,Trilocale,mid,north,2.0,3,mid-small
650.0,57.0,Bologna,Bilocale,mid,north,2.0,2,small
5000.0,350.0,Bologna,Appartamento,mid,north,2.0,6,large
1100.0,72.0,Bologna,Trilocale,mid,north,2.0,3,mid-small
2000.0,120.0,Bologna,Villa,mid,north,2.0,4,mid
1650.0,140.0,Bologna,Quadrilocale,mid,north,2.0,4,mid
1250.0,130.0,Bologna,Appartamento,mid,north,2.0,5,mid
2100.0,150.0,Bologna,Appartamento,mid,north,2.0,5,mid
1200.0,50.0,Bologna,Bilocale,mid,north,2.0,2,small
1300.0,80.0,Bologna,Trilocale,mid,north,2.0,3,mid-small
2800.0,240.0,Bologna,Appartamento,mid,north,2.0,5,large
1050.0,74.0,Bologna,Trilocale,mid,north,2.0,3,mid-small
1100.0,106.0,Bologna,Appartamento,mid,north,2.0,5,mid
620.0,58.0,Bologna,Bilocale,mid,north,2.0,2,small
1200.0,55.0,Bologna,Bilocale,mid,north,2.0,2,small
2500.0,120.0,Bologna,Appartamento,mid,north,2.0,5,mid
1100.0,60.0,Bologna,Trilocale,mid,north,2.0,3,small
1100.0,83.0,Bologna,Quadrilocale,mid,north,2.0,4,mid-small
2100.0,110.0,Bologna,Quadrilocale,mid,north,2.0,4,mid
900.0,40.0,Bologna,Monolocale,mid,north,2.0,1,small
1250.0,78.0,Bologna,Trilocale,mid,north,2.0,3,mid-small
950.0,45.0,Bologna,Bilocale,mid,north,2.0,2,small
980.0,70.0,Bologna,Trilocale,mid,north,2.0,3,mid-small
1300.0,90.0,Bologna,Trilocale,mid,north,1.0,3,mid-small
750.0,40.0,Bologna,Bilocale,mid,north,1.0,2,small
3000.0,270.0,Bologna,Appartamento,mid,north,1.0,6,large
950.0,55.0,Bologna,Bilocale,mid,north,1.0,2,small
1400.0,56.0,Bologna,Trilocale,mid,north,1.0,3,small
1400.0,90.0,Bologna,Mansarda,mid,north,1.0,3,mid-small
1950.0,100.0,Bologna,Attico,mid,north,1.0,3,mid
1200.0,70.0,Bologna,Trilocale,mid,north,1.0,3,mid-small
2000.0,180.0,Bologna,Attico,mid,north,1.0,5,mid
1600.0,130.0,Bologna,Attico,mid,north,1.0,6,mid
1700.0,120.0,Bologna,Attico,mid,north,1.0,4,mid
1850.0,150.0,Bologna,Quadrilocale,mid,north,1.0,4,mid
1800.0,130.0,Bologna,Quadrilocale,mid,north,1.0,4,mid
3200.0,240.0,Bologna,Appartamento,mid,north,1.0,5,large
5000.0,480.0,Bologna,Villa,mid,north,1.0,6,very large
890.0,70.0,Bologna,Trilocale,mid,north,1.0,3,mid-small
3000.0,302.0,Bologna,Attico,mid,north,1.0,6,large
1650.0,90.0,Bologna,Quadrilocale,mid,north,1.0,4,mid-small
2200.0,181.0,Bologna,Appartamento,mid,north,1.0,6,mid
900.0,50.0,Bologna,Bilocale,mid,north,1.0,2,small
1800.0,140.0,Bologna,Appartamento,mid,north,1.0,6,mid
1550.0,80.0,Bologna,Trilocale,mid,north,1.0,3,mid-small
1100.0,75.0,Bologna,Trilocale,mid,north,1.0,3,mid-small
700.0,27.0,Bologna,Monolocale,mid,north,1.0,1,very small
1400.0,95.0,Bologna,Trilocale,mid,north,1.0,3,mid-small
600.0,28.0,Bologna,Monolocale,mid,north,1.0,1,very small
1400.0,40.0,Bologna,Monolocale,mid,north,1.0,1,small
450.0,90.0,Bologna,Appartamento,mid,north,1.0,5,mid-small
1350.0,160.0,Bologna,Appartamento,mid,north,1.0,5,mid
1050.0,40.0,Bologna,Bilocale,mid,north,1.0,2,small
900.0,70.0,Bologna,Quadrilocale,mid,north,1.0,4,mid-small
2500.0,160.0,Bologna,Appartamento,mid,north,1.0,5,mid
2900.0,230.0,Bologna,Mansarda,mid,north,1.0,4,large
2150.0,130.0,Bologna,Quadrilocale,mid,north,1.0,4,mid
1100.0,80.0,Bologna,Trilocale,mid,north,1.0,3,mid-small
900.0,115.0,Bologna,Quadrilocale,mid,north,1.0,4,mid
2100.0,95.0,Bologna,Quadrilocale,mid,north,1.0,4,mid-small
1250.0,80.0,Bologna,Trilocale,mid,north,1.0,3,mid-small
1300.0,75.0,Bologna,Bilocale,mid,north,1.0,2,mid-small
1000.0,50.0,Bologna,Trilocale,mid,north,1.0,3,small
750.0,35.0,Bologna,Bilocale,mid,north,1.0,2,very small
5000.0,346.0,Bologna,Appartamento,mid,north,1.0,6,large
1250.0,70.0,Bologna,Trilocale,mid,north,1.0,3,mid-small
2700.0,116.0,Bologna,Quadrilocale,mid,north,1.0,4,mid
1250.0,60.0,Bologna,Monolocale,mid,north,1.0,1,small
850.0,50.0,Bologna,Bilocale,mid,north,1.0,2,small
1000.0,80.0,Bologna,Trilocale,mid,north,1.0,3,mid-small
900.0,57.0,Bologna,Trilocale,mid,north,1.0,3,small
1200.0,74.0,Bologna,Bilocale,mid,north,1.0,2,mid-small
1300.0,81.0,Bologna,Trilocale,mid,north,4.0,3,mid-small
1250.0,85.0,Bologna,Trilocale,mid,north,4.0,3,mid-small
850.0,45.0,Bologna,Bilocale,mid,north,4.0,2,small
3200.0,250.0,Bologna,Appartamento,mid,north,4.0,6,large
900.0,35.0,Bologna,Bilocale,mid,north,4.0,2,very small
1200.0,90.0,Bologna,Quadrilocale,mid,north,4.0,4,mid-small
1860.0,200.0,Bologna,Appartamento,mid,north,4.0,5,large
730.0,32.0,Bologna,Monolocale,mid,north,4.0,1,very small
1050.0,50.0,Bologna,Bilocale,mid,north,4.0,2,small
1750.0,117.0,Bologna,Trilocale,mid,north,4.0,3,mid
1250.0,90.0,Bologna,Quadrilocale,mid,north,4.0,4,mid-small
1300.0,80.0,Bologna,Quadrilocale,mid,north,4.0,4,mid-small
1250.0,50.0,Bologna,Bilocale,mid,north,4.0,2,small
1350.0,80.0,Bologna,Quadrilocale,mid,north,4.0,4,mid-small
1100.0,80.0,Bologna,Trilocale,mid,north,4.0,3,mid-small
2000.0,178.0,Bologna,Quadrilocale,mid,north,4.0,4,mid
1250.0,80.0,Bologna,Trilocale,mid,north,4.0,3,mid-small
2600.0,250.0,Bologna,Villa,mid,north,4.0,5,large
2400.0,180.0,Bologna,Appartamento,mid,north,4.0,5,mid
1600.0,110.0,Bologna,Quadrilocale,mid,north,4.0,4,mid
1650.0,118.0,Bologna,Quadrilocale,mid,north,4.0,4,mid
1500.0,50.0,Bologna,Bilocale,mid,north,4.0,2,small
1400.0,80.0,Bologna,Trilocale,mid,north,2.0,3,mid-small
830.0,95.0,Bologna,Quadrilocale,mid,north,2.0,4,mid-small
2300.0,110.0,Bologna,Quadrilocale,mid,north,2.0,4,mid
1500.0,98.0,Bologna,Trilocale,mid,north,2.0,3,mid-small
1500.0,160.0,Bologna,Quadrilocale,mid,north,2.0,4,mid
1000.0,60.0,Bologna,Bilocale,mid,north,2.0,2,small
1100.0,55.0,Bologna,Bilocale,mid,north,2.0,2,small
1400.0,95.0,Bologna,Quadrilocale,mid,north,2.0,4,mid-small
690.0,40.0,Bologna,Monolocale,mid,north,2.0,1,small
1000.0,50.0,Bologna,Bilocale,mid,north,2.0,2,small
1000.0,68.0,Bologna,Mansarda,mid,north,2.0,4,small
2000.0,112.0,Bologna,Appartamento,mid,north,2.0,5,mid
1600.0,113.0,Bologna,Appartamento,mid,north,2.0,6,mid
1100.0,80.0,Bologna,Trilocale,mid,north,2.0,3,mid-small
1100.0,80.0,Bologna,Trilocale,mid,north,2.0,3,mid-small
840.0,33.0,Bologna,Monolocale,mid,north,2.0,1,very small
1700.0,110.0,Bologna,Attico,mid,north,2.0,4,mid
900.0,50.0,Bologna,Bilocale,mid,north,2.0,2,small
1000.0,80.0,Bologna,Trilocale,mid,north,2.0,3,mid-small
1950.0,90.0,Bologna,Trilocale,mid,north,2.0,3,mid-small
750.0,48.0,Bologna,Bilocale,mid,north,2.0,2,small
700.0,50.0,Bologna,Trilocale,mid,north,2.0,3,small
1200.0,55.0,Bologna,Attico,mid,north,2.0,2,small
1500.0,85.0,Bologna,Trilocale,mid,north,2.0,3,mid-small
2000.0,90.0,Bologna,Trilocale,mid,north,2.0,3,mid-small
1500.0,114.0,Bologna,Quadrilocale,mid,north,3.0,4,mid
1230.0,139.0,Bologna,Appartamento,mid,north,3.0,5,mid
1100.0,45.0,Bologna,Bilocale,mid,north,3.0,2,small
900.0,45.0,Bologna,Bilocale,mid,north,3.0,2,small
1500.0,104.0,Bologna,Quadrilocale,mid,north,3.0,4,mid
1050.0,60.0,Bologna,Trilocale,mid,north,3.0,3,small
650.0,40.0,Bologna,Monolocale,mid,north,3.0,1,small
1100.0,80.0,Bologna,Bilocale,mid,north,3.0,2,mid-small
1900.0,100.0,Bologna,Trilocale,mid,north,3.0,3,mid
750.0,43.0,Bologna,Monolocale,mid,north,3.0,1,small
1250.0,80.0,Bologna,Trilocale,mid,north,3.0,3,mid-small
1000.0,28.0,Bologna,Monolocale,mid,north,3.0,1,very small
3300.0,212.0,Bologna,Appartamento,mid,north,3.0,5,large
950.0,75.0,Bologna,Trilocale,mid,north,3.0,3,mid-small
900.0,41.0,Bologna,Monolocale,mid,north,3.0,1,small
1700.0,115.0,Bologna,Quadrilocale,mid,north,3.0,4,mid
1900.0,140.0,Bologna,Appartamento,mid,north,3.0,5,mid
3100.0,230.0,Bologna,Appartamento,mid,north,3.0,6,large
1350.0,100.0,Bologna,Quadrilocale,mid,north,3.0,4,mid
1300.0,80.0,Bologna,Trilocale,mid,north,3.0,3,mid-small
2200.0,120.0,Bologna,Quadrilocale,mid,north,3.0,4,mid
1500.0,160.0,Bologna,Appartamento,mid,north,3.0,5,mid
1100.0,50.0,Bologna,Bilocale,mid,north,3.0,2,small
2000.0,140.0,Bologna,Quadrilocale,mid,north,3.0,4,mid
1250.0,60.0,Bologna,Bilocale,mid,north,3.0,2,small
950.0,50.0,Bologna,Bilocale,mid,north,0.5,2,small
2000.0,140.0,Bologna,Quadrilocale,mid,north,0.5,4,mid
900.0,85.0,Bologna,Quadrilocale,mid,north,0.5,4,mid-small
1200.0,90.0,Bologna,Trilocale,mid,north,0.5,3,mid-small
1000.0,71.0,Bologna,Trilocale,mid,north,0.5,3,mid-small
1350.0,83.0,Bologna,Bilocale,mid,north,0.5,2,mid-small
1650.0,113.0,Bologna,Appartamento,mid,north,0.5,5,mid
1300.0,57.0,Bologna,Trilocale,mid,north,0.5,3,small
1500.0,100.0,Bologna,Quadrilocale,mid,north,0.5,4,mid
3100.0,230.0,Bologna,Appartamento,mid,north,0.5,5,large
1300.0,95.0,Bologna,Quadrilocale,mid,north,0.5,4,mid-small
2200.0,210.0,Bologna,Appartamento,mid,north,0.5,6,large
1100.0,45.0,Bologna,Bilocale,mid,north,0.5,2,small
1250.0,70.0,Bologna,Trilocale,mid,north,0.5,3,mid-small
1300.0,106.0,Bologna,Quadrilocale,mid,north,0.5,4,mid
3250.0,300.0,Bologna,Attico,mid,north,0.5,6,large
1200.0,150.0,Bologna,Quadrilocale,mid,north,0.5,4,mid
1100.0,70.0,Bologna,Trilocale,mid,north,0.5,3,mid-small
1200.0,83.0,Bologna,Trilocale,mid,north,0.5,3,mid-small
800.0,75.0,Bologna,Trilocale,mid,north,0.5,3,mid-small
1100.0,50.0,Bologna,Bilocale,mid,north,0.5,2,small
1000.0,70.0,Bologna,Trilocale,mid,north,0.5,3,mid-small
1300.0,50.0,Bologna,Trilocale,mid,north,0.5,3,small
5000.0,140.0,Bologna,Appartamento,mid,north,0.5,6,mid
1400.0,45.0,Bologna,Monolocale,mid,north,0.5,1,small
1300.0,50.0,Bologna,Monolocale,mid,north,4.0,1,small
3260.0,110.0,Bologna,Trilocale,mid,north,4.0,3,mid
1100.0,50.0,Bologna,Monolocale,mid,north,4.0,1,small
3300.0,130.0,Bologna,Trilocale,mid,north,4.0,3,mid
1800.0,50.0,Bologna,Bilocale,mid,north,4.0,2,small
1815.0,65.0,Bologna,Bilocale,mid,north,4.0,2,small
1550.0,50.0,Bologna,Bilocale,mid,north,4.0,2,small
3410.0,90.0,Bologna,Trilocale,mid,north,4.0,3,mid-small
1520.0,45.0,Bologna,Bilocale,mid,north,4.0,2,small
1705.0,65.0,Bologna,Bilocale,mid,north,4.0,2,small
1200.0,35.0,Bologna,Monolocale,mid,north,4.0,1,very small
1045.0,30.0,Bologna,Monolocale,mid,north,4.0,1,very small
1450.0,60.0,Bologna,Bilocale,mid,north,4.0,2,small
2370.0,125.0,Bologna,Trilocale,mid,north,4.0,3,mid
1200.0,30.0,Bologna,Monolocale,mid,north,4.0,1,very small
1800.0,50.0,Bologna,Trilocale,mid,north,4.0,3,small
1960.0,65.0,Bologna,Bilocale,mid,north,4.0,2,small
3845.0,200.0,Bologna,Trilocale,mid,north,4.0,3,large
3350.0,160.0,Bologna,Quadrilocale,mid,north,4.0,4,mid
1910.0,50.0,Bologna,Bilocale,mid,north,4.0,2,small
1400.0,63.0,Bologna,Bilocale,mid,north,4.0,2,small
1350.0,50.0,Bologna,Bilocale,mid,north,4.0,2,small
1630.0,75.0,Bologna,Bilocale,mid,north,4.0,2,mid-small
1600.0,40.0,Bologna,Monolocale,mid,north,4.0,1,small
1630.0,55.0,Bologna,Bilocale,mid,north,4.0,2,small
1700.0,43.0,Bologna,Trilocale,mid,north,0.0,3,small
1100.0,50.0,Bologna,Monolocale,mid,north,0.0,1,small
1705.0,65.0,Bologna,Bilocale,mid,north,0.0,2,small
1815.0,65.0,Bologna,Bilocale,mid,north,0.0,2,small
1815.0,65.0,Bologna,Bilocale,mid,north,0.0,2,small
1300.0,50.0,Bologna,Bilocale,mid,north,0.0,2,small
1300.0,50.0,Bologna,Monolocale,mid,north,0.0,1,small
1400.0,42.0,Bologna,Bilocale,mid,north,0.0,2,small
1785.0,65.0,Bologna,Bilocale,mid,north,0.0,2,small
1500.0,50.0,Bologna,Bilocale,mid,north,0.0,2,small
2100.0,60.0,Bologna,Trilocale,mid,north,0.0,3,small
1450.0,50.0,Bologna,Bilocale,mid,north,0.0,2,small
995.0,30.0,Bologna,Monolocale,mid,north,0.0,1,very small
1000.0,50.0,Bologna,Monolocale,mid,north,0.0,1,small
1700.0,60.0,Bologna,Bilocale,mid,north,0.0,2,small
1200.0,45.0,Bologna,Bilocale,mid,north,0.0,2,small
1200.0,37.0,Bologna,Monolocale,mid,north,0.0,1,very small
2000.0,103.0,Bologna,Trilocale,mid,north,0.0,3,mid
1400.0,45.0,Bologna,Bilocale,mid,north,0.0,2,small
900.0,50.0,Bologna,Monolocale,mid,north,0.0,1,small
1785.0,65.0,Bologna,Bilocale,mid,north,0.0,2,small
1800.0,50.0,Bologna,Bilocale,mid,north,0.0,2,small
2000.0,35.0,Bologna,Monolocale,mid,north,0.0,1,very small
1100.0,50.0,Bologna,Monolocale,mid,north,0.0,1,small
3155.0,140.0,Bologna,Quadrilocale,mid,north,2.0,4,mid
3155.0,90.0,Bologna,Trilocale,mid,north,2.0,3,mid-small
1240.0,28.0,Bologna,Monolocale,mid,north,2.0,1,very small
1600.0,55.0,Bologna,Bilocale,mid,north,2.0,2,small
2000.0,35.0,Bologna,Monolocale,mid,north,2.0,1,very small
1430.0,40.0,Bologna,Bilocale,mid,north,2.0,2,small
1300.0,40.0,Bologna,Monolocale,mid,north,2.0,1,small
1350.0,40.0,Bologna,Bilocale,mid,north,2.0,2,small
1795.0,50.0,Bologna,Bilocale,mid,north,2.0,2,small
1695.0,65.0,Bologna,Bilocale,mid,north,2.0,2,small
1700.0,50.0,Bologna,Monolocale,mid,north,2.0,1,small
1470.0,40.0,Bologna,Monolocale,mid,north,2.0,1,small
1540.0,50.0,Bologna,Bilocale,mid,north,2.0,2,small
2345.0,90.0,Bologna,Trilocale,mid,north,2.0,3,mid-small
1630.0,45.0,Bologna,Bilocale,mid,north,2.0,2,small
1815.0,65.0,Bologna,Bilocale,mid,north,2.0,2,small
2450.0,115.0,Bologna,Quadrilocale,mid,north,2.0,4,mid
3125.0,90.0,Bologna,Trilocale,mid,north,2.0,3,mid-small
1100.0,50.0,Bologna,Monolocale,mid,north,2.0,1,small
1905.0,50.0,Bologna,Bilocale,mid,north,2.0,2,small
1300.0,50.0,Bologna,Monolocale,mid,north,2.0,1,small
1500.0,30.0,Bologna,Monolocale,mid,north,2.0,1,very small
1100.0,20.0,Bologna,Monolocale,mid,north,2.0,1,very small
1730.0,50.0,Bologna,Bilocale,mid,north,2.0,2,small
1100.0,50.0,Bologna,Bilocale,mid,north,0.0,2,small
1320.0,30.0,Bologna,Monolocale,mid,north,0.0,1,very small
1650.0,65.0,Bologna,Bilocale,mid,north,0.0,2,small
1100.0,50.0,Bologna,Monolocale,mid,north,0.0,1,small
1600.0,40.0,Bologna,Bilocale,mid,north,0.0,2,small
1600.0,48.0,Bologna,Bilocale,mid,north,0.0,2,small
1100.0,20.0,Bologna,Monolocale,mid,north,0.0,1,very small
1600.0,50.0,Bologna,Monolocale,mid,north,0.0,1,small
1525.0,45.0,Bologna,Bilocale,mid,north,0.0,2,small
1100.0,50.0,Bologna,Monolocale,mid,north,0.0,1,small
3230.0,140.0,Bologna,Quadrilocale,mid,north,0.0,4,mid
1500.0,45.0,Bologna,Bilocale,mid,north,0.0,2,small
1940.0,72.0,Bologna,Trilocale,mid,north,0.0,3,mid-small
1530.0,45.0,Bologna,Bilocale,mid,north,0.0,2,small
2000.0,70.0,Bologna,Bilocale,mid,north,0.0,2,mid-small
2310.0,90.0,Bologna,Quadrilocale,mid,north,0.0,4,mid-small
3055.0,95.0,Bologna,Trilocale,mid,north,0.0,3,mid-small
5000.0,484.0,Bologna,Villa,mid,north,0.0,6,very large
3500.0,150.0,Bologna,Quadrilocale,mid,north,0.0,4,mid
4200.0,400.0,Bologna,Appartamento,mid,north,0.0,6,very large
1350.0,80.0,Bologna,Quadrilocale,mid,north,0.0,4,mid-small
900.0,45.0,Bologna,Bilocale,mid,north,0.0,2,small
1150.0,61.0,Bologna,Bilocale,mid,north,0.0,2,small
1000.0,45.0,Bologna,Monolocale,mid,north,0.0,1,small
1350.0,100.0,Bologna,Quadrilocale,mid,north,0.0,4,mid
900.0,77.0,Bologna,Trilocale,mid,north,3.0,3,mid-small
2180.0,100.0,Bologna,Trilocale,mid,north,3.0,3,mid
750.0,40.0,Bologna,Monolocale,mid,north,3.0,1,small
1500.0,95.0,Bologna,Quadrilocale,mid,north,3.0,4,mid-small
1000.0,79.0,Bologna,Trilocale,mid,north,3.0,3,mid-small
2000.0,160.0,Bologna,Trilocale,mid,north,3.0,3,mid
650.0,32.0,Bologna,Monolocale,mid,north,3.0,1,very small
1200.0,120.0,Bologna,Quadrilocale,mid,north,3.0,4,mid
1900.0,165.0,Bologna,Quadrilocale,mid,north,3.0,4,mid
2500.0,170.0,Bologna,Appartamento,mid,north,3.0,5,mid
2700.0,160.0,Bologna,Quadrilocale,mid,north,3.0,4,mid
1800.0,60.0,Bologna,Trilocale,mid,north,3.0,3,small
2230.0,80.0,Bologna,Trilocale,mid,north,3.0,3,mid-small
1300.0,50.0,Bologna,Monolocale,mid,north,3.0,1,small
1250.0,36.0,Bologna,Monolocale,mid,north,3.0,1,very small
1500.0,50.0,Bologna,Monolocale,mid,north,3.0,1,small
2500.0,85.0,Bologna,Trilocale,mid,north,3.0,3,mid-small
5700.0,50.0,Bologna,Appartamento,mid,north,3.0,6,small
650.0,33.0,Bologna,Monolocale,mid,north,3.0,1,very small
1100.0,42.0,Bologna,Bilocale,mid,north,3.0,2,small
900.0,75.0,Bologna,Trilocale,mid,north,3.0,3,mid-small
1100.0,60.0,Bologna,Trilocale,mid,north,3.0,3,small
750.0,48.0,Bologna,Bilocale,mid,north,3.0,2,small
800.0,38.0,Bologna,Monolocale,mid,north,3.0,1,very small
3300.0,239.0,Bologna,Appartamento,mid,north,2.0,6,large
1500.0,90.0,Bologna,Trilocale,mid,north,2.0,3,mid-small
1100.0,38.0,Bologna,Open space,mid,north,2.0,2,very small
1200.0,80.0,Bologna,Quadrilocale,mid,north,2.0,4,mid-small
2000.0,83.0,Bologna,Trilocale,mid,north,2.0,3,mid-small
1100.0,25.0,Bologna,Monolocale,mid,north,2.0,1,very small
1650.0,80.0,Bologna,Trilocale,mid,north,2.0,3,mid-small
1600.0,70.0,Bologna,Trilocale,mid,north,2.0,3,mid-small
800.0,45.0,Bologna,Bilocale,mid,north,2.0,2,small
1100.0,40.0,Bologna,Bilocale,mid,north,2.0,2,small
1200.0,30.0,Bologna,Monolocale,mid,north,2.0,1,very small
1500.0,65.0,Bologna,Trilocale,mid,north,2.0,3,small
1500.0,65.0,Bologna,Bilocale,mid,north,2.0,2,small
1200.0,40.0,Bologna,Bilocale,mid,north,2.0,2,small
3000.0,300.0,Bologna,Attico,mid,north,2.0,6,large
1000.0,50.0,Bologna,Bilocale,mid,north,2.0,2,small
1900.0,70.0,Bologna,Trilocale,mid,north,2.0,3,mid-small
1950.0,100.0,Bologna,Trilocale,mid,north,2.0,3,mid
1900.0,90.0,Bologna,Trilocale,mid,north,2.0,3,mid-small
1400.0,50.0,Bologna,Bilocale,mid,north,2.0,2,small
1050.0,35.0,Bologna,Monolocale,mid,north,2.0,1,very small
1150.0,65.0,Bologna,Bilocale,mid,north,2.0,2,small
1100.0,50.0,Bologna,Bilocale,mid,north,2.0,2,small
1200.0,40.0,Bologna,Bilocale,mid,north,2.0,2,small
1150.0,50.0,Bologna,Bilocale,mid,north,2.0,2,small
1200.0,37.0,Bologna,Monolocale,mid,north,0.0,1,very small
2900.0,104.0,Bologna,Terratetto,mid,north,0.0,3,mid
2000.0,115.0,Bologna,Appartamento,mid,north,0.0,5,mid
1100.0,50.0,Bologna,Bilocale,mid,north,0.0,2,small
1050.0,50.0,Bologna,Bilocale,mid,north,0.0,2,small
1250.0,60.0,Bologna,Bilocale,mid,north,0.0,2,small
1000.0,38.0,Bologna,Bilocale,mid,north,0.0,2,very small
1000.0,50.0,Bologna,Bilocale,mid,north,0.0,2,small
1500.0,90.0,Bologna,Trilocale,mid,north,0.0,3,mid-small
1150.0,40.0,Bologna,Monolocale,mid,north,0.0,1,small
1800.0,90.0,Bologna,Trilocale,mid,north,0.0,3,mid-small
1000.0,85.0,Bologna,Quadrilocale,mid,north,0.0,4,mid-small
1750.0,67.0,Bologna,Trilocale,mid,north,0.0,3,small
900.0,38.0,Bologna,Bilocale,mid,north,0.0,2,very small
1000.0,50.0,Bologna,Bilocale,mid,north,0.0,2,small
1800.0,70.0,Bologna,Trilocale,mid,north,0.0,3,mid-small
1200.0,45.0,Bologna,Bilocale,mid,north,0.0,2,small
1900.0,60.0,Bologna,Trilocale,mid,north,0.0,3,small
1400.0,54.0,Bologna,Bilocale,mid,north,0.0,2,small
2200.0,61.0,Bologna,Trilocale,mid,north,0.0,3,small
1000.0,50.0,Bologna,Bilocale,mid,north,0.0,2,small
1100.0,30.0,Bologna,Monolocale,mid,north,0.0,1,very small
1200.0,50.0,Bologna,Bilocale,mid,north,0.0,2,small
850.0,24.0,Bologna,Monolocale,mid,north,0.0,1,very small
600.0,30.0,Bologna,Monolocale,mid,north,0.0,1,very small
1600.0,99.0,Bologna,Attico,mid,north,4.0,4,mid-small
1250.0,45.0,Bologna,Bilocale,mid,north,4.0,2,small
1300.0,40.0,Bologna,Monolocale,mid,north,4.0,1,small
1300.0,64.0,Bologna,Trilocale,mid,north,4.0,3,small
2200.0,140.0,Bologna,Quadrilocale,mid,north,4.0,4,mid
2100.0,140.0,Bologna,Quadrilocale,mid,north,4.0,4,mid
1200.0,80.0,Bologna,Trilocale,mid,north,4.0,3,mid-small
1400.0,70.0,Bologna,Trilocale,mid,north,4.0,3,mid-small
1200.0,85.0,Bologna,Trilocale,mid,north,4.0,3,mid-small
1200.0,85.0,Bologna,Trilocale,mid,north,4.0,3,mid-small
1500.0,140.0,Bologna,Appartamento,mid,north,4.0,5,mid
1250.0,81.0,Bologna,Trilocale,mid,north,4.0,3,mid-small
1350.0,70.0,Bologna,Bilocale,mid,north,4.0,2,mid-small
1100.0,48.0,Bologna,Bilocale,mid,north,4.0,2,small
1300.0,65.0,Bologna,Bilocale,mid,north,4.0,2,small
780.0,85.0,Bologna,Quadrilocale,mid,north,4.0,4,mid-small
1300.0,55.0,Bologna,Bilocale,mid,north,4.0,2,small
1290.0,94.0,Bologna,Quadrilocale,mid,north,4.0,4,mid-small
2500.0,70.0,Bologna,Bilocale,mid,north,4.0,2,mid-small
750.0,40.0,Bologna,Monolocale,mid,north,4.0,1,small
1200.0,50.0,Bologna,Monolocale,mid,north,4.0,1,small
2200.0,98.0,Bologna,Quadrilocale,mid,north,4.0,4,mid-small
1100.0,45.0,Bologna,Bilocale,mid,north,4.0,2,small
900.0,48.0,Bologna,Bilocale,mid,north,4.0,2,small
650.0,50.0,Bologna,Bilocale,mid,north,0.0,2,small
1600.0,120.0,Bologna,Appartamento,mid,north,0.0,6,mid
1000.0,50.0,Bologna,Bilocale,mid,north,0.0,2,small
1100.0,80.0,Bologna,Bilocale,mid,north,0.0,2,mid-small
5000.0,135.0,Bologna,Appartamento,mid,north,0.0,5,mid
1200.0,80.0,Bologna,Trilocale,mid,north,0.0,3,mid-small
750.0,48.0,Bologna,Bilocale,mid,north,0.0,2,small
860.0,80.0,Bologna,Quadrilocale,mid,north,0.0,4,mid-small
2100.0,130.0,Bologna,Quadrilocale,mid,north,0.0,4,mid
5500.0,150.0,Bologna,Quadrilocale,mid,north,0.0,4,mid
1450.0,40.0,Bologna,Trilocale,mid,north,0.0,3,small
1080.0,52.0,Bologna,Bilocale,mid,north,0.0,2,small
1300.0,68.0,Bologna,Trilocale,mid,north,0.0,3,small
1300.0,50.0,Bologna,Bilocale,mid,north,0.0,2,small
1200.0,140.0,Bologna,Attico,mid,north,0.0,3,mid
1150.0,57.0,Bologna,Bilocale,mid,north,0.0,2,small
1150.0,82.0,Bologna,Quadrilocale,mid,north,0.0,4,mid-small
1400.0,65.0,Bologna,Trilocale,mid,north,0.0,3,small
1900.0,165.0,Bologna,Quadrilocale,mid,north,0.0,4,mid
1200.0,110.0,Bologna,Quadrilocale,mid,north,0.0,4,mid
1800.0,135.0,Bologna,Appartamento,mid,north,0.0,5,mid
800.0,40.0,Bologna,Monolocale,mid,north,0.0,1,small
1800.0,140.0,Bologna,Appartamento,mid,north,0.0,5,mid
1250.0,70.0,Bologna,Trilocale,mid,north,0.0,3,mid-small
2100.0,110.0,Bologna,Quadrilocale,mid,north,0.0,4,mid
1300.0,75.0,Bologna,Trilocale,mid,north,1.0,3,mid-small
650.0,35.0,Bologna,Monolocale,mid,north,1.0,1,very small
500.0,25.0,Bologna,Monolocale,mid,north,1.0,1,very small
3000.0,300.0,Bologna,Attico,mid,north,1.0,5,large
2200.0,100.0,Bologna,Trilocale,mid,north,1.0,3,mid
680.0,40.0,Bologna,Bilocale,mid,north,1.0,2,small
1300.0,100.0,Bologna,Quadrilocale,mid,north,1.0,4,mid
1200.0,50.0,Bologna,Monolocale,mid,north,1.0,1,small
1700.0,67.0,Bologna,Bilocale,mid,north,1.0,2,small
1200.0,50.0,Bologna,Bilocale,mid,north,1.0,2,small
800.0,50.0,Bologna,Monolocale,mid,north,1.0,1,small
1400.0,92.0,Bologna,Quadrilocale,mid,north,1.0,4,mid-small
800.0,35.0,Bologna,Bilocale,mid,north,1.0,2,very small
1250.0,90.0,Bologna,Trilocale,mid,north,1.0,3,mid-small
2310.0,130.0,Bologna,Appartamento,mid,north,1.0,5,mid
1250.0,90.0,Bologna,Trilocale,mid,north,1.0,3,mid-small
1050.0,45.0,Bologna,Monolocale,mid,north,1.0,1,small
1250.0,99.0,Bologna,Quadrilocale,mid,north,1.0,4,mid-small
1250.0,90.0,Bologna,Trilocale,mid,north,1.0,3,mid-small
1250.0,90.0,Bologna,Trilocale,mid,north,1.0,3,mid-small
1250.0,90.0,Bologna,Trilocale,mid,north,1.0,3,mid-small
970.0,71.0,Bologna,Bilocale,mid,north,1.0,2,mid-small
475.0,100.0,Bologna,Quadrilocale,mid,north,1.0,4,mid
1200.0,95.0,Bologna,Quadrilocale,mid,north,1.0,4,mid-small
1400.0,95.0,Bologna,Quadrilocale,mid,north,1.0,4,mid-small
3000.0,300.0,Bologna,Appartamento,mid,north,6.0,6,large
1200.0,80.0,Bologna,Quadrilocale,mid,north,6.0,4,mid-small
900.0,65.0,Bologna,Trilocale,mid,north,6.0,3,small
1200.0,107.0,Bologna,Quadrilocale,mid,north,6.0,4,mid
820.0,55.0,Bologna,Bilocale,mid,north,6.0,2,small
1100.0,119.0,Bologna,Appartamento,mid,north,6.0,5,mid
800.0,45.0,Bologna,Bilocale,mid,north,6.0,2,small
1400.0,100.0,Bologna,Trilocale,mid,north,6.0,3,mid
1350.0,92.0,Bologna,Quadrilocale,mid,north,6.0,4,mid-small
5000.0,350.0,Bologna,Appartamento,mid,north,6.0,6,large
1100.0,39.0,Bologna,Monolocale,mid,north,6.0,1,very small
1900.0,110.0,Bologna,Mansarda,mid,north,6.0,3,mid
1000.0,75.0,Bologna,Trilocale,mid,north,6.0,3,mid-small
1500.0,100.0,Bologna,Quadrilocale,mid,north,6.0,4,mid
5400.0,550.0,Bologna,Appartamento,mid,north,6.0,6,very large
850.0,75.0,Bologna,Trilocale,mid,north,6.0,3,mid-small
2200.0,120.0,Bologna,Trilocale,mid,north,6.0,3,mid
850.0,28.0,Bologna,Bilocale,mid,north,6.0,2,very small
950.0,40.0,Bologna,Monolocale,mid,north,6.0,1,small
780.0,56.0,Bologna,Bilocale,mid,north,6.0,2,small
1200.0,80.0,Bologna,Trilocale,mid,north,6.0,3,mid-small
900.0,70.0,Bologna,Bilocale,mid,north,6.0,2,mid-small
1950.0,100.0,Bologna,Quadrilocale,mid,north,6.0,4,mid
1050.0,67.0,Bologna,Bilocale,mid,north,0.0,2,small
900.0,40.0,Bologna,Bilocale,mid,north,0.0,2,small
900.0,85.0,Bologna,Trilocale,mid,north,0.0,3,mid-small
3100.0,236.0,Bologna,Attico,mid,north,0.0,6,large
1250.0,70.0,Bologna,Trilocale,mid,north,0.0,3,mid-small
1200.0,95.0,Bologna,Quadrilocale,mid,north,0.0,4,mid-small
950.0,35.0,Bologna,Monolocale,mid,north,0.0,1,very small
1350.0,35.0,Bologna,Monolocale,mid,north,0.0,1,very small
1200.0,35.0,Bologna,Monolocale,mid,north,0.0,1,very small
1250.0,40.0,Bologna,Monolocale,mid,north,0.0,1,small
830.0,30.0,Bologna,Monolocale,mid,north,0.0,1,very small
1400.0,50.0,Bologna,Bilocale,mid,north,0.0,2,small
1400.0,43.0,Bologna,Bilocale,mid,north,0.0,2,small
1200.0,35.0,Bologna,Bilocale,mid,north,0.0,2,very small
1400.0,119.0,Bologna,Quadrilocale,mid,north,0.0,4,mid
1500.0,95.0,Bologna,Trilocale,mid,north,0.0,3,mid-small
700.0,40.0,Bologna,Monolocale,mid,north,0.0,1,small
900.0,45.0,Bologna,Monolocale,mid,north,0.0,1,small
850.0,55.0,Bologna,Trilocale,mid,north,0.0,3,small
790.0,72.0,Bologna,Trilocale,mid,north,0.0,3,mid-small
1450.0,54.0,Bologna,Bilocale,mid,north,0.0,2,small
1750.0,65.0,Bologna,Bilocale,mid,north,0.0,2,small
1150.0,32.0,Bologna,Monolocale,mid,north,0.0,1,very small
1450.0,45.0,Bologna,Bilocale,mid,north,0.0,2,small
1850.0,86.0,Bologna,Quadrilocale,mid,north,1.0,4,mid-small
2300.0,79.0,Bologna,Trilocale,mid,north,1.0,3,mid-small
1400.0,44.0,Bologna,Bilocale,mid,north,1.0,2,small
800.0,35.0,Bologna,Bilocale,mid,north,1.0,2,very small
1000.0,55.0,Bologna,Trilocale,mid,north,1.0,3,small
700.0,50.0,Bologna,Monolocale,mid,north,1.0,1,small
900.0,45.0,Bologna,Bilocale,mid,north,1.0,2,small
1350.0,50.0,Bologna,Bilocale,mid,north,1.0,2,small
1350.0,34.0,Bologna,Monolocale,mid,north,1.0,1,very small
2200.0,100.0,Bologna,Trilocale,mid,north,1.0,3,mid
1450.0,40.0,Bologna,Monolocale,mid,north,1.0,1,small
1200.0,50.0,Bologna,Monolocale,mid,north,1.0,1,small
1400.0,65.0,Bologna,Bilocale,mid,north,1.0,2,small
2150.0,90.0,Bologna,Trilocale,mid,north,1.0,3,mid-small
2100.0,50.0,Bologna,Trilocale,mid,north,1.0,3,small
1400.0,40.0,Bologna,Monolocale,mid,north,1.0,1,small
1800.0,70.0,Bologna,Trilocale,mid,north,1.0,3,mid-small
2000.0,70.0,Bologna,Trilocale,mid,north,1.0,3,mid-small
1600.0,42.0,Bologna,Bilocale,mid,north,1.0,2,small
1200.0,47.0,Bologna,Bilocale,mid,north,1.0,2,small
1700.0,65.0,Bologna,Bilocale,mid,north,1.0,2,small
2400.0,100.0,Bologna,Trilocale,mid,north,1.0,3,mid
2000.0,67.0,Bologna,Trilocale,mid,north,1.0,3,small
2400.0,61.0,Bologna,Trilocale,mid,north,1.0,3,small
1150.0,32.0,Bologna,Monolocale,mid,north,1.0,1,very small
1100.0,30.0,Bologna,Monolocale,mid,north,1.0,1,very small
1500.0,50.0,Bologna,Bilocale,mid,north,1.0,2,small
1500.0,55.0,Bologna,Bilocale,mid,north,1.0,2,small
1250.0,38.0,Bologna,Monolocale,mid,north,1.0,1,very small
1400.0,40.0,Bologna,Monolocale,mid,north,1.0,1,small
1400.0,50.0,Bologna,Monolocale,mid,north,1.0,1,small
1500.0,75.0,Bologna,Bilocale,mid,north,1.0,2,mid-small
1100.0,50.0,Bologna,Monolocale,mid,north,1.0,1,small
1400.0,50.0,Bologna,Bilocale,mid,north,1.0,2,small
1370.0,40.0,Bologna,Bilocale,mid,north,1.0,2,small
1400.0,36.0,Bologna,Monolocale,mid,north,1.0,1,very small
1350.0,51.0,Bologna,Bilocale,mid,north,1.0,2,small
1250.0,33.0,Bologna,Monolocale,mid,north,1.0,1,very small
1800.0,70.0,Bologna,Trilocale,mid,north,1.0,3,mid-small
2300.0,65.0,Bologna,Trilocale,mid,north,1.0,3,small
2800.0,120.0,Bologna,Quadrilocale,mid,north,1.0,4,mid
1450.0,79.0,Bologna,Trilocale,mid,north,1.0,3,mid-small
1300.0,45.0,Bologna,Bilocale,mid,north,1.0,2,small
1100.0,50.0,Bologna,Monolocale,mid,north,1.0,1,small
1250.0,32.0,Bologna,Monolocale,mid,north,1.0,1,very small
2100.0,90.0,Bologna,Trilocale,mid,north,1.0,3,mid-small
1600.0,50.0,Bologna,Bilocale,mid,north,1.0,2,small
1100.0,50.0,Bologna,Monolocale,mid,north,1.0,1,small
2000.0,40.0,Bologna,Trilocale,mid,north,1.0,3,small
1450.0,90.0,Bologna,Bilocale,mid,north,1.0,2,mid-small
1800.0,65.0,Bologna,Trilocale,mid,north,1.0,3,small
1400.0,37.0,Bologna,Monolocale,mid,north,1.0,1,very small
1600.0,54.0,Bologna,Bilocale,mid,north,1.0,2,small
1440.0,28.0,Bologna,Monolocale,mid,north,1.0,1,very small
1350.0,70.0,Bologna,Bilocale,mid,north,1.0,2,mid-small
1450.0,60.0,Bologna,Bilocale,mid,north,1.0,2,small
1250.0,35.0,Bologna,Monolocale,mid,north,1.0,1,very small
2100.0,45.0,Bologna,Bilocale,mid,north,1.0,2,small
900.0,50.0,Bologna,Monolocale,mid,north,1.0,1,small
1000.0,50.0,Bologna,Monolocale,mid,north,1.0,1,small
1000.0,28.0,Bologna,Monolocale,mid,north,1.0,1,very small
2000.0,140.0,Bologna,Quadrilocale,mid,north,1.0,4,mid
1250.0,90.0,Bologna,Trilocale,mid,north,1.0,3,mid-small
3500.0,330.0,Bologna,Appartamento,mid,north,1.0,6,large
1300.0,90.0,Bologna,Trilocale,mid,north,1.0,3,mid-small
900.0,65.0,Bologna,Bilocale,mid,north,1.0,2,small
800.0,50.0,Bologna,Monolocale,mid,north,1.0,1,small
750.0,32.0,Bologna,Monolocale,mid,north,1.0,1,very small
850.0,50.0,Bologna,Bilocale,mid,north,1.0,2,small
1200.0,70.0,Bologna,Trilocale,mid,north,1.0,3,mid-small
2100.0,167.0,Bologna,Attico,mid,north,1.0,5,mid
1250.0,80.0,Bologna,Trilocale,mid,north,1.0,3,mid-small
1050.0,45.0,Bologna,Palazzo,mid,north,1.0,3,small
1050.0,50.0,Bologna,Bilocale,mid,north,2.0,2,small
1050.0,75.0,Bologna,Trilocale,mid,north,2.0,3,mid-small
1500.0,86.0,Bologna,Quadrilocale,mid,north,2.0,4,mid-small
1400.0,45.0,Bologna,Bilocale,mid,north,2.0,2,small
950.0,70.0,Bologna,Trilocale,mid,north,2.0,3,mid-small
900.0,68.0,Bologna,Trilocale,mid,north,2.0,3,small
850.0,40.0,Bologna,Bilocale,mid,north,2.0,2,small
750.0,40.0,Bologna,Monolocale,mid,north,2.0,1,small
1300.0,111.0,Bologna,Trilocale,mid,north,2.0,3,mid
950.0,40.0,Bologna,Bilocale,mid,north,2.0,2,small
1200.0,85.0,Bologna,Trilocale,mid,north,2.0,3,mid-small
1100.0,70.0,Bologna,Trilocale,mid,north,2.0,3,mid-small
1590.0,75.0,Bologna,Trilocale,mid,north,2.0,3,mid-small
1200.0,120.0,Bologna,Quadrilocale,mid,north,2.0,4,mid
650.0,40.0,Bologna,Bilocale,mid,north,2.0,2,small
1000.0,52.0,Bologna,Bilocale,mid,north,2.0,2,small
1000.0,65.0,Bologna,Monolocale,mid,north,2.0,1,small
2400.0,220.0,Bologna,Appartamento,mid,north,2.0,6,large
540.0,28.0,Bologna,Monolocale,mid,north,2.0,1,very small
1100.0,93.0,Bologna,Appartamento,mid,north,2.0,5,mid-small
1050.0,50.0,Bologna,Bilocale,mid,north,2.0,2,small
1200.0,40.0,Bologna,Monolocale,mid,north,2.0,1,small
1300.0,75.0,Bologna,Trilocale,mid,north,2.0,3,mid-small
760.0,35.0,Bologna,Monolocale,mid,north,2.0,1,very small
1200.0,70.0,Bologna,Trilocale,mid,north,2.0,3,mid-small
690.0,30.0,Bologna,Monolocale,mid,north,0.0,1,very small
5500.0,150.0,Bologna,Quadrilocale,mid,north,0.0,4,mid
1400.0,100.0,Bologna,Trilocale,mid,north,0.0,3,mid
1200.0,65.0,Bologna,Trilocale,mid,north,0.0,3,small
1200.0,60.0,Bologna,Trilocale,mid,north,0.0,3,small
700.0,46.0,Bologna,Bilocale,mid,north,0.0,2,small
950.0,90.0,Bologna,Quadrilocale,mid,north,0.0,4,mid-small
830.0,60.0,Bologna,Bilocale,mid,north,0.0,2,small
1000.0,50.0,Bologna,Bilocale,mid,north,0.0,2,small
2700.0,160.0,Bologna,Quadrilocale,mid,north,0.0,4,mid
1200.0,90.0,Bologna,Trilocale,mid,north,0.0,3,mid-small
1600.0,70.0,Bologna,Bilocale,mid,north,0.0,2,mid-small
1100.0,75.0,Bologna,Trilocale,mid,north,0.0,3,mid-small
1200.0,80.0,Bologna,Trilocale,mid,north,0.0,3,mid-small
1100.0,45.0,Bologna,Bilocale,mid,north,0.0,2,small
900.0,90.0,Bologna,Trilocale,mid,north,0.0,3,mid-small
950.0,40.0,Bologna,Monolocale,mid,north,0.0,1,small
800.0,34.0,Bologna,Bilocale,mid,north,0.0,2,very small
1500.0,100.0,Bologna,Quadrilocale,mid,north,0.0,4,mid
1800.0,110.0,Bologna,Quadrilocale,mid,north,0.0,4,mid
750.0,50.0,Bologna,Bilocale,mid,north,0.0,2,small
680.0,40.0,Bologna,Bilocale,mid,north,0.0,2,small
1100.0,58.0,Bologna,Monolocale,mid,north,0.0,1,small
1000.0,66.0,Bologna,Trilocale,mid,north,0.0,3,small
1100.0,60.0,Bologna,Monolocale,mid,north,0.0,1,small
1100.0,72.0,Bologna,Bilocale,mid,north,0.0,2,mid-small
1300.0,106.0,Bologna,Palazzo,mid,north,0.0,3,mid
900.0,65.0,Bologna,Trilocale,mid,north,0.0,3,small
950.0,35.0,Bologna,Monolocale,mid,north,0.0,1,very small
1000.0,75.0,Bologna,Trilocale,mid,north,0.0,3,mid-small
1200.0,70.0,Bologna,Trilocale,mid,north,0.0,3,mid-small
1949.0,140.0,Bologna,Quadrilocale,mid,north,0.0,4,mid
650.0,40.0,Bologna,Bilocale,mid,north,0.0,2,small
1500.0,70.0,Bologna,Quadrilocale,mid,north,0.0,4,mid-small
1500.0,90.0,Bologna,Quadrilocale,mid,north,0.0,4,mid-small
550.0,30.0,Bologna,Monolocale,mid,north,0.0,1,very small
3600.0,280.0,Bologna,Appartamento,mid,north,0.0,6,large
700.0,38.0,Bologna,Monolocale,mid,north,0.0,1,very small
1500.0,96.0,Bologna,Quadrilocale,mid,north,0.0,4,mid-small
1800.0,105.0,Bologna,Quadrilocale,mid,north,0.0,4,mid
1100.0,60.0,Bologna,Trilocale,mid,north,0.0,3,small
1050.0,85.0,Bologna,Trilocale,mid,north,0.0,3,mid-small
650.0,35.0,Bologna,Monolocale,mid,north,0.0,1,very small
1200.0,95.0,Bologna,Quadrilocale,mid,north,0.0,4,mid-small
1350.0,55.0,Bologna,Bilocale,mid,north,0.0,2,small
1200.0,45.0,Bologna,Bilocale,mid,north,0.0,2,small
2700.0,130.0,Bologna,Appartamento,mid,north,0.0,5,mid
1100.0,45.0,Bologna,Bilocale,mid,north,0.0,2,small
1400.0,55.0,Bologna,Monolocale,mid,north,0.0,1,small
800.0,40.0,Bologna,Monolocale,mid,north,0.0,1,small
2300.0,150.0,Bologna,Quadrilocale,mid,north,0.0,4,mid
5000.0,135.0,Bologna,Appartamento,mid,north,0.0,5,mid
650.0,27.0,Bologna,Mansarda,mid,north,0.0,2,very small
1400.0,70.0,Bologna,Bilocale,mid,north,0.0,2,mid-small
1500.0,115.0,Bologna,Quadrilocale,mid,north,0.0,4,mid
680.0,36.0,Bologna,Monolocale,mid,north,0.0,1,very small
1250.0,70.0,Bologna,Trilocale,mid,north,0.0,3,mid-small
1250.0,110.0,Bologna,Quadrilocale,mid,north,0.0,4,mid
730.0,35.0,Bologna,Monolocale,mid,north,0.0,1,very small
3000.0,140.0,Bologna,Quadrilocale,mid,north,0.0,4,mid
795.0,27.0,Bologna,Monolocale,mid,north,0.0,1,very small
1800.0,100.0,Bologna,Appartamento,mid,north,0.0,5,mid
1700.0,40.0,Bologna,Monolocale,mid,north,0.0,1,small
750.0,36.0,Bologna,Bilocale,mid,north,0.0,2,very small
1150.0,50.0,Bologna,Bilocale,mid,north,0.0,2,small
3600.0,180.0,Bologna,Attico,mid,north,0.0,4,mid
690.0,40.0,Bologna,Monolocale,mid,north,0.0,1,small
1100.0,75.0,Bologna,Trilocale,mid,north,0.0,3,mid-small
1900.0,170.0,Bologna,Appartamento,mid,north,0.0,5,mid
2500.0,150.0,Bologna,Appartamento,mid,north,0.0,5,mid
950.0,55.0,Bologna,Bilocale,mid,north,0.0,2,small
950.0,70.0,Bologna,Trilocale,mid,north,0.0,3,mid-small
1200.0,70.0,Bologna,Bilocale,mid,north,0.0,2,mid-small
1300.0,60.0,Bologna,Bilocale,mid,north,2.0,2,small
1600.0,90.0,Bologna,Quadrilocale,mid,north,2.0,4,mid-small
800.0,55.0,Bologna,Bilocale,mid,north,2.0,2,small
700.0,40.0,Bologna,Monolocale,mid,north,2.0,1,small
800.0,50.0,Bologna,Bilocale,mid,north,2.0,2,small
1300.0,90.0,Bologna,Trilocale,mid,north,2.0,3,mid-small
1050.0,50.0,Bologna,Bilocale,mid,north,2.0,2,small
650.0,75.0,Bologna,Trilocale,mid,north,2.0,3,mid-small
800.0,77.0,Bologna,Trilocale,mid,north,2.0,3,mid-small
690.0,72.0,Bologna,Trilocale,mid,north,2.0,3,mid-small
620.0,54.0,Bologna,Bilocale,mid,north,2.0,2,small
550.0,42.0,Bologna,Monolocale,mid,north,2.0,1,small
700.0,76.0,Bologna,Trilocale,mid,north,2.0,3,mid-small
3000.0,267.0,Bologna,Palazzo,mid,north,2.0,5,large
1300.0,60.0,Bologna,Bilocale,mid,north,2.0,2,small
1300.0,44.0,Bologna,Monolocale,mid,north,2.0,1,small
750.0,70.0,Bologna,Trilocale,mid,north,2.0,3,mid-small
650.0,82.0,Bologna,Trilocale,mid,north,2.0,3,mid-small
650.0,57.0,Bologna,Bilocale,mid,north,2.0,2,small
650.0,55.0,Bologna,Bilocale,mid,north,2.0,2,small
850.0,78.0,Bologna,Trilocale,mid,north,2.0,3,mid-small
570.0,35.0,Bologna,Monolocale,mid,north,2.0,1,very small
650.0,58.0,Bologna,Bilocale,mid,north,2.0,2,small
700.0,76.0,Bologna,Trilocale,mid,north,2.0,3,mid-small
710.0,72.0,Bologna,Trilocale,mid,north,2.0,3,mid-small
650.0,60.0,Bologna,Bilocale,mid,north,2.0,2,small
800.0,74.0,Bologna,Trilocale,mid,north,2.0,3,mid-small
850.0,74.0,Bologna,Trilocale,mid,north,2.0,3,mid-small
600.0,38.0,Bologna,Monolocale,mid,north,2.0,1,very small
530.0,43.0,Bologna,Monolocale,mid,north,2.0,1,small
700.0,65.0,Bologna,Trilocale,mid,north,2.0,3,small
750.0,77.0,Bologna,Trilocale,mid,north,2.0,3,mid-small
900.0,76.0,Bologna,Trilocale,mid,north,2.0,3,mid-small
1000.0,80.0,Bologna,Quadrilocale,mid,north,2.0,4,mid-small
600.0,38.0,Bologna,Monolocale,mid,north,2.0,1,very small
500.0,25.0,Bologna,Monolocale,mid,north,2.0,1,very small
600.0,65.0,Bologna,Bilocale,mid,north,2.0,2,small
550.0,45.0,Bologna,Monolocale,mid,north,2.0,1,small
700.0,60.0,Bologna,Bilocale,mid,north,2.0,2,small
750.0,72.0,Bologna,Trilocale,mid,north,2.0,3,mid-small
700.0,58.0,Bologna,Bilocale,mid,north,2.0,2,small
850.0,50.0,Bologna,Bilocale,mid,north,2.0,2,small
900.0,45.0,Bologna,Bilocale,mid,north,2.0,2,small
550.0,55.0,Bologna,Bilocale,mid,north,2.0,2,small
680.0,57.0,Bologna,Bilocale,mid,north,2.0,2,small
950.0,45.0,Bologna,Bilocale,mid,north,2.0,2,small
800.0,36.0,Bologna,Trilocale,mid,north,2.0,3,very small
1200.0,58.0,Bologna,Monolocale,mid,north,2.0,1,small
690.0,72.0,Bologna,Trilocale,mid,north,3.0,3,mid-small
1490.0,75.0,Bologna,Trilocale,mid,north,3.0,3,mid-small
1500.0,90.0,Bologna,Trilocale,mid,north,3.0,3,mid-small
950.0,45.0,Bologna,Bilocale,mid,north,3.0,2,small
1500.0,130.0,Bologna,Appartamento,mid,north,3.0,5,mid
1000.0,64.0,Bologna,Trilocale,mid,north,3.0,3,small
1400.0,50.0,Bologna,Trilocale,mid,north,3.0,3,small
2300.0,100.0,Bologna,Quadrilocale,mid,north,3.0,4,mid
2200.0,170.0,Bologna,Appartamento,mid,north,3.0,6,mid
700.0,45.0,Bologna,Bilocale,mid,north,2.0,2,small
750.0,50.0,Bologna,Bilocale,mid,north,2.0,2,small
650.0,45.0,Bologna,Bilocale,mid,north,2.0,2,small
700.0,50.0,Bologna,Bilocale,mid,north,2.0,2,small
800.0,60.0,Bologna,Trilocale,mid,north,2.0,3,small
370.0,100.0,Bologna,Quadrilocale,mid,north,2.0,4,mid
300.0,100.0,Bologna,Quadrilocale,mid,north,2.0,4,mid
900.0,60.0,Bologna,Trilocale,mid,north,2.0,3,small
650.0,45.0,Bologna,Bilocale,mid,north,2.0,2,small
350.0,100.0,Bologna,Quadrilocale,mid,north,1.0,4,mid
1200.0,100.0,Bologna,Quadrilocale,mid,north,1.0,4,mid
700.0,45.0,Bologna,Bilocale,mid,north,1.0,2,small
800.0,60.0,Bologna,Trilocale,mid,north,1.0,3,small
490.0,20.0,Bologna,Monolocale,mid,north,1.0,1,very small
550.0,35.0,Bologna,Monolocale,mid,north,1.0,1,very small
600.0,35.0,Bologna,Monolocale,mid,north,1.0,1,very small
3000.0,269.0,Bologna,Attico,mid,north,1.0,6,large
600.0,35.0,Bologna,Monolocale,mid,north,1.0,1,very small
7000.0,500.0,Bologna,Appartamento,mid,north,1.0,6,very large
1500.0,65.0,Bologna,Bilocale,mid,north,1.0,2,small
1200.0,65.0,Bologna,Bilocale,mid,north,1.0,2,small
1200.0,48.0,Bologna,Bilocale,mid,north,1.0,2,small
1300.0,60.0,Bologna,Monolocale,mid,north,1.0,1,small
1600.0,75.0,Bologna,Trilocale,mid,north,1.0,3,mid-small
740.0,35.0,Bologna,Monolocale,mid,north,1.0,1,very small
900.0,40.0,Bologna,Bilocale,mid,north,1.0,2,small
2100.0,95.0,Bologna,Appartamento,mid,north,1.0,5,mid-small
1800.0,90.0,Bologna,Trilocale,mid,north,1.0,3,mid-small
1500.0,90.0,Bologna,Quadrilocale,mid,north,1.0,4,mid-small
1100.0,47.0,Bologna,Monolocale,mid,north,0.0,1,small
1100.0,80.0,Bologna,Trilocale,mid,north,0.0,3,mid-small
3500.0,129.0,Bologna,Appartamento,mid,north,0.0,6,mid
1700.0,80.0,Bologna,Trilocale,mid,north,0.0,3,mid-small
1500.0,100.0,Bologna,Quadrilocale,mid,north,0.0,4,mid
800.0,40.0,Bologna,Monolocale,mid,north,0.0,1,small
1200.0,30.0,Bologna,Monolocale,mid,north,0.0,1,very small
1400.0,65.0,Bologna,Attico,mid,north,0.0,3,small
1400.0,51.0,Bologna,Bilocale,mid,north,0.0,2,small
1200.0,75.0,Bologna,Quadrilocale,mid,north,0.0,4,mid-small
1900.0,91.0,Bologna,Trilocale,mid,north,0.0,3,mid-small
1300.0,49.0,Bologna,Bilocale,mid,north,0.0,2,small
2300.0,160.0,Bologna,Villa,mid,north,0.0,4,mid
900.0,30.0,Bologna,Monolocale,mid,north,0.0,1,very small
2200.0,160.0,Bologna,Appartamento,mid,north,0.0,6,mid
1200.0,60.0,Bologna,Bilocale,mid,north,0.0,2,small
950.0,50.0,Bologna,Monolocale,mid,north,0.0,1,small
600.0,45.0,Bologna,Monolocale,mid,north,0.0,1,small
1180.0,45.0,Bologna,Bilocale,mid,north,0.0,2,small
300.0,55.0,Bologna,Bilocale,mid,north,0.0,2,small
5500.0,150.0,Bologna,Trilocale,mid,north,0.0,3,mid
2800.0,90.0,Bologna,Quadrilocale,mid,north,0.0,4,mid-small
700.0,40.0,Bologna,Bilocale,mid,north,0.0,2,small
1200.0,30.0,Bologna,Monolocale,mid,north,2.0,1,very small
1250.0,50.0,Bologna,Bilocale,mid,north,2.0,2,small
1200.0,40.0,Bologna,Monolocale,mid,north,2.0,1,small
610.0,30.0,Bologna,Bilocale,mid,north,2.0,2,very small
1500.0,130.0,Bologna,Appartamento,mid,north,2.0,6,mid
770.0,76.0,Bologna,Bilocale,mid,north,2.0,2,mid-small
1800.0,130.0,Bologna,Quadrilocale,mid,north,2.0,4,mid
2700.0,170.0,Bologna,Attico,mid,north,2.0,4,mid
670.0,55.0,Bologna,Bilocale,mid,north,2.0,2,small
1200.0,80.0,Bologna,Trilocale,mid,north,2.0,3,mid-small
950.0,70.0,Bologna,Bilocale,mid,north,2.0,2,mid-small
1250.0,110.0,Bologna,Quadrilocale,mid,north,2.0,4,mid
1200.0,50.0,Bologna,Bilocale,mid,north,2.0,2,small
1100.0,75.0,Bologna,Quadrilocale,mid,north,2.0,4,mid-small
750.0,35.0,Bologna,Monolocale,mid,north,2.0,1,very small
350.0,100.0,Bologna,Trilocale,mid,north,2.0,3,mid
750.0,65.0,Firenze,Trilocale,mid,center,2.0,3,small
1490.0,65.0,Firenze,Bilocale,mid,center,2.0,2,small
1050.0,70.0,Firenze,Trilocale,mid,center,2.0,3,mid-small
1100.0,75.0,Firenze,Trilocale,mid,center,2.0,3,mid-small
2000.0,100.0,Firenze,Quadrilocale,mid,center,2.0,4,mid
1500.0,70.0,Firenze,Trilocale,mid,center,2.0,3,mid-small
1400.0,100.0,Firenze,Appartamento,mid,center,2.0,6,mid
4500.0,250.0,Firenze,Terratetto,mid,center,2.0,6,large
1500.0,110.0,Firenze,Quadrilocale,mid,center,2.0,4,mid
2200.0,370.0,Firenze,Villa,mid,center,2.0,6,large
3500.0,180.0,Firenze,Appartamento,mid,center,2.0,6,mid
3000.0,220.0,Firenze,Appartamento,mid,center,2.0,5,large
1000.0,90.0,Firenze,Quadrilocale,mid,center,2.0,4,mid-small
2000.0,160.0,Firenze,Quadrilocale,mid,center,2.0,4,mid
2500.0,120.0,Firenze,Quadrilocale,mid,center,2.0,4,mid
5900.0,370.0,Firenze,Appartamento,mid,center,2.0,6,large
920.0,51.0,Firenze,Bilocale,mid,center,2.0,2,small
800.0,50.0,Firenze,Bilocale,mid,center,2.0,2,small
720.0,30.0,Firenze,Mansarda,mid,center,2.0,2,very small
7000.0,268.0,Firenze,Appartamento,mid,center,2.0,5,large
950.0,52.0,Firenze,Bilocale,mid,center,2.0,2,small
550.0,66.0,Firenze,Bilocale,mid,center,2.0,2,small
500.0,40.0,Firenze,Monolocale,mid,center,2.0,1,small
800.0,70.0,Firenze,Bilocale,mid,center,2.0,2,mid-small
800.0,60.0,Firenze,Bilocale,mid,center,2.0,2,small
750.0,55.0,Firenze,Bilocale,mid,center,0.0,2,small
750.0,25.0,Firenze,Monolocale,mid,center,0.0,1,very small
750.0,60.0,Firenze,Trilocale,mid,center,0.0,3,small
580.0,52.0,Firenze,Bilocale,mid,center,0.0,2,small
900.0,50.0,Firenze,Monolocale,mid,center,0.0,1,small
650.0,25.0,Firenze,Monolocale,mid,center,0.0,1,very small
650.0,30.0,Firenze,Monolocale,mid,center,0.0,1,very small
1800.0,60.0,Firenze,Bilocale,mid,center,0.0,2,small
2500.0,80.0,Firenze,Trilocale,mid,center,0.0,3,mid-small
3500.0,223.0,Firenze,Appartamento,mid,center,0.0,6,large
1450.0,100.0,Firenze,Attico,mid,center,0.0,4,mid
2750.0,90.0,Firenze,Trilocale,mid,center,0.0,3,mid-small
1700.0,80.0,Firenze,Quadrilocale,mid,center,0.0,4,mid-small
4500.0,343.0,Firenze,Villa,mid,center,0.0,6,large
2590.0,260.0,Firenze,Casale,mid,center,0.0,6,large
4500.0,110.0,Firenze,Quadrilocale,mid,center,0.0,4,mid
4000.0,210.0,Firenze,Mansarda,mid,center,0.0,5,large
2200.0,100.0,Firenze,Quadrilocale,mid,center,0.0,4,mid
2500.0,142.0,Firenze,Appartamento,mid,center,0.0,6,mid
6000.0,230.0,Firenze,Appartamento,mid,center,0.0,6,large
1300.0,96.0,Firenze,Quadrilocale,mid,center,0.0,4,mid-small
3000.0,79.0,Firenze,Quadrilocale,mid,center,0.0,4,mid-small
2300.0,222.0,Firenze,Appartamento,mid,center,0.0,6,large
1500.0,80.0,Firenze,Quadrilocale,mid,center,0.0,4,mid-small
7000.0,270.0,Firenze,Appartamento,mid,center,0.0,6,large
3000.0,130.0,Firenze,Quadrilocale,mid,center,2.0,4,mid
400.0,90.0,Firenze,Quadrilocale,mid,center,2.0,4,mid-small
1500.0,55.0,Firenze,Bilocale,mid,center,2.0,2,small
770.0,65.0,Firenze,Trilocale,mid,center,2.0,3,small
5000.0,250.0,Firenze,Appartamento,mid,center,2.0,6,large
6000.0,230.0,Firenze,Appartamento,mid,center,2.0,6,large
2500.0,165.0,Firenze,Attico,mid,center,2.0,6,mid
1200.0,70.0,Firenze,Trilocale,mid,center,2.0,3,mid-small
3000.0,200.0,Firenze,Appartamento,mid,center,2.0,5,large
3750.0,105.0,Firenze,Bilocale,mid,center,2.0,2,mid
3600.0,130.0,Firenze,Appartamento,mid,center,2.0,6,mid
900.0,50.0,Firenze,Bilocale,mid,center,2.0,2,small
5000.0,350.0,Firenze,Appartamento,mid,center,2.0,6,large
3000.0,180.0,Firenze,Quadrilocale,mid,center,2.0,4,mid
1850.0,110.0,Firenze,Appartamento,mid,center,2.0,5,mid
3000.0,100.0,Firenze,Appartamento,mid,center,2.0,5,mid
640.0,46.0,Firenze,Trilocale,mid,center,2.0,3,small
1500.0,55.0,Firenze,Bilocale,mid,center,2.0,2,small
2200.0,140.0,Firenze,Appartamento,mid,center,2.0,6,mid
3000.0,180.0,Firenze,Appartamento,mid,center,2.0,6,mid
1300.0,120.0,Firenze,Appartamento,mid,center,2.0,6,mid
1800.0,90.0,Firenze,Quadrilocale,mid,center,2.0,4,mid-small
4500.0,280.0,Firenze,Terratetto,mid,center,2.0,6,large
7000.0,286.0,Firenze,Terratetto,mid,center,2.0,6,large
4500.0,110.0,Firenze,Quadrilocale,mid,center,2.0,4,mid
7000.0,250.0,Firenze,Appartamento,mid,center,2.0,6,large
1300.0,86.0,Firenze,Quadrilocale,mid,center,2.0,4,mid-small
1600.0,120.0,Firenze,Quadrilocale,mid,center,2.0,4,mid
1500.0,50.0,Firenze,Bilocale,mid,center,2.0,2,small
1500.0,90.0,Firenze,Quadrilocale,mid,center,2.0,4,mid-small
1750.0,120.0,Firenze,Quadrilocale,mid,center,2.0,4,mid
900.0,70.0,Firenze,Trilocale,mid,center,2.0,3,mid-small
700.0,40.0,Firenze,Bilocale,mid,center,2.0,2,small
3300.0,233.0,Firenze,Appartamento,mid,center,2.0,6,large
3700.0,140.0,Firenze,Quadrilocale,mid,center,2.0,4,mid
2900.0,176.0,Firenze,Appartamento,mid,center,2.0,5,mid
4000.0,195.0,Firenze,Quadrilocale,mid,center,2.0,4,mid
800.0,71.0,Firenze,Trilocale,mid,center,2.0,3,mid-small
1700.0,100.0,Firenze,Appartamento,mid,center,2.0,5,mid
750.0,65.0,Firenze,Trilocale,mid,center,2.0,3,small
1450.0,100.0,Firenze,Quadrilocale,mid,center,2.0,4,mid
2400.0,160.0,Firenze,Appartamento,mid,center,2.0,6,mid
2900.0,165.0,Firenze,Appartamento,mid,center,2.0,5,mid
1400.0,239.0,Firenze,Appartamento,mid,center,2.0,6,large
1000.0,42.0,Firenze,Terratetto,mid,center,2.0,2,small
3200.0,300.0,Firenze,Appartamento,mid,center,2.0,6,large
900.0,66.0,Firenze,Bilocale,mid,center,2.0,2,small
1300.0,65.0,Firenze,Trilocale,mid,center,2.0,3,small
950.0,47.0,Firenze,Bilocale,mid,center,0.0,2,small
8000.0,300.0,Firenze,Villa,mid,center,0.0,6,large
2300.0,68.0,Firenze,Bilocale,mid,center,0.0,2,small
2000.0,170.0,Firenze,Appartamento,mid,center,0.0,5,mid
1000.0,99.0,Firenze,Trilocale,mid,center,0.0,3,mid-small
1450.0,123.0,Firenze,Appartamento,mid,center,0.0,5,mid
7000.0,295.0,Firenze,Appartamento,mid,center,0.0,6,large
1100.0,73.0,Firenze,Trilocale,mid,center,0.0,3,mid-small
800.0,45.0,Firenze,Bilocale,mid,center,0.0,2,small
1400.0,60.0,Firenze,Trilocale,mid,center,0.0,3,small
840.0,42.0,Firenze,Bilocale,mid,center,0.0,2,small
2500.0,80.0,Firenze,Palazzo,mid,center,0.0,4,mid-small
2750.0,90.0,Firenze,Trilocale,mid,center,0.0,3,mid-small
1700.0,95.0,Firenze,Quadrilocale,mid,center,0.0,4,mid-small
1300.0,100.0,Firenze,Appartamento,mid,center,0.0,5,mid
1300.0,100.0,Firenze,Quadrilocale,mid,center,0.0,4,mid
2200.0,103.0,Firenze,Quadrilocale,mid,center,0.0,4,mid
2800.0,170.0,Firenze,Terratetto,mid,center,0.0,5,mid
1300.0,100.0,Firenze,Quadrilocale,mid,center,0.0,4,mid
2000.0,140.0,Firenze,Appartamento,mid,center,0.0,5,mid
1750.0,100.0,Firenze,Trilocale,mid,center,0.0,3,mid
4500.0,150.0,Firenze,Appartamento,mid,center,0.0,5,mid
2950.0,232.0,Firenze,Appartamento,mid,center,0.0,6,large
9000.0,129.0,Firenze,Appartamento,mid,center,0.0,6,mid
1700.0,150.0,Firenze,Appartamento,mid,center,0.0,6,mid
1900.0,134.0,Firenze,Appartamento,mid,center,2.0,6,mid
2000.0,180.0,Firenze,Quadrilocale,mid,center,2.0,4,mid
2800.0,329.0,Firenze,Villa,mid,center,2.0,6,large
1300.0,65.0,Firenze,Trilocale,mid,center,2.0,3,small
7800.0,180.0,Firenze,Appartamento,mid,center,2.0,6,mid
1800.0,105.0,Firenze,Appartamento,mid,center,2.0,5,mid
1500.0,60.0,Firenze,Bilocale,mid,center,2.0,2,small
3500.0,79.0,Firenze,Trilocale,mid,center,2.0,3,mid-small
6000.0,338.0,Firenze,Villa,mid,center,2.0,6,large
4500.0,125.0,Firenze,Attico,mid,center,2.0,3,mid
1500.0,55.0,Firenze,Bilocale,mid,center,2.0,2,small
800.0,71.0,Firenze,Trilocale,mid,center,2.0,3,mid-small
2200.0,165.0,Firenze,Appartamento,mid,center,2.0,6,mid
1500.0,60.0,Firenze,Trilocale,mid,center,2.0,3,small
2000.0,140.0,Firenze,Appartamento,mid,center,2.0,6,mid
1300.0,107.0,Firenze,Quadrilocale,mid,center,2.0,4,mid
4000.0,120.0,Firenze,Trilocale,mid,center,2.0,3,mid
870.0,110.0,Firenze,Appartamento,mid,center,2.0,5,mid
2800.0,70.0,Firenze,Quadrilocale,mid,center,2.0,4,mid-small
1500.0,75.0,Firenze,Quadrilocale,mid,center,2.0,4,mid-small
1550.0,94.0,Firenze,Trilocale,mid,center,2.0,3,mid-small
1800.0,50.0,Firenze,Bilocale,mid,center,2.0,2,small
6500.0,200.0,Firenze,Appartamento,mid,center,2.0,6,large
1900.0,132.0,Firenze,Appartamento,mid,center,2.0,6,mid
3500.0,300.0,Firenze,Appartamento,mid,center,2.0,6,large
1750.0,80.0,Firenze,Quadrilocale,mid,center,2.0,4,mid-small
800.0,65.0,Firenze,Trilocale,mid,center,2.0,3,small
1750.0,120.0,Firenze,Quadrilocale,mid,center,2.0,4,mid
4000.0,100.0,Firenze,Quadrilocale,mid,center,2.0,4,mid
1800.0,110.0,Firenze,Appartamento,mid,center,2.0,5,mid
4000.0,180.0,Firenze,Appartamento,mid,center,2.0,6,mid
1300.0,120.0,Firenze,Quadrilocale,mid,center,2.0,4,mid
1350.0,600.0,Firenze,Villa,mid,center,2.0,6,very large
4000.0,300.0,Firenze,Appartamento,mid,center,2.0,6,large
1000.0,500.0,Firenze,Villa,mid,center,2.0,6,very large
4500.0,350.0,Firenze,Appartamento,mid,center,2.0,6,large
1500.0,500.0,Firenze,Villa,mid,center,2.0,6,very large
5000.0,395.0,Firenze,Attico,mid,center,2.0,6,large
3200.0,160.0,Firenze,Appartamento,mid,center,2.0,5,mid
3500.0,140.0,Firenze,Appartamento,mid,center,2.0,6,mid
5000.0,300.0,Firenze,Appartamento,mid,center,2.0,6,large
3800.0,250.0,Firenze,Appartamento,mid,center,2.0,6,large
8000.0,300.0,Firenze,Appartamento,mid,center,2.0,6,large
5500.0,300.0,Firenze,Villa,mid,center,2.0,6,large
7000.0,350.0,Firenze,Appartamento,mid,center,2.0,6,large
6800.0,560.0,Firenze,Villa,mid,center,2.0,6,very large
9000.0,500.0,Firenze,Villa,mid,center,2.0,6,very large
1000.0,300.0,Firenze,Villa,mid,center,0.0,6,large
5500.0,220.0,Firenze,Appartamento,mid,center,0.0,6,large
4500.0,250.0,Firenze,Attico,mid,center,0.0,6,large
1500.0,900.0,Firenze,Villa,mid,center,0.0,6,very large
1700.0,80.0,Firenze,Loft,mid,center,0.0,2,mid-small
1000.0,60.0,Firenze,Bilocale,mid,center,0.0,2,small
2650.0,132.0,Firenze,Appartamento,mid,center,0.0,6,mid
2200.0,110.0,Firenze,Appartamento,mid,center,0.0,5,mid
1000.0,55.0,Firenze,Bilocale,mid,center,0.0,2,small
1800.0,70.0,Firenze,Trilocale,mid,center,0.0,3,mid-small
1300.0,100.0,Firenze,Quadrilocale,mid,center,0.0,4,mid
1700.0,600.0,Firenze,Villa,mid,center,0.0,6,very large
1300.0,46.0,Firenze,Trilocale,mid,center,0.0,3,small
3800.0,90.0,Firenze,Quadrilocale,mid,center,0.0,4,mid-small
2000.0,440.0,Firenze,Appartamento,mid,center,0.0,6,very large
7000.0,215.0,Firenze,Appartamento,mid,center,0.0,6,large
750.0,45.0,Firenze,Bilocale,mid,center,0.0,2,small
800.0,45.0,Firenze,Bilocale,mid,center,0.0,2,small
2000.0,450.0,Firenze,Attico,mid,center,0.0,6,very large
1200.0,120.0,Firenze,Quadrilocale,mid,center,0.0,4,mid
1500.0,180.0,Firenze,Appartamento,mid,center,0.0,6,mid
1000.0,63.0,Firenze,Bilocale,mid,center,0.0,2,small
1250.0,60.0,Firenze,Trilocale,mid,center,0.0,3,small
6000.0,180.0,Firenze,Appartamento,mid,center,0.0,6,mid
1800.0,50.0,Firenze,Bilocale,mid,center,2.0,2,small
1000.0,60.0,Firenze,Bilocale,mid,center,2.0,2,small
3500.0,204.0,Firenze,Appartamento,mid,center,2.0,5,large
900.0,60.0,Firenze,Bilocale,mid,center,2.0,2,small
2750.0,98.0,Firenze,Trilocale,mid,center,2.0,3,mid-small
6000.0,220.0,Firenze,Appartamento,mid,center,2.0,6,large
4500.0,300.0,Firenze,Appartamento,mid,center,2.0,6,large
6500.0,497.0,Firenze,Appartamento,mid,center,2.0,6,very large
1600.0,80.0,Firenze,Quadrilocale,mid,center,2.0,4,mid-small
1100.0,65.0,Firenze,Trilocale,mid,center,2.0,3,small
3500.0,160.0,Firenze,Appartamento,mid,center,2.0,6,mid
1500.0,98.0,Firenze,Quadrilocale,mid,center,2.0,4,mid-small
7000.0,400.0,Firenze,Appartamento,mid,center,2.0,6,very large
700.0,45.0,Firenze,Bilocale,mid,center,2.0,2,small
1800.0,133.0,Firenze,Appartamento,mid,center,2.0,5,mid
1500.0,55.0,Firenze,Bilocale,mid,center,2.0,2,small
2500.0,120.0,Firenze,Appartamento,mid,center,2.0,5,mid
1200.0,100.0,Firenze,Trilocale,mid,center,2.0,3,mid
2500.0,190.0,Firenze,Appartamento,mid,center,2.0,6,mid
5000.0,200.0,Firenze,Villa,mid,center,2.0,6,large
2900.0,158.0,Firenze,Quadrilocale,mid,center,2.0,4,mid
4000.0,160.0,Firenze,Appartamento,mid,center,2.0,6,mid
3500.0,200.0,Firenze,Attico,mid,center,2.0,6,large
1500.0,90.0,Firenze,Quadrilocale,mid,center,2.0,4,mid-small
1100.0,55.0,Firenze,Trilocale,mid,center,2.0,3,small
950.0,86.0,Firenze,Quadrilocale,mid,center,0.0,4,mid-small
7000.0,281.0,Firenze,Appartamento,mid,center,0.0,6,large
2800.0,190.0,Firenze,Appartamento,mid,center,0.0,5,mid
2750.0,85.0,Firenze,Trilocale,mid,center,0.0,3,mid-small
3000.0,139.0,Firenze,Appartamento,mid,center,0.0,6,mid
700.0,45.0,Firenze,Bilocale,mid,center,0.0,2,small
7000.0,210.0,Firenze,Appartamento,mid,center,0.0,6,large
2000.0,450.0,Firenze,Appartamento,mid,center,0.0,6,very large
1500.0,55.0,Firenze,Bilocale,mid,center,0.0,2,small
3300.0,150.0,Firenze,Appartamento,mid,center,0.0,6,mid
3250.0,160.0,Firenze,Appartamento,mid,center,0.0,5,mid
1750.0,75.0,Firenze,Attico,mid,center,0.0,2,mid-small
1300.0,110.0,Firenze,Appartamento,mid,center,0.0,5,mid
2000.0,500.0,Firenze,Attico,mid,center,0.0,6,very large
1300.0,50.0,Firenze,Attico,mid,center,0.0,2,small
1500.0,45.0,Firenze,Bilocale,mid,center,0.0,2,small
3500.0,90.0,Firenze,Loft,mid,center,0.0,5,mid-small
5000.0,120.0,Firenze,Appartamento,mid,center,0.0,6,mid
1200.0,65.0,Firenze,Trilocale,mid,center,0.0,3,small
800.0,50.0,Firenze,Bilocale,mid,center,0.0,2,small
3500.0,200.0,Firenze,Villa,mid,center,0.0,6,large
1000.0,480.0,Firenze,Appartamento,mid,center,0.0,6,very large
1200.0,70.0,Firenze,Trilocale,mid,center,0.0,3,mid-small
950.0,40.0,Firenze,Monolocale,mid,center,0.0,1,small
800.0,35.0,Firenze,Monolocale,mid,center,2.0,1,very small
800.0,40.0,Firenze,Bilocale,mid,center,2.0,2,small
1350.0,60.0,Firenze,Trilocale,mid,center,2.0,3,small
1300.0,90.0,Firenze,Quadrilocale,mid,center,2.0,4,mid-small
1200.0,50.0,Firenze,Bilocale,mid,center,2.0,2,small
4000.0,75.0,Firenze,Trilocale,mid,center,2.0,3,mid-small
7000.0,300.0,Firenze,Appartamento,mid,center,2.0,6,large
1700.0,50.0,Firenze,Bilocale,mid,center,2.0,2,small
3000.0,130.0,Firenze,Attico,mid,center,2.0,5,mid
1200.0,80.0,Firenze,Quadrilocale,mid,center,2.0,4,mid-small
950.0,40.0,Firenze,Monolocale,mid,center,2.0,1,small
1600.0,90.0,Firenze,Quadrilocale,mid,center,2.0,4,mid-small
1200.0,480.0,Firenze,Villa,mid,center,2.0,6,very large
1250.0,80.0,Firenze,Quadrilocale,mid,center,2.0,4,mid-small
1500.0,90.0,Firenze,Quadrilocale,mid,center,2.0,4,mid-small
2500.0,150.0,Firenze,Villa,mid,center,2.0,5,mid
4200.0,250.0,Firenze,Villa,mid,center,2.0,6,large
1000.0,40.0,Firenze,Monolocale,mid,center,2.0,1,small
920.0,115.0,Firenze,Appartamento,mid,center,2.0,5,mid
3500.0,201.0,Firenze,Appartamento,mid,center,2.0,6,large
3500.0,230.0,Firenze,Appartamento,mid,center,2.0,6,large
1200.0,65.0,Firenze,Quadrilocale,mid,center,2.0,4,small
3500.0,130.0,Firenze,Appartamento,mid,center,2.0,6,mid
3500.0,80.0,Firenze,Quadrilocale,mid,center,2.0,4,mid-small
3500.0,75.0,Firenze,Villa,mid,center,1.0,3,mid-small
8500.0,380.0,Firenze,Villa,mid,center,1.0,6,large
1300.0,55.0,Firenze,Trilocale,mid,center,1.0,3,small
6300.0,220.0,Firenze,Appartamento,mid,center,1.0,5,large
1300.0,90.0,Firenze,Appartamento,mid,center,1.0,5,mid-small
1800.0,150.0,Firenze,Quadrilocale,mid,center,1.0,4,mid
950.0,45.0,Firenze,Bilocale,mid,center,1.0,2,small
8500.0,320.0,Firenze,Appartamento,mid,center,1.0,5,large
1400.0,75.0,Firenze,Trilocale,mid,center,1.0,3,mid-small
6500.0,180.0,Firenze,Appartamento,mid,center,1.0,6,mid
1500.0,110.0,Firenze,Quadrilocale,mid,center,1.0,4,mid
4000.0,120.0,Firenze,Appartamento,mid,center,1.0,6,mid
1350.0,75.0,Firenze,Trilocale,mid,center,1.0,3,mid-small
1200.0,70.0,Firenze,Quadrilocale,mid,center,1.0,4,mid-small
7000.0,268.0,Firenze,Appartamento,mid,center,1.0,6,large
1450.0,85.0,Firenze,Trilocale,mid,center,1.0,3,mid-small
1900.0,132.0,Firenze,Appartamento,mid,center,1.0,6,mid
1700.0,60.0,Firenze,Appartamento,mid,center,1.0,3,small
1400.0,100.0,Firenze,Terratetto,mid,center,1.0,3,mid
800.0,40.0,Firenze,Bilocale,mid,center,1.0,2,small
3200.0,240.0,Firenze,Palazzo,mid,center,1.0,6,large
3500.0,130.0,Firenze,Appartamento,mid,center,1.0,6,mid
1200.0,180.0,Firenze,Attico,mid,center,1.0,6,mid
4800.0,140.0,Firenze,Appartamento,mid,center,1.0,5,mid
1500.0,580.0,Firenze,Villa,mid,center,1.0,6,very large
1300.0,96.0,Firenze,Quadrilocale,mid,center,2.0,4,mid-small
3500.0,70.0,Firenze,Trilocale,mid,center,2.0,3,mid-small
900.0,45.0,Firenze,Monolocale,mid,center,2.0,1,small
1545.0,50.0,Firenze,Bilocale,mid,center,2.0,2,small
2115.0,50.0,Firenze,Trilocale,mid,center,2.0,3,small
2100.0,50.0,Firenze,Bilocale,mid,center,2.0,2,small
2505.0,50.0,Firenze,Trilocale,mid,center,2.0,3,small
2085.0,50.0,Firenze,Bilocale,mid,center,2.0,2,small
2180.0,50.0,Firenze,Quadrilocale,mid,center,2.0,4,small
2655.0,50.0,Firenze,Trilocale,mid,center,2.0,3,small
3250.0,50.0,Firenze,Trilocale,mid,center,2.0,3,small
2330.0,50.0,Firenze,Trilocale,mid,center,2.0,3,small
2440.0,50.0,Firenze,Trilocale,mid,center,2.0,3,small
1405.0,50.0,Firenze,Bilocale,mid,center,2.0,2,small
1595.0,50.0,Firenze,Bilocale,mid,center,2.0,2,small
2900.0,50.0,Firenze,Monolocale,mid,center,2.0,1,small
5000.0,125.0,Firenze,Bilocale,mid,center,2.0,2,mid
1600.0,54.0,Firenze,Bilocale,mid,center,2.0,2,small
2240.0,50.0,Firenze,Trilocale,mid,center,2.0,3,small
2255.0,50.0,Firenze,Trilocale,mid,center,2.0,3,small
2180.0,50.0,Firenze,Trilocale,mid,center,2.0,3,small
5040.0,50.0,Firenze,Quadrilocale,mid,center,2.0,4,small
3400.0,50.0,Firenze,Trilocale,mid,center,2.0,3,small
2155.0,50.0,Firenze,Bilocale,mid,center,2.0,2,small
1570.0,50.0,Firenze,Bilocale,mid,center,2.0,2,small
2155.0,50.0,Firenze,Trilocale,mid,center,3.0,3,small
2500.0,50.0,Firenze,Bilocale,mid,center,3.0,2,small
1650.0,70.0,Firenze,Trilocale,mid,center,3.0,3,mid-small
1935.0,50.0,Firenze,Bilocale,mid,center,3.0,2,small
4300.0,50.0,Firenze,Quadrilocale,mid,center,3.0,4,small
4500.0,55.0,Firenze,Bilocale,mid,center,3.0,2,small
2255.0,50.0,Firenze,Bilocale,mid,center,3.0,2,small
2090.0,50.0,Firenze,Trilocale,mid,center,3.0,3,small
1350.0,45.0,Firenze,Bilocale,mid,center,3.0,2,small
2315.0,50.0,Firenze,Trilocale,mid,center,3.0,3,small
890.0,26.0,Firenze,Monolocale,mid,center,3.0,1,very small
6100.0,50.0,Firenze,Quadrilocale,mid,center,3.0,4,small
5400.0,50.0,Firenze,Quadrilocale,mid,center,3.0,4,small
1800.0,50.0,Firenze,Bilocale,mid,center,3.0,2,small
1270.0,50.0,Firenze,Monolocale,mid,center,3.0,1,small
2200.0,50.0,Firenze,Bilocale,mid,center,3.0,2,small
2950.0,50.0,Firenze,Trilocale,mid,center,3.0,3,small
2220.0,50.0,Firenze,Quadrilocale,mid,center,3.0,4,small
1240.0,50.0,Firenze,Bilocale,mid,center,3.0,2,small
2360.0,50.0,Firenze,Trilocale,mid,center,3.0,3,small
3350.0,50.0,Firenze,Bilocale,mid,center,3.0,2,small
2200.0,135.0,Firenze,Quadrilocale,mid,center,3.0,4,mid
2125.0,50.0,Firenze,Trilocale,mid,center,3.0,3,small
2205.0,50.0,Firenze,Bilocale,mid,center,3.0,2,small
2395.0,50.0,Firenze,Bilocale,mid,center,3.0,2,small
3200.0,50.0,Firenze,Trilocale,mid,center,1.0,3,small
1660.0,50.0,Firenze,Monolocale,mid,center,1.0,1,small
1805.0,50.0,Firenze,Bilocale,mid,center,1.0,2,small
1600.0,75.0,Firenze,Bilocale,mid,center,1.0,2,mid-small
1685.0,50.0,Firenze,Trilocale,mid,center,1.0,3,small
1945.0,50.0,Firenze,Trilocale,mid,center,1.0,3,small
9450.0,50.0,Firenze,Quadrilocale,mid,center,1.0,4,small
1620.0,50.0,Firenze,Bilocale,mid,center,1.0,2,small
2200.0,50.0,Firenze,Monolocale,mid,center,1.0,1,small
1600.0,45.0,Firenze,Bilocale,mid,center,1.0,2,small
1745.0,50.0,Firenze,Trilocale,mid,center,1.0,3,small
1810.0,50.0,Firenze,Bilocale,mid,center,1.0,2,small
4900.0,50.0,Firenze,Trilocale,mid,center,1.0,3,small
5500.0,50.0,Firenze,Trilocale,mid,center,1.0,3,small
1770.0,50.0,Firenze,Bilocale,mid,center,1.0,2,small
1810.0,50.0,Firenze,Bilocale,mid,center,1.0,2,small
1970.0,30.0,Firenze,Monolocale,mid,center,1.0,1,very small
3250.0,50.0,Firenze,Quadrilocale,mid,center,1.0,4,small
6000.0,140.0,Firenze,Quadrilocale,mid,center,1.0,4,mid
1735.0,50.0,Firenze,Trilocale,mid,center,1.0,3,small
2380.0,50.0,Firenze,Trilocale,mid,center,1.0,3,small
1960.0,50.0,Firenze,Bilocale,mid,center,1.0,2,small
5600.0,50.0,Firenze,Quadrilocale,mid,center,1.0,4,small
1800.0,50.0,Firenze,Monolocale,mid,center,1.0,1,small
1530.0,50.0,Firenze,Bilocale,mid,center,1.0,2,small
2900.0,50.0,Firenze,Bilocale,mid,center,1.0,2,small
1760.0,50.0,Firenze,Trilocale,mid,center,1.0,3,small
1740.0,50.0,Firenze,Bilocale,mid,center,1.0,2,small
1165.0,50.0,Firenze,Bilocale,mid,center,1.0,2,small
1555.0,50.0,Firenze,Bilocale,mid,center,1.0,2,small
2900.0,50.0,Firenze,Bilocale,mid,center,1.0,2,small
1600.0,50.0,Firenze,Appartamento,mid,center,1.0,6,small
2045.0,50.0,Firenze,Bilocale,mid,center,1.0,2,small
2300.0,50.0,Firenze,Bilocale,mid,center,1.0,2,small
2850.0,50.0,Firenze,Bilocale,mid,center,1.0,2,small
1625.0,60.0,Firenze,Bilocale,mid,center,1.0,2,small
1860.0,50.0,Firenze,Trilocale,mid,center,1.0,3,small
2900.0,50.0,Firenze,Trilocale,mid,center,1.0,3,small
2450.0,50.0,Firenze,Bilocale,mid,center,1.0,2,small
1650.0,50.0,Firenze,Trilocale,mid,center,1.0,3,small
2050.0,50.0,Firenze,Trilocale,mid,center,1.0,3,small
2775.0,50.0,Firenze,Trilocale,mid,center,1.0,3,small
1965.0,50.0,Firenze,Trilocale,mid,center,1.0,3,small
2100.0,70.0,Firenze,Trilocale,mid,center,1.0,3,mid-small
4450.0,50.0,Firenze,Quadrilocale,mid,center,1.0,4,small
2040.0,50.0,Firenze,Quadrilocale,mid,center,1.0,4,small
2285.0,50.0,Firenze,Trilocale,mid,center,1.0,3,small
3500.0,82.0,Firenze,Trilocale,mid,center,1.0,3,mid-small
1950.0,110.0,Firenze,Bilocale,mid,center,1.0,2,mid
1565.0,40.0,Firenze,Monolocale,mid,center,1.0,1,small
2520.0,50.0,Firenze,Trilocale,mid,center,2.0,3,small
2080.0,50.0,Firenze,Bilocale,mid,center,2.0,2,small
2250.0,50.0,Firenze,Bilocale,mid,center,2.0,2,small
2550.0,50.0,Firenze,Bilocale,mid,center,2.0,2,small
3450.0,70.0,Firenze,Trilocale,mid,center,2.0,3,mid-small
1945.0,50.0,Firenze,Trilocale,mid,center,2.0,3,small
1880.0,50.0,Firenze,Bilocale,mid,center,2.0,2,small
700.0,30.0,Firenze,Monolocale,mid,center,2.0,1,very small
2500.0,150.0,Firenze,Appartamento,mid,center,2.0,5,mid
1800.0,400.0,Firenze,Villa,mid,center,2.0,6,very large
8000.0,240.0,Firenze,Appartamento,mid,center,2.0,6,large
1800.0,50.0,Firenze,Bilocale,mid,center,2.0,2,small
3500.0,160.0,Firenze,Appartamento,mid,center,2.0,6,mid
3500.0,160.0,Firenze,Appartamento,mid,center,2.0,6,mid
1500.0,60.0,Firenze,Bilocale,mid,center,2.0,2,small
1200.0,40.0,Firenze,Trilocale,mid,center,2.0,3,small
2700.0,85.0,Firenze,Attico,mid,center,2.0,4,mid-small
1400.0,72.0,Firenze,Trilocale,mid,center,2.0,3,mid-small
1000.0,125.0,Firenze,Attico,mid,center,2.0,5,mid
900.0,55.0,Firenze,Trilocale,mid,center,2.0,3,small
1600.0,100.0,Firenze,Quadrilocale,mid,center,2.0,4,mid
750.0,30.0,Firenze,Monolocale,mid,center,2.0,1,very small
7000.0,350.0,Firenze,Appartamento,mid,center,2.0,6,large
720.0,20.0,Firenze,Monolocale,mid,center,2.0,1,very small
3000.0,207.0,Firenze,Terratetto,mid,center,2.0,5,large
800.0,50.0,Firenze,Trilocale,mid,center,1.0,3,small
1500.0,74.0,Firenze,Trilocale,mid,center,1.0,3,mid-small
5900.0,370.0,Firenze,Appartamento,mid,center,1.0,5,large
2900.0,165.0,Firenze,Appartamento,mid,center,1.0,5,mid
2500.0,110.0,Firenze,Appartamento,mid,center,1.0,5,mid
7000.0,289.0,Firenze,Terratetto,mid,center,1.0,5,large
2800.0,160.0,Firenze,Terratetto,mid,center,1.0,5,mid
3200.0,70.0,Firenze,Trilocale,mid,center,1.0,3,mid-small
4500.0,290.0,Firenze,Villa,mid,center,1.0,6,large
1350.0,70.0,Firenze,Quadrilocale,mid,center,1.0,4,mid-small
1650.0,95.0,Firenze,Quadrilocale,mid,center,1.0,4,mid-small
2900.0,160.0,Firenze,Appartamento,mid,center,1.0,5,mid
2800.0,280.0,Firenze,Villa,mid,center,1.0,6,large
2800.0,60.0,Firenze,Bilocale,mid,center,1.0,2,small
900.0,85.0,Firenze,Quadrilocale,mid,center,1.0,4,mid-small
790.0,25.0,Firenze,Monolocale,mid,center,1.0,1,very small
4500.0,180.0,Firenze,Appartamento,mid,center,1.0,5,mid
7500.0,600.0,Firenze,Villa,mid,center,1.0,6,very large
1500.0,95.0,Firenze,Appartamento,mid,center,1.0,5,mid-small
6500.0,220.0,Firenze,Appartamento,mid,center,1.0,6,large
2000.0,150.0,Firenze,Appartamento,mid,center,1.0,6,mid
4000.0,85.0,Firenze,Quadrilocale,mid,center,1.0,4,mid-small
1800.0,58.0,Firenze,Bilocale,mid,center,1.0,2,small
4000.0,210.0,Firenze,Appartamento,mid,center,1.0,6,large
1500.0,130.0,Firenze,Quadrilocale,mid,center,1.0,4,mid
5000.0,270.0,Firenze,Villa,mid,center,1.0,6,large
4000.0,300.0,Firenze,Appartamento,mid,center,1.0,6,large
2500.0,230.0,Firenze,Appartamento,mid,center,1.0,6,large
1800.0,65.0,Firenze,Bilocale,mid,center,1.0,2,small
4000.0,100.0,Firenze,Attico,mid,center,1.0,3,mid
7000.0,210.0,Firenze,Appartamento,mid,center,1.0,5,large
750.0,40.0,Firenze,Bilocale,mid,center,1.0,2,small
2800.0,125.0,Firenze,Quadrilocale,mid,center,1.0,4,mid
2100.0,132.0,Firenze,Appartamento,mid,center,1.0,5,mid
1600.0,80.0,Firenze,Trilocale,mid,center,1.0,3,mid-small
1150.0,80.0,Firenze,Quadrilocale,mid,center,1.0,4,mid-small
2000.0,100.0,Firenze,Terratetto,mid,center,1.0,4,mid
6500.0,300.0,Firenze,Appartamento,mid,center,1.0,6,large
2000.0,160.0,Firenze,Appartamento,mid,center,1.0,6,mid
2750.0,78.0,Firenze,Trilocale,mid,center,1.0,3,mid-small
2800.0,197.0,Firenze,Appartamento,mid,center,1.0,6,mid
1200.0,100.0,Firenze,Quadrilocale,mid,center,1.0,4,mid
5000.0,85.0,Firenze,Bilocale,mid,center,1.0,2,mid-small
2000.0,60.0,Firenze,Trilocale,mid,center,1.0,3,small
1200.0,50.0,Firenze,Bilocale,mid,center,1.0,2,small
3500.0,200.0,Firenze,Quadrilocale,mid,center,1.0,4,large
9500.0,600.0,Firenze,Appartamento,mid,center,1.0,6,very large
1500.0,95.0,Firenze,Appartamento,mid,center,1.0,5,mid-small
1500.0,95.0,Firenze,Appartamento,mid,center,1.0,5,mid-small
1500.0,52.0,Firenze,Bilocale,mid,center,1.0,2,small
1800.0,140.0,Firenze,Appartamento,mid,center,1.0,6,mid
1300.0,100.0,Firenze,Quadrilocale,mid,center,1.0,4,mid
1800.0,80.0,Firenze,Trilocale,mid,center,1.0,3,mid-small
1200.0,60.0,Firenze,Trilocale,mid,center,1.0,3,small
1750.0,120.0,Firenze,Appartamento,mid,center,1.0,6,mid
1800.0,110.0,Firenze,Appartamento,mid,center,1.0,6,mid
4000.0,150.0,Firenze,Appartamento,mid,center,1.0,6,mid
1200.0,70.0,Firenze,Quadrilocale,mid,center,1.0,4,mid-small
1800.0,80.0,Firenze,Quadrilocale,mid,center,1.0,4,mid-small
900.0,45.0,Firenze,Bilocale,mid,center,1.0,2,small
1000.0,45.0,Firenze,Monolocale,mid,center,1.0,1,small
3200.0,150.0,Firenze,Appartamento,mid,center,1.0,5,mid
1100.0,45.0,Firenze,Bilocale,mid,center,1.0,2,small
4500.0,300.0,Firenze,Appartamento,mid,center,1.0,6,large
4000.0,180.0,Firenze,Appartamento,mid,center,1.0,6,mid
1400.0,50.0,Firenze,Bilocale,mid,center,1.0,2,small
5500.0,440.0,Firenze,Attico,mid,center,1.0,6,very large
670.0,45.0,Firenze,Bilocale,mid,center,1.0,2,small
3000.0,196.0,Firenze,Appartamento,mid,center,1.0,6,mid
2800.0,150.0,Firenze,Appartamento,mid,center,1.0,5,mid
2800.0,150.0,Firenze,Terratetto,mid,center,2.0,5,mid
1300.0,100.0,Firenze,Quadrilocale,mid,center,2.0,4,mid
1000.0,55.0,Firenze,Trilocale,mid,center,2.0,3,small
4000.0,250.0,Firenze,Appartamento,mid,center,2.0,6,large
3200.0,70.0,Firenze,Trilocale,mid,center,2.0,3,mid-small
3500.0,130.0,Firenze,Appartamento,mid,center,2.0,6,mid
3500.0,160.0,Firenze,Appartamento,mid,center,2.0,6,mid
5000.0,200.0,Firenze,Appartamento,mid,center,2.0,6,large
1100.0,100.0,Firenze,Appartamento,mid,center,2.0,5,mid
5000.0,380.0,Firenze,Villa,mid,center,2.0,6,large
1500.0,81.0,Firenze,Trilocale,mid,center,2.0,3,mid-small
1100.0,700.0,Firenze,Villa,mid,center,2.0,6,very large
1500.0,50.0,Firenze,Bilocale,mid,center,2.0,2,small
1250.0,75.0,Firenze,Quadrilocale,mid,center,2.0,4,mid-small
3500.0,180.0,Firenze,Attico,mid,center,2.0,6,mid
7000.0,250.0,Firenze,Appartamento,mid,center,2.0,6,large
7000.0,286.0,Firenze,Appartamento,mid,center,2.0,6,large
1100.0,40.0,Firenze,Monolocale,mid,center,2.0,1,small
2900.0,85.0,Firenze,Trilocale,mid,center,2.0,3,mid-small
4500.0,80.0,Firenze,Quadrilocale,mid,center,2.0,4,mid-small
2800.0,480.0,Firenze,Terratetto,mid,center,2.0,6,very large
8000.0,160.0,Firenze,Appartamento,mid,center,2.0,5,mid
2300.0,129.0,Firenze,Appartamento,mid,center,2.0,5,mid
3250.0,150.0,Firenze,Attico,mid,center,2.0,5,mid
3000.0,150.0,Firenze,Appartamento,mid,center,0.0,6,mid
3500.0,170.0,Firenze,Appartamento,mid,center,0.0,6,mid
3000.0,70.0,Firenze,Trilocale,mid,center,0.0,3,mid-small
4000.0,200.0,Firenze,Appartamento,mid,center,0.0,6,large
1800.0,75.0,Firenze,Trilocale,mid,center,0.0,3,mid-small
4000.0,130.0,Firenze,Trilocale,mid,center,0.0,3,mid
1100.0,650.0,Firenze,Villa,mid,center,0.0,6,very large
1200.0,130.0,Firenze,Villa,mid,center,0.0,5,mid
650.0,50.0,Firenze,Bilocale,mid,center,0.0,2,small
2000.0,135.0,Firenze,Appartamento,mid,center,0.0,6,mid
2800.0,80.0,Firenze,Quadrilocale,mid,center,0.0,4,mid-small
900.0,40.0,Firenze,Bilocale,mid,center,0.0,2,small
1150.0,100.0,Firenze,Quadrilocale,mid,center,0.0,4,mid
1500.0,50.0,Firenze,Bilocale,mid,center,0.0,2,small
1100.0,50.0,Firenze,Bilocale,mid,center,0.0,2,small
6000.0,204.0,Firenze,Appartamento,mid,center,0.0,6,large
1424.0,109.0,Firenze,Quadrilocale,mid,center,0.0,4,mid
2500.0,190.0,Firenze,Attico,mid,center,0.0,6,mid
4000.0,250.0,Firenze,Appartamento,mid,center,0.0,6,large
1150.0,60.0,Firenze,Bilocale,mid,center,0.0,2,small
890.0,40.0,Firenze,Trilocale,mid,center,0.0,3,small
2500.0,150.0,Firenze,Villa,mid,center,0.0,5,mid
7000.0,250.0,Firenze,Terratetto,mid,center,0.0,6,large
6000.0,400.0,Firenze,Appartamento,mid,center,0.0,6,very large
3500.0,200.0,Firenze,Appartamento,mid,center,4.0,6,large
2500.0,140.0,Firenze,Quadrilocale,mid,center,4.0,4,mid
2300.0,140.0,Firenze,Trilocale,mid,center,4.0,3,mid
2300.0,120.0,Firenze,Appartamento,mid,center,4.0,5,mid
6000.0,300.0,Firenze,Appartamento,mid,center,4.0,6,large
650.0,35.0,Firenze,Bilocale,mid,center,4.0,2,very small
1350.0,50.0,Firenze,Bilocale,mid,center,4.0,2,small
3400.0,110.0,Firenze,Appartamento,mid,center,4.0,5,mid
950.0,60.0,Firenze,Bilocale,mid,center,4.0,2,small
1400.0,700.0,Firenze,Villa,mid,center,4.0,6,very large
750.0,75.0,Firenze,Quadrilocale,mid,center,4.0,4,mid-small
3200.0,70.0,Firenze,Trilocale,mid,center,4.0,3,mid-small
3500.0,450.0,Firenze,Villa,mid,center,4.0,6,very large
3000.0,100.0,Firenze,Appartamento,mid,center,4.0,5,mid
1200.0,480.0,Firenze,Villa,mid,center,4.0,6,very large
4900.0,350.0,Firenze,Villa,mid,center,4.0,6,large
2500.0,190.0,Firenze,Appartamento,mid,center,4.0,6,mid
2750.0,85.0,Firenze,Trilocale,mid,center,4.0,3,mid-small
1000.0,600.0,Firenze,Villa,mid,center,4.0,6,very large
1600.0,60.0,Firenze,Trilocale,mid,center,4.0,3,small
3500.0,150.0,Firenze,Appartamento,mid,center,4.0,5,mid
1300.0,80.0,Firenze,Quadrilocale,mid,center,4.0,4,mid-small
1100.0,50.0,Firenze,Bilocale,mid,center,4.0,2,small
3000.0,50.0,Firenze,Bilocale,mid,center,4.0,2,small
3500.0,150.0,Firenze,Appartamento,mid,center,4.0,6,mid
1150.0,55.0,Firenze,Trilocale,mid,center,3.0,3,small
2350.0,170.0,Firenze,Appartamento,mid,center,3.0,5,mid
3000.0,200.0,Firenze,Appartamento,mid,center,3.0,5,large
9000.0,550.0,Firenze,Villa,mid,center,3.0,6,very large
1200.0,85.0,Firenze,Quadrilocale,mid,center,3.0,4,mid-small
1500.0,85.0,Firenze,Attico,mid,center,3.0,4,mid-small
900.0,60.0,Firenze,Trilocale,mid,center,3.0,3,small
4500.0,290.0,Firenze,Villa,mid,center,3.0,6,large
8500.0,250.0,Firenze,Appartamento,mid,center,3.0,5,large
3250.0,200.0,Firenze,Appartamento,mid,center,3.0,6,large
1600.0,108.0,Firenze,Appartamento,mid,center,3.0,5,mid
4000.0,233.0,Firenze,Attico,mid,center,3.0,6,large
7000.0,300.0,Firenze,Villa,mid,center,3.0,6,large
1750.0,120.0,Firenze,Appartamento,mid,center,3.0,5,mid
750.0,40.0,Firenze,Bilocale,mid,center,3.0,2,small
900.0,50.0,Firenze,Bilocale,mid,center,3.0,2,small
2500.0,55.0,Firenze,Bilocale,mid,center,3.0,2,small
2000.0,90.0,Firenze,Bilocale,mid,center,3.0,2,mid-small
700.0,30.0,Firenze,Bilocale,mid,center,3.0,2,very small
6000.0,330.0,Firenze,Attico,mid,center,3.0,6,large
1500.0,89.0,Firenze,Quadrilocale,mid,center,3.0,4,mid-small
1500.0,50.0,Firenze,Bilocale,mid,center,3.0,2,small
3500.0,160.0,Firenze,Appartamento,mid,center,2.0,6,mid
1300.0,80.0,Firenze,Appartamento,mid,center,2.0,6,mid-small
1300.0,60.0,Firenze,Bilocale,mid,center,2.0,2,small
1500.0,40.0,Firenze,Bilocale,mid,center,2.0,2,small
1500.0,55.0,Firenze,Bilocale,mid,center,2.0,2,small
2700.0,150.0,Firenze,Appartamento,mid,center,2.0,6,mid
2000.0,150.0,Firenze,Appartamento,mid,center,2.0,5,mid
2800.0,200.0,Firenze,Appartamento,mid,center,2.0,6,large
1380.0,110.0,Firenze,Appartamento,mid,center,2.0,5,mid
1500.0,70.0,Firenze,Bilocale,mid,center,2.0,2,mid-small
1600.0,135.0,Firenze,Appartamento,mid,center,2.0,5,mid
1300.0,58.0,Firenze,Trilocale,mid,center,2.0,3,small
4000.0,200.0,Firenze,Appartamento,mid,center,2.0,5,large
3700.0,167.0,Firenze,Quadrilocale,mid,center,2.0,4,mid
3800.0,200.0,Firenze,Appartamento,mid,center,2.0,6,large
5500.0,190.0,Firenze,Appartamento,mid,center,2.0,6,mid
800.0,55.0,Firenze,Monolocale,mid,center,2.0,1,small
2000.0,100.0,Firenze,Quadrilocale,mid,center,2.0,4,mid
1500.0,45.0,Firenze,Bilocale,mid,center,2.0,2,small
1800.0,100.0,Firenze,Appartamento,mid,center,2.0,5,mid
4000.0,160.0,Firenze,Appartamento,mid,center,2.0,6,mid
3500.0,110.0,Firenze,Attico,mid,center,2.0,4,mid
750.0,40.0,Firenze,Bilocale,mid,center,2.0,2,small
3000.0,160.0,Firenze,Appartamento,mid,center,1.0,6,mid
1500.0,85.0,Firenze,Quadrilocale,mid,center,1.0,4,mid-small
750.0,60.0,Firenze,Trilocale,mid,center,1.0,3,small
1750.0,140.0,Firenze,Appartamento,mid,center,1.0,5,mid
1200.0,75.0,Firenze,Trilocale,mid,center,1.0,3,mid-small
850.0,30.0,Firenze,Monolocale,mid,center,1.0,1,very small
1000.0,55.0,Firenze,Bilocale,mid,center,1.0,2,small
3000.0,70.0,Firenze,Trilocale,mid,center,1.0,3,mid-small
750.0,25.0,Firenze,Monolocale,mid,center,1.0,1,very small
600.0,35.0,Firenze,Monolocale,mid,center,1.0,1,very small
4000.0,120.0,Firenze,Quadrilocale,mid,center,1.0,4,mid
3000.0,70.0,Firenze,Appartamento,mid,center,1.0,5,mid-small
3500.0,60.0,Firenze,Trilocale,mid,center,1.0,3,small
2000.0,60.0,Firenze,Trilocale,mid,center,1.0,3,small
3000.0,120.0,Firenze,Appartamento,mid,center,1.0,5,mid
800.0,65.0,Firenze,Bilocale,mid,center,1.0,2,small
800.0,97.0,Firenze,Quadrilocale,mid,center,1.0,4,mid-small
3500.0,160.0,Firenze,Terratetto,mid,center,1.0,6,mid
1000.0,90.0,Firenze,Quadrilocale,mid,center,1.0,4,mid-small
3300.0,340.0,Firenze,Appartamento,mid,center,1.0,6,large
3000.0,100.0,Firenze,Quadrilocale,mid,center,1.0,4,mid
900.0,55.0,Firenze,Trilocale,mid,center,1.0,3,small
1000.0,220.0,Firenze,Appartamento,mid,center,1.0,5,large
3500.0,80.0,Firenze,Quadrilocale,mid,center,3.0,4,mid-small
1250.0,120.0,Firenze,Quadrilocale,mid,center,3.0,4,mid
6000.0,370.0,Firenze,Villa,mid,center,3.0,5,large
750.0,45.0,Firenze,Bilocale,mid,center,3.0,2,small
1500.0,50.0,Firenze,Bilocale,mid,center,3.0,2,small
750.0,50.0,Firenze,Bilocale,mid,center,3.0,2,small
800.0,80.0,Firenze,Trilocale,mid,center,3.0,3,mid-small
3000.0,80.0,Firenze,Appartamento,mid,center,3.0,5,mid-small
1800.0,78.0,Firenze,Trilocale,mid,center,3.0,3,mid-small
2900.0,180.0,Firenze,Villa,mid,center,3.0,5,mid
1200.0,480.0,Firenze,Villa,mid,center,3.0,6,very large
750.0,70.0,Firenze,Trilocale,mid,center,3.0,3,mid-small
1200.0,80.0,Firenze,Terratetto,mid,center,3.0,4,mid-small
1500.0,80.0,Firenze,Loft,mid,center,3.0,2,mid-small
4800.0,136.0,Firenze,Appartamento,mid,center,3.0,5,mid
1850.0,100.0,Firenze,Appartamento,mid,center,3.0,5,mid
2800.0,190.0,Firenze,Appartamento,mid,center,3.0,5,mid
1650.0,164.0,Firenze,Appartamento,mid,center,3.0,6,mid
4000.0,190.0,Firenze,Appartamento,mid,center,3.0,6,mid
3000.0,250.0,Firenze,Appartamento,mid,center,3.0,6,large
2800.0,150.0,Firenze,Appartamento,mid,center,3.0,6,mid
2200.0,110.0,Firenze,Appartamento,mid,center,3.0,6,mid
1500.0,100.0,Firenze,Appartamento,mid,center,3.0,5,mid
1750.0,120.0,Firenze,Quadrilocale,mid,center,1.0,4,mid
680.0,50.0,Firenze,Bilocale,mid,center,1.0,2,small
1600.0,110.0,Firenze,Appartamento,mid,center,1.0,5,mid
850.0,40.0,Firenze,Bilocale,mid,center,1.0,2,small
1100.0,90.0,Firenze,Appartamento,mid,center,1.0,5,mid-small
2900.0,93.0,Firenze,Trilocale,mid,center,1.0,3,mid-small
3500.0,160.0,Firenze,Appartamento,mid,center,1.0,6,mid
3500.0,140.0,Firenze,Appartamento,mid,center,1.0,5,mid
3000.0,252.0,Firenze,Villa,mid,center,1.0,5,large
4000.0,290.0,Firenze,Terratetto,mid,center,1.0,6,large
3500.0,160.0,Firenze,Villa,mid,center,1.0,6,mid
3500.0,95.0,Firenze,Appartamento,mid,center,1.0,5,mid-small
3500.0,190.0,Firenze,Villa,mid,center,1.0,6,mid
1150.0,45.0,Firenze,Bilocale,mid,center,1.0,2,small
3500.0,200.0,Firenze,Appartamento,mid,center,1.0,6,large
2800.0,220.0,Firenze,Appartamento,mid,center,1.0,6,large
1750.0,70.0,Firenze,Quadrilocale,mid,center,1.0,4,mid-small
2900.0,180.0,Firenze,Appartamento,mid,center,1.0,6,mid
7000.0,276.0,Firenze,Terratetto,mid,center,1.0,6,large
4000.0,160.0,Firenze,Appartamento,mid,center,1.0,6,mid
1100.0,63.0,Firenze,Monolocale,mid,center,1.0,1,small
1500.0,56.0,Firenze,Bilocale,mid,center,1.0,2,small
4000.0,150.0,Firenze,Appartamento,mid,center,1.0,5,mid
3500.0,100.0,Firenze,Attico,mid,center,1.0,3,mid
2000.0,180.0,Firenze,Appartamento,mid,center,1.0,6,mid
2500.0,200.0,Firenze,Attico,mid,center,1.0,5,large
6000.0,180.0,Firenze,Appartamento,mid,center,1.0,6,mid
1300.0,100.0,Firenze,Quadrilocale,mid,center,1.0,4,mid
6200.0,500.0,Firenze,Appartamento,mid,center,1.0,6,very large
4000.0,230.0,Firenze,Appartamento,mid,center,1.0,6,large
2000.0,140.0,Firenze,Appartamento,mid,center,1.0,5,mid
2500.0,140.0,Firenze,Appartamento,mid,center,1.0,6,mid
1500.0,60.0,Firenze,Bilocale,mid,center,1.0,2,small
2750.0,85.0,Firenze,Quadrilocale,mid,center,1.0,4,mid-small
3000.0,180.0,Firenze,Appartamento,mid,center,1.0,5,mid
1800.0,70.0,Firenze,Bilocale,mid,center,1.0,2,mid-small
2700.0,180.0,Firenze,Terratetto,mid,center,1.0,6,mid
1590.0,80.0,Firenze,Trilocale,mid,center,1.0,3,mid-small
950.0,52.0,Firenze,Bilocale,mid,center,1.0,2,small
2200.0,70.0,Firenze,Trilocale,mid,center,1.0,3,mid-small
1500.0,140.0,Firenze,Appartamento,mid,center,1.0,5,mid
2200.0,70.0,Firenze,Trilocale,mid,center,1.0,3,mid-small
1300.0,70.0,Firenze,Trilocale,mid,center,1.0,3,mid-small
2600.0,90.0,Firenze,Quadrilocale,mid,center,1.0,4,mid-small
700.0,30.0,Firenze,Monolocale,mid,center,0.0,1,very small
700.0,25.0,Firenze,Monolocale,mid,center,0.0,1,very small
3500.0,180.0,Firenze,Appartamento,mid,center,0.0,6,mid
2800.0,150.0,Firenze,Appartamento,mid,center,0.0,5,mid
2700.0,220.0,Firenze,Villa,mid,center,0.0,6,large
1300.0,100.0,Firenze,Quadrilocale,mid,center,0.0,4,mid
3000.0,200.0,Firenze,Appartamento,mid,center,0.0,6,large
2000.0,120.0,Firenze,Villa,mid,center,0.0,3,mid
7000.0,270.0,Firenze,Appartamento,mid,center,0.0,6,large
2100.0,110.0,Firenze,Bilocale,mid,center,0.0,2,mid
2600.0,90.0,Firenze,Quadrilocale,mid,center,0.0,4,mid-small
6000.0,220.0,Firenze,Appartamento,mid,center,0.0,6,large
790.0,78.0,Firenze,Trilocale,mid,center,0.0,3,mid-small
550.0,42.0,Firenze,Monolocale,mid,center,0.0,1,small
650.0,50.0,Firenze,Bilocale,mid,center,0.0,2,small
1800.0,80.0,Firenze,Quadrilocale,mid,center,0.0,4,mid-small
730.0,78.0,Firenze,Trilocale,mid,center,0.0,3,mid-small
7000.0,250.0,Firenze,Appartamento,mid,center,0.0,6,large
3500.0,170.0,Firenze,Appartamento,mid,center,0.0,5,mid
1200.0,60.0,Firenze,Trilocale,mid,center,0.0,3,small
600.0,48.0,Firenze,Bilocale,mid,center,3.0,2,small
730.0,72.0,Firenze,Trilocale,mid,center,3.0,3,mid-small
660.0,58.0,Firenze,Bilocale,mid,center,3.0,2,small
650.0,50.0,Firenze,Bilocale,mid,center,3.0,2,small
550.0,55.0,Firenze,Bilocale,mid,center,3.0,2,small
620.0,55.0,Firenze,Bilocale,mid,center,3.0,2,small
600.0,71.0,Firenze,Trilocale,mid,center,3.0,3,mid-small
750.0,70.0,Firenze,Trilocale,mid,center,3.0,3,mid-small
740.0,72.0,Firenze,Trilocale,mid,center,3.0,3,mid-small
750.0,71.0,Firenze,Trilocale,mid,center,3.0,3,mid-small
650.0,55.0,Firenze,Bilocale,mid,center,3.0,2,small
630.0,50.0,Firenze,Bilocale,mid,center,3.0,2,small
540.0,63.0,Firenze,Bilocale,mid,center,3.0,2,small
500.0,45.0,Firenze,Monolocale,mid,center,3.0,1,small
550.0,45.0,Firenze,Monolocale,mid,center,3.0,1,small
525.0,43.0,Firenze,Monolocale,mid,center,3.0,1,small
500.0,45.0,Firenze,Monolocale,mid,center,3.0,1,small
1400.0,85.0,Firenze,Trilocale,mid,center,3.0,3,mid-small
1300.0,70.0,Firenze,Trilocale,mid,center,3.0,3,mid-small
1300.0,105.0,Firenze,Appartamento,mid,center,3.0,5,mid
2000.0,540.0,Firenze,Attico,mid,center,3.0,6,very large
750.0,50.0,Firenze,Trilocale,mid,center,3.0,3,small
580.0,35.0,Firenze,Monolocale,mid,center,3.0,1,very small
750.0,72.0,Firenze,Trilocale,mid,center,2.0,3,mid-small
790.0,85.0,Firenze,Quadrilocale,mid,center,2.0,4,mid-small
800.0,80.0,Firenze,Trilocale,mid,center,2.0,3,mid-small
750.0,50.0,Firenze,Trilocale,mid,center,2.0,3,small
1700.0,80.0,Firenze,Trilocale,mid,center,2.0,3,mid-small
3000.0,150.0,Firenze,Villa,mid,center,2.0,6,mid
1200.0,50.0,Firenze,Bilocale,mid,center,2.0,2,small
600.0,35.0,Firenze,Monolocale,mid,center,2.0,1,very small
700.0,50.0,Firenze,Bilocale,mid,center,2.0,2,small
700.0,40.0,Firenze,Bilocale,mid,center,2.0,2,small
580.0,30.0,Firenze,Monolocale,mid,center,2.0,1,very small
750.0,55.0,Firenze,Bilocale,mid,center,2.0,2,small
2100.0,130.0,Firenze,Appartamento,mid,center,2.0,5,mid
450.0,80.0,Firenze,Trilocale,mid,center,2.0,3,mid-small
7000.0,258.0,Firenze,Villa,mid,center,2.0,6,large
1250.0,95.0,Firenze,Appartamento,mid,center,2.0,5,mid-small
1500.0,60.0,Firenze,Quadrilocale,mid,center,2.0,4,small
2500.0,140.0,Firenze,Appartamento,mid,center,2.0,6,mid
700.0,75.0,Firenze,Trilocale,mid,center,2.0,3,mid-small
560.0,43.0,Firenze,Monolocale,mid,center,2.0,1,small
2500.0,140.0,Firenze,Appartamento,mid,center,2.0,6,mid
7000.0,400.0,Firenze,Villa,mid,center,0.5,6,very large
8000.0,600.0,Firenze,Appartamento,mid,center,0.5,6,very large
1500.0,400.0,Firenze,Appartamento,mid,center,0.5,6,very large
2000.0,150.0,Firenze,Attico,mid,center,0.5,6,mid
5500.0,320.0,Firenze,Appartamento,mid,center,0.5,6,large
890.0,30.0,Firenze,Monolocale,mid,center,,1,very small
1500.0,20.0,Firenze,Bilocale,mid,center,0.0,2,very small
1300.0,70.0,Firenze,Trilocale,mid,center,0.0,3,mid-small
7500.0,220.0,Firenze,Appartamento,mid,center,0.0,6,large
1200.0,95.0,Firenze,Quadrilocale,mid,center,0.0,4,mid-small
650.0,50.0,Firenze,Bilocale,mid,center,0.0,2,small
3000.0,180.0,Firenze,Appartamento,mid,center,1.0,5,mid
600.0,36.0,Firenze,Palazzo,mid,center,1.0,2,very small
1300.0,700.0,Firenze,Palazzo,mid,center,1.0,6,very large
3200.0,135.0,Firenze,Attico,mid,center,0.0,3,mid
2200.0,75.0,Firenze,Trilocale,mid,center,0.0,3,mid-small
2800.0,160.0,Firenze,Appartamento,mid,center,0.0,6,mid
1800.0,55.0,Firenze,Bilocale,mid,center,0.0,2,small
7000.0,500.0,Firenze,Villa,mid,center,0.0,6,very large
800.0,60.0,Firenze,Trilocale,mid,center,0.0,3,small
4500.0,65.0,Firenze,Bilocale,mid,center,0.0,2,small
1300.0,100.0,Firenze,Trilocale,mid,center,0.0,3,mid
3000.0,90.0,Firenze,Quadrilocale,mid,center,0.0,4,mid-small
1600.0,130.0,Firenze,Appartamento,mid,center,0.0,6,mid
1000.0,57.0,Firenze,Bilocale,mid,center,0.0,2,small
1300.0,130.0,Firenze,Quadrilocale,mid,center,0.0,4,mid
1100.0,50.0,Firenze,Bilocale,mid,center,0.0,2,small
1600.0,140.0,Firenze,Appartamento,mid,center,0.0,5,mid
650.0,35.0,Firenze,Monolocale,mid,center,0.0,1,very small
1200.0,90.0,Firenze,Quadrilocale,mid,center,0.0,4,mid-small
1200.0,100.0,Firenze,Quadrilocale,mid,center,0.0,4,mid
650.0,35.0,Firenze,Bilocale,mid,center,0.0,2,very small
800.0,35.0,Firenze,Loft,mid,center,0.0,3,very small
2200.0,78.0,Firenze,Trilocale,mid,center,3.0,3,mid-small
1300.0,68.0,Firenze,Attico,mid,center,3.0,3,small
740.0,30.0,Firenze,Monolocale,mid,center,3.0,1,very small
1590.0,80.0,Firenze,Bilocale,mid,center,3.0,2,mid-small
2800.0,130.0,Firenze,Quadrilocale,mid,center,3.0,4,mid
1500.0,116.0,Firenze,Quadrilocale,mid,center,3.0,4,mid
1700.0,110.0,Firenze,Appartamento,mid,center,3.0,5,mid
1100.0,60.0,Firenze,Trilocale,mid,center,3.0,3,small
1400.0,45.0,Firenze,Bilocale,mid,center,3.0,2,small
1250.0,40.0,Firenze,Bilocale,mid,center,3.0,2,small
1050.0,70.0,Firenze,Trilocale,mid,center,3.0,3,mid-small
4900.0,300.0,Firenze,Villa,mid,center,3.0,6,large
700.0,40.0,Firenze,Attico,mid,center,3.0,2,small
686.0,45.0,Firenze,Monolocale,mid,center,3.0,1,small
650.0,35.0,Firenze,Monolocale,mid,center,3.0,1,very small
1000.0,70.0,Firenze,Bilocale,mid,center,3.0,2,mid-small
1200.0,40.0,Firenze,Attico,mid,center,3.0,2,small
1000.0,30.0,Firenze,Monolocale,mid,center,3.0,1,very small
640.0,55.0,Firenze,Bilocale,mid,center,3.0,2,small
700.0,44.0,Firenze,Bilocale,mid,center,3.0,2,small
750.0,90.0,Firenze,Quadrilocale,mid,center,3.0,4,mid-small
1800.0,60.0,Firenze,Trilocale,mid,center,3.0,3,small
1100.0,50.0,Firenze,Bilocale,mid,center,3.0,2,small
1500.0,54.0,Firenze,Bilocale,mid,center,3.0,2,small
1500.0,80.0,Firenze,Appartamento,mid,center,2.0,5,mid-small
890.0,30.0,Firenze,Monolocale,mid,center,2.0,1,very small
950.0,60.0,Firenze,Bilocale,mid,center,2.0,2,small
1500.0,90.0,Firenze,Trilocale,mid,center,2.0,3,mid-small
950.0,52.0,Firenze,Bilocale,mid,center,2.0,2,small
750.0,66.0,Firenze,Trilocale,mid,center,2.0,3,small
2000.0,270.0,Firenze,Appartamento,mid,center,2.0,6,large
1100.0,55.0,Firenze,Bilocale,mid,center,2.0,2,small
800.0,70.0,Firenze,Quadrilocale,mid,center,2.0,4,mid-small
680.0,20.0,Firenze,Monolocale,mid,center,2.0,1,very small
670.0,46.0,Firenze,Bilocale,mid,center,2.0,2,small
800.0,65.0,Firenze,Trilocale,mid,center,2.0,3,small
530.0,43.0,Firenze,Bilocale,mid,center,2.0,2,small
1400.0,138.0,Bari,Quadrilocale,mid,south,2.0,4,mid
1500.0,180.0,Bari,Appartamento,mid,south,2.0,5,mid
3000.0,115.0,Bari,Quadrilocale,mid,south,2.0,4,mid
650.0,49.0,Bari,Bilocale,mid,south,2.0,2,small
1200.0,145.0,Bari,Villa,mid,south,2.0,3,mid
800.0,120.0,Bari,Quadrilocale,mid,south,2.0,4,mid
1800.0,130.0,Bari,Attico,mid,south,2.0,5,mid
650.0,70.0,Bari,Attico,mid,south,2.0,2,mid-small
1000.0,60.0,Bari,Trilocale,mid,south,2.0,3,small
1500.0,139.0,Bari,Quadrilocale,mid,south,2.0,4,mid
800.0,71.0,Bari,Bilocale,mid,south,2.0,2,mid-small
1000.0,51.0,Bari,Attico,mid,south,2.0,2,small
950.0,113.0,Bari,Appartamento,mid,south,2.0,5,mid
1500.0,140.0,Bari,Quadrilocale,mid,south,2.0,4,mid
1400.0,150.0,Bari,Attico,mid,south,2.0,4,mid
1500.0,136.0,Bari,Attico,mid,south,2.0,4,mid
1200.0,173.0,Bari,Quadrilocale,mid,south,2.0,4,mid
950.0,105.0,Bari,Trilocale,mid,south,2.0,3,mid
620.0,63.0,Bari,Bilocale,mid,south,2.0,2,small
750.0,100.0,Bari,Trilocale,mid,south,2.0,3,mid
720.0,110.0,Bari,Trilocale,mid,south,2.0,3,mid
1400.0,120.0,Bari,Quadrilocale,mid,south,2.0,4,mid
650.0,80.0,Bari,Bilocale,mid,south,2.0,2,mid-small
900.0,103.0,Bari,Trilocale,mid,south,2.0,3,mid
820.0,72.0,Bari,Bilocale,mid,south,2.0,2,mid-small
1600.0,135.0,Bari,Quadrilocale,mid,south,6.0,4,mid
1350.0,154.0,Bari,Attico,mid,south,6.0,3,mid
1000.0,90.0,Bari,Trilocale,mid,south,6.0,3,mid-small
850.0,60.0,Bari,Bilocale,mid,south,6.0,2,small
1500.0,115.0,Bari,Quadrilocale,mid,south,6.0,4,mid
1500.0,78.0,Bari,Bilocale,mid,south,6.0,2,mid-small
900.0,106.0,Bari,Trilocale,mid,south,6.0,3,mid
900.0,106.0,Bari,Trilocale,mid,south,6.0,3,mid
800.0,133.0,Bari,Quadrilocale,mid,south,6.0,4,mid
1000.0,189.0,Bari,Appartamento,mid,south,6.0,5,mid
990.0,315.0,Bari,Appartamento,mid,south,6.0,6,large
900.0,74.0,Bari,Trilocale,mid,south,6.0,3,mid-small
1000.0,130.0,Bari,Quadrilocale,mid,south,6.0,4,mid
700.0,93.0,Bari,Trilocale,mid,south,6.0,3,mid-small
650.0,127.0,Bari,Quadrilocale,mid,south,6.0,4,mid
750.0,70.0,Bari,Bilocale,mid,south,6.0,2,mid-small
1200.0,150.0,Bari,Appartamento,mid,south,6.0,5,mid
1000.0,100.0,Bari,Trilocale,mid,south,6.0,3,mid
1800.0,220.0,Bari,Appartamento,mid,south,6.0,6,large
1500.0,300.0,Bari,Villa,mid,south,6.0,6,large
1290.0,120.0,Bari,Trilocale,mid,south,6.0,3,mid
1100.0,83.0,Bari,Trilocale,mid,south,6.0,3,mid-small
1500.0,180.0,Bari,Appartamento,mid,south,6.0,5,mid
900.0,80.0,Bari,Bilocale,mid,south,6.0,2,mid-small
650.0,35.0,Bari,Monolocale,mid,south,6.0,1,very small
1400.0,122.0,Bari,Quadrilocale,mid,south,6.0,4,mid
900.0,97.0,Bari,Trilocale,mid,south,6.0,3,mid-small
800.0,53.0,Bari,Bilocale,mid,south,6.0,2,small
1000.0,106.0,Bari,Trilocale,mid,south,6.0,3,mid
1400.0,121.0,Bari,Quadrilocale,mid,south,6.0,4,mid
700.0,80.0,Bari,Trilocale,mid,south,6.0,3,mid-small
1600.0,150.0,Bari,Appartamento,mid,south,6.0,5,mid
1600.0,65.0,Bari,Bilocale,mid,south,6.0,2,small
700.0,25.0,Bari,Monolocale,mid,south,6.0,1,very small
4000.0,742.0,Bari,Villa,mid,south,6.0,6,very large
500.0,45.0,Bari,Bilocale,mid,south,6.0,2,small
800.0,65.0,Bari,Bilocale,mid,south,6.0,2,small
800.0,39.0,Bari,Monolocale,mid,south,6.0,1,very small
5000.0,320.0,Bari,Appartamento,mid,south,6.0,6,large
700.0,47.0,Bari,Bilocale,mid,south,6.0,2,small
1500.0,50.0,Bari,Bilocale,mid,south,6.0,2,small
850.0,109.0,Bari,Trilocale,mid,south,6.0,3,mid
1200.0,95.0,Bari,Trilocale,mid,south,6.0,3,mid-small
1200.0,40.0,Bari,Monolocale,mid,south,6.0,1,small
2500.0,420.0,Bari,Terratetto,mid,south,6.0,6,very large
1200.0,87.0,Bari,Trilocale,mid,south,8.0,3,mid-small
1200.0,70.0,Bari,Bilocale,mid,south,8.0,2,mid-small
1500.0,120.0,Bari,Quadrilocale,mid,south,8.0,4,mid
6000.0,557.0,Bari,Palazzo,mid,south,8.0,6,very large
1500.0,130.0,Bari,Appartamento,mid,south,8.0,5,mid
1500.0,162.0,Bari,Monolocale,mid,south,8.0,1,mid
800.0,60.0,Bari,Monolocale,mid,south,8.0,1,small
700.0,70.0,Bari,Villa,mid,south,8.0,3,mid-small
900.0,100.0,Bari,Appartamento,mid,south,8.0,5,mid
1500.0,390.0,Bari,Monolocale,mid,south,8.0,1,large
800.0,98.0,Bari,Trilocale,mid,south,8.0,3,mid-small
1200.0,120.0,Bari,Monolocale,mid,south,8.0,1,mid
800.0,130.0,Bari,Appartamento,mid,south,8.0,5,mid
600.0,60.0,Bari,Bilocale,mid,south,8.0,2,small
630.0,30.0,Bari,Monolocale,mid,south,8.0,1,very small
900.0,110.0,Bari,Trilocale,mid,south,8.0,3,mid
570.0,70.0,Bari,Bilocale,mid,south,8.0,2,mid-small
1000.0,40.0,Bari,Bilocale,mid,south,8.0,2,small
1000.0,140.0,Bari,Trilocale,mid,south,8.0,3,mid
900.0,82.0,Bari,Bilocale,mid,south,8.0,2,mid-small
1300.0,85.0,Bari,Bilocale,mid,south,8.0,2,mid-small
1300.0,81.0,Bari,Trilocale,mid,south,8.0,3,mid-small
650.0,95.0,Bari,Villa,mid,south,6.0,3,mid-small
1050.0,48.0,Bari,Monolocale,mid,south,6.0,1,small
1150.0,50.0,Bari,Bilocale,mid,south,6.0,2,small
1200.0,60.0,Bari,Bilocale,mid,south,6.0,2,small
750.0,80.0,Bari,Trilocale,mid,south,6.0,3,mid-small
1000.0,90.0,Bari,Trilocale,mid,south,6.0,3,mid-small
1200.0,120.0,Bari,Quadrilocale,mid,south,6.0,4,mid
575.0,70.0,Bari,Bilocale,mid,south,6.0,2,mid-small
1500.0,65.0,Bari,Bilocale,mid,south,6.0,2,small
700.0,54.0,Bari,Bilocale,mid,south,6.0,2,small
900.0,40.0,Bari,Bilocale,mid,south,6.0,2,small
850.0,95.0,Bari,Bilocale,mid,south,6.0,2,mid-small
1200.0,130.0,Bari,Trilocale,mid,south,6.0,3,mid
700.0,40.0,Bari,Bilocale,mid,south,6.0,2,small
800.0,66.0,Bari,Bilocale,mid,south,6.0,2,small
3700.0,180.0,Bari,Appartamento,mid,south,6.0,5,mid
1900.0,170.0,Bari,Quadrilocale,mid,south,6.0,4,mid
900.0,140.0,Bari,Trilocale,mid,south,6.0,3,mid
600.0,60.0,Bari,Bilocale,mid,south,6.0,2,small
420.0,45.0,Bari,Bilocale,mid,south,6.0,2,small
550.0,39.0,Bari,Bilocale,mid,south,6.0,2,very small
650.0,50.0,Bari,Bilocale,mid,south,0.0,2,small
750.0,50.0,Catania,Bilocale,mid,south,1.0,2,small
650.0,62.0,Catania,Trilocale,mid,south,1.0,3,small
800.0,65.0,Catania,Trilocale,mid,south,1.0,3,small
850.0,40.0,Catania,Bilocale,mid,south,1.0,2,small
1500.0,138.0,Catania,Attico,mid,south,1.0,3,mid
950.0,75.0,Catania,Bilocale,mid,south,1.0,2,mid-small
500.0,90.0,Catania,Terratetto,mid,south,1.0,3,mid-small
1700.0,120.0,Catania,Appartamento,mid,south,1.0,5,mid
1500.0,240.0,Catania,Villa,mid,south,1.0,6,large
2200.0,200.0,Catania,Appartamento,mid,south,1.0,6,large
600.0,55.0,Catania,Bilocale,mid,south,1.0,2,small
700.0,110.0,Catania,Appartamento,mid,south,1.0,6,mid
450.0,40.0,Catania,Monolocale,mid,south,1.0,1,small
550.0,106.0,Catania,Trilocale,mid,south,1.0,3,mid
750.0,110.0,Catania,Quadrilocale,mid,south,1.0,4,mid
900.0,90.0,Catania,Trilocale,mid,south,1.0,3,mid-small
750.0,148.0,Catania,Attico,mid,south,1.0,5,mid
1800.0,270.0,Catania,Appartamento,mid,south,1.0,6,large
780.0,165.0,Catania,Appartamento,mid,south,1.0,5,mid
1500.0,103.0,Catania,Trilocale,mid,south,1.0,3,mid
5000.0,728.0,Catania,Palazzo,mid,south,1.0,6,very large
1500.0,135.0,Catania,Appartamento,mid,south,1.0,6,mid
520.0,80.0,Catania,Trilocale,mid,south,1.0,3,mid-small
850.0,120.0,Catania,Quadrilocale,mid,south,1.0,4,mid
490.0,30.0,Catania,Monolocale,mid,south,6.0,1,very small
600.0,50.0,Catania,Bilocale,mid,south,6.0,2,small
870.0,140.0,Catania,Appartamento,mid,south,6.0,5,mid
650.0,50.0,Catania,Bilocale,mid,south,6.0,2,small
450.0,47.0,Catania,Monolocale,mid,south,6.0,1,small
650.0,75.0,Catania,Bilocale,mid,south,6.0,2,mid-small
500.0,65.0,Catania,Bilocale,mid,south,6.0,2,small
750.0,85.0,Catania,Trilocale,mid,south,6.0,3,mid-small
750.0,100.0,Catania,Quadrilocale,mid,south,6.0,4,mid
470.0,30.0,Catania,Monolocale,mid,south,6.0,1,very small
610.0,70.0,Catania,Bilocale,mid,south,6.0,2,mid-small
1000.0,150.0,Catania,Appartamento,mid,south,6.0,6,mid
360.0,64.0,Catania,Bilocale,mid,south,6.0,2,small
1000.0,124.0,Catania,Appartamento,mid,south,6.0,5,mid
950.0,170.0,Catania,Appartamento,mid,south,6.0,6,mid
1500.0,220.0,Catania,Appartamento,mid,south,6.0,6,large
770.0,112.0,Catania,Trilocale,mid,south,6.0,3,mid
600.0,85.0,Catania,Trilocale,mid,south,6.0,3,mid-small
4500.0,505.0,Catania,Appartamento,mid,south,6.0,6,very large
750.0,140.0,Catania,Appartamento,mid,south,6.0,5,mid
680.0,80.0,Catania,Trilocale,mid,south,6.0,3,mid-small
1400.0,159.0,Catania,Appartamento,mid,south,6.0,6,mid
640.0,50.0,Catania,Monolocale,mid,south,6.0,1,small
950.0,132.0,Catania,Attico,mid,south,6.0,4,mid
1000.0,170.0,Catania,Appartamento,mid,south,3.0,5,mid
600.0,55.0,Catania,Mansarda,mid,south,3.0,2,small
1050.0,120.0,Catania,Trilocale,mid,south,3.0,3,mid
800.0,145.0,Catania,Appartamento,mid,south,3.0,5,mid
900.0,183.0,Catania,Appartamento,mid,south,3.0,5,mid
1000.0,130.0,Catania,Appartamento,mid,south,3.0,5,mid
650.0,90.0,Catania,Trilocale,mid,south,3.0,3,mid-small
550.0,100.0,Catania,Quadrilocale,mid,south,3.0,4,mid
570.0,88.0,Catania,Trilocale,mid,south,3.0,3,mid-small
1100.0,55.0,Catania,Bilocale,mid,south,3.0,2,small
950.0,140.0,Catania,Appartamento,mid,south,3.0,6,mid
950.0,55.0,Catania,Bilocale,mid,south,3.0,2,small
1100.0,55.0,Catania,Bilocale,mid,south,3.0,2,small
280.0,65.0,Catania,Trilocale,mid,south,3.0,3,small
700.0,120.0,Catania,Quadrilocale,mid,south,3.0,4,mid
300.0,60.0,Catania,Bilocale,mid,south,3.0,2,small
740.0,130.0,Catania,Appartamento,mid,south,3.0,5,mid
660.0,69.0,Catania,Attico,mid,south,3.0,3,small
530.0,55.0,Catania,Monolocale,mid,south,3.0,1,small
540.0,50.0,Catania,Bilocale,mid,south,3.0,2,small
650.0,120.0,Catania,Quadrilocale,mid,south,3.0,4,mid
2900.0,400.0,Catania,Appartamento,mid,south,3.0,6,very large
700.0,120.0,Catania,Quadrilocale,mid,south,3.0,4,mid
500.0,34.0,Catania,Monolocale,mid,south,3.0,1,very small
650.0,160.0,Catania,Appartamento,mid,south,3.0,6,mid
650.0,70.0,Catania,Bilocale,mid,south,3.0,2,mid-small
650.0,41.0,Catania,Bilocale,mid,south,3.0,2,small
400.0,50.0,Catania,Bilocale,mid,south,3.0,2,small
1000.0,180.0,Catania,Appartamento,mid,south,3.0,6,mid
1400.0,170.0,Catania,Appartamento,mid,south,3.0,6,mid
740.0,135.0,Catania,Quadrilocale,mid,south,3.0,4,mid
2500.0,135.0,Catania,Appartamento,mid,south,3.0,6,mid
580.0,60.0,Catania,Bilocale,mid,south,3.0,2,small
1800.0,180.0,Catania,Appartamento,mid,south,3.0,6,mid
650.0,60.0,Catania,Bilocale,mid,south,3.0,2,small
450.0,100.0,Catania,Quadrilocale,mid,south,3.0,4,mid
740.0,55.0,Catania,Bilocale,mid,south,3.0,2,small
550.0,98.0,Catania,Quadrilocale,mid,south,3.0,4,mid-small
900.0,125.0,Catania,Attico,mid,south,3.0,4,mid
900.0,110.0,Catania,Quadrilocale,mid,south,3.0,4,mid
1500.0,220.0,Catania,Appartamento,mid,south,3.0,6,large
1350.0,55.0,Catania,Bilocale,mid,south,3.0,2,small
1100.0,220.0,Catania,Appartamento,mid,south,3.0,5,large
2000.0,270.0,Catania,Appartamento,mid,south,3.0,6,large
750.0,81.0,Catania,Trilocale,mid,south,3.0,3,mid-small
650.0,100.0,Catania,Quadrilocale,mid,south,3.0,4,mid
800.0,140.0,Catania,Appartamento,mid,south,3.0,5,mid
500.0,70.0,Catania,Bilocale,mid,south,3.0,2,mid-small
780.0,95.0,Catania,Quadrilocale,mid,south,1.0,4,mid-small
1200.0,60.0,Catania,Bilocale,mid,south,1.0,2,small
5000.0,727.0,Catania,Palazzo,mid,south,1.0,6,very large
1400.0,90.0,Catania,Trilocale,mid,south,1.0,3,mid-small
1100.0,50.0,Catania,Bilocale,mid,south,1.0,2,small
1000.0,40.0,Catania,Monolocale,mid,south,1.0,1,small
1000.0,35.0,Catania,Monolocale,mid,south,1.0,1,very small
1100.0,46.0,Catania,Bilocale,mid,south,1.0,2,small
1100.0,50.0,Catania,Bilocale,mid,south,1.0,2,small
1000.0,190.0,Catania,Appartamento,mid,south,1.0,6,mid
930.0,123.0,Catania,Quadrilocale,mid,south,1.0,4,mid
750.0,140.0,Catania,Appartamento,mid,south,1.0,5,mid
2500.0,360.0,Catania,Appartamento,mid,south,1.0,6,large
1000.0,80.0,Catania,Trilocale,mid,south,1.0,3,mid-small
750.0,130.0,Catania,Quadrilocale,mid,south,1.0,4,mid
750.0,65.0,Catania,Trilocale,mid,south,1.0,3,small
600.0,41.0,Catania,Monolocale,mid,south,1.0,1,small
850.0,110.0,Catania,Appartamento,mid,south,1.0,5,mid
450.0,30.0,Catania,Bilocale,mid,south,1.0,2,very small
750.0,60.0,Catania,Trilocale,mid,south,1.0,3,small
1600.0,100.0,Catania,Attico,mid,south,1.0,4,mid
850.0,100.0,Catania,Palazzo,mid,south,1.0,3,mid
1000.0,190.0,Catania,Villa,mid,south,1.0,6,mid
1100.0,130.0,Catania,Quadrilocale,mid,south,3.0,4,mid
900.0,90.0,Catania,Quadrilocale,mid,south,3.0,4,mid-small
800.0,130.0,Catania,Appartamento,mid,south,3.0,6,mid
850.0,135.0,Catania,Appartamento,mid,south,3.0,5,mid
1300.0,160.0,Catania,Villa,mid,south,3.0,5,mid
1000.0,185.0,Catania,Appartamento,mid,south,3.0,6,mid
2200.0,220.0,Catania,Villa,mid,south,3.0,6,large
750.0,100.0,Catania,Trilocale,mid,south,3.0,3,mid
850.0,90.0,Catania,Trilocale,mid,south,3.0,3,mid-small
1500.0,170.0,Catania,Appartamento,mid,south,3.0,6,mid
500.0,45.0,Catania,Bilocale,mid,south,3.0,2,small
450.0,40.0,Catania,Bilocale,mid,south,3.0,2,small
850.0,95.0,Catania,Trilocale,mid,south,3.0,3,mid-small
490.0,80.0,Catania,Trilocale,mid,south,3.0,3,mid-small
650.0,130.0,Catania,Quadrilocale,mid,south,3.0,4,mid
700.0,105.0,Catania,Trilocale,mid,south,3.0,3,mid
850.0,130.0,Catania,Quadrilocale,mid,south,3.0,4,mid
650.0,120.0,Catania,Appartamento,mid,south,3.0,5,mid
1200.0,130.0,Catania,Quadrilocale,mid,south,3.0,4,mid
1100.0,120.0,Catania,Quadrilocale,mid,south,3.0,4,mid
1000.0,80.0,Catania,Bilocale,mid,south,0.0,2,mid-small
360.0,45.0,Catania,Bilocale,mid,south,0.0,2,small
600.0,96.0,Catania,Trilocale,mid,south,0.0,3,mid-small
750.0,53.0,Catania,Trilocale,mid,south,0.0,3,small
450.0,80.0,Catania,Trilocale,mid,south,0.0,3,mid-small
300.0,56.0,Catania,Bilocale,mid,south,0.0,2,small
700.0,100.0,Catania,Trilocale,mid,south,0.0,3,mid
5000.0,120.0,Catania,Appartamento,mid,south,0.0,3,mid
700.0,100.0,Catania,Quadrilocale,mid,south,0.0,4,mid
600.0,45.0,Catania,Bilocale,mid,south,0.0,2,small
650.0,200.0,Catania,Quadrilocale,mid,south,0.0,4,large
350.0,100.0,Catania,Quadrilocale,mid,south,0.0,4,mid
470.0,40.0,Catania,Loft,mid,south,0.0,2,small
350.0,35.0,Catania,Monolocale,mid,south,0.0,1,very small
500.0,100.0,Catania,Bilocale,mid,south,0.0,2,mid
450.0,95.0,Catania,Trilocale,mid,south,0.0,3,mid-small
500.0,70.0,Catania,Bilocale,mid,south,0.0,2,mid-small
800.0,100.0,Catania,Trilocale,mid,south,0.0,3,mid
570.0,70.0,Catania,Appartamento,mid,south,0.0,2,mid-small
800.0,130.0,Catania,Quadrilocale,mid,south,0.0,4,mid
900.0,89.0,Catania,Bilocale,mid,south,0.0,2,mid-small
1200.0,70.0,Catania,Attico,mid,south,0.0,2,mid-small
600.0,50.0,Catania,Monolocale,mid,south,3.0,1,small
550.0,50.0,Catania,Attico,mid,south,3.0,2,small
500.0,460.0,Catania,Bilocale,mid,south,3.0,2,very large
1600.0,40.0,Catania,Quadrilocale,mid,south,3.0,4,small
600.0,59.0,Catania,Bilocale,mid,south,3.0,2,small
480.0,58.0,Catania,Monolocale,mid,south,3.0,1,small
450.0,35.0,Catania,Monolocale,mid,south,3.0,1,very small
580.0,65.0,Catania,Bilocale,mid,south,3.0,2,small
650.0,80.0,Catania,Bilocale,mid,south,3.0,2,mid-small
650.0,55.0,Catania,Bilocale,mid,south,3.0,2,small
650.0,110.0,Catania,Trilocale,mid,south,3.0,3,mid
1250.0,120.0,Verona,Quadrilocale,mid,north,3.0,4,mid
1600.0,200.0,Verona,Terratetto,mid,north,3.0,6,large
1000.0,110.0,Verona,Quadrilocale,mid,north,3.0,4,mid
1100.0,55.0,Verona,Bilocale,mid,north,3.0,2,small
850.0,50.0,Verona,Bilocale,mid,north,3.0,2,small
1500.0,140.0,Verona,Trilocale,mid,north,3.0,3,mid
1400.0,198.0,Verona,Appartamento,mid,north,3.0,5,mid
1400.0,177.0,Verona,Appartamento,mid,north,3.0,5,mid
2200.0,100.0,Verona,Trilocale,mid,north,3.0,3,mid
1000.0,87.0,Verona,Trilocale,mid,north,3.0,3,mid-small
960.0,96.0,Verona,Quadrilocale,mid,north,3.0,4,mid-small
1500.0,95.0,Verona,Trilocale,mid,north,3.0,3,mid-small
2200.0,140.0,Verona,Quadrilocale,mid,north,3.0,4,mid
530.0,40.0,Verona,Monolocale,mid,north,3.0,1,small
870.0,70.0,Verona,Bilocale,mid,north,3.0,2,mid-small
800.0,50.0,Verona,Bilocale,mid,north,3.0,2,small
1000.0,75.0,Verona,Trilocale,mid,north,3.0,3,mid-small
1400.0,100.0,Verona,Trilocale,mid,north,3.0,3,mid
800.0,50.0,Verona,Monolocale,mid,north,3.0,1,small
3000.0,230.0,Verona,Appartamento,mid,north,3.0,6,large
1950.0,130.0,Verona,Quadrilocale,mid,north,3.0,4,mid
900.0,90.0,Verona,Quadrilocale,mid,north,3.0,4,mid-small
850.0,69.0,Verona,Bilocale,mid,north,3.0,2,small
1150.0,120.0,Verona,Quadrilocale,mid,north,3.0,4,mid
2500.0,120.0,Verona,Appartamento,mid,north,3.0,5,mid
800.0,127.0,Verona,Trilocale,mid,north,4.0,3,mid
1400.0,130.0,Verona,Trilocale,mid,north,4.0,3,mid
700.0,50.0,Verona,Bilocale,mid,north,4.0,2,small
950.0,120.0,Verona,Appartamento,mid,north,4.0,5,mid
700.0,57.0,Verona,Bilocale,mid,north,4.0,2,small
900.0,60.0,Verona,Trilocale,mid,north,4.0,3,small
690.0,80.0,Verona,Mansarda,mid,north,4.0,3,mid-small
1150.0,92.0,Verona,Attico,mid,north,4.0,3,mid-small
1100.0,65.0,Verona,Bilocale,mid,north,4.0,2,small
700.0,82.0,Verona,Quadrilocale,mid,north,4.0,4,mid-small
1200.0,122.0,Verona,Appartamento,mid,north,4.0,5,mid
1200.0,132.0,Verona,Quadrilocale,mid,north,4.0,4,mid
3000.0,130.0,Verona,Quadrilocale,mid,north,4.0,4,mid
1300.0,113.0,Verona,Terratetto,mid,north,4.0,5,mid
900.0,65.0,Verona,Trilocale,mid,north,4.0,3,small
900.0,90.0,Verona,Trilocale,mid,north,4.0,3,mid-small
1200.0,85.0,Verona,Trilocale,mid,north,4.0,3,mid-small
850.0,60.0,Verona,Trilocale,mid,north,4.0,3,small
550.0,50.0,Verona,Bilocale,mid,north,4.0,2,small
750.0,55.0,Verona,Bilocale,mid,north,4.0,2,small
1350.0,150.0,Verona,Terratetto,mid,north,4.0,5,mid
1400.0,80.0,Verona,Trilocale,mid,north,4.0,3,mid-small
1300.0,125.0,Verona,Quadrilocale,mid,north,4.0,4,mid
650.0,85.0,Verona,Trilocale,mid,north,4.0,3,mid-small
850.0,60.0,Verona,Bilocale,mid,north,4.0,2,small
900.0,85.0,Verona,Quadrilocale,mid,north,1.0,4,mid-small
1000.0,90.0,Verona,Trilocale,mid,north,1.0,3,mid-small
3000.0,168.0,Verona,Appartamento,mid,north,1.0,5,mid
1000.0,55.0,Verona,Bilocale,mid,north,1.0,2,small
720.0,83.0,Verona,Trilocale,mid,north,1.0,3,mid-small
1600.0,122.0,Verona,Trilocale,mid,north,1.0,3,mid
950.0,128.0,Verona,Appartamento,mid,north,1.0,5,mid
500.0,40.0,Verona,Bilocale,mid,north,1.0,2,small
3000.0,130.0,Verona,Quadrilocale,mid,north,1.0,4,mid
3500.0,150.0,Verona,Quadrilocale,mid,north,1.0,4,mid
1100.0,102.0,Verona,Quadrilocale,mid,north,1.0,4,mid
1400.0,86.0,Verona,Trilocale,mid,north,1.0,3,mid-small
750.0,116.0,Verona,Quadrilocale,mid,north,1.0,4,mid
1400.0,130.0,Verona,Trilocale,mid,north,1.0,3,mid
900.0,95.0,Verona,Quadrilocale,mid,north,1.0,4,mid-small
1400.0,85.0,Verona,Trilocale,mid,north,1.0,3,mid-small
1050.0,40.0,Verona,Bilocale,mid,north,1.0,2,small
900.0,52.0,Verona,Bilocale,mid,north,1.0,2,small
850.0,45.0,Verona,Bilocale,mid,north,1.0,2,small
550.0,45.0,Verona,Monolocale,mid,north,1.0,1,small
950.0,77.0,Verona,Trilocale,mid,north,1.0,3,mid-small
800.0,65.0,Verona,Trilocale,mid,north,1.0,3,small
800.0,90.0,Verona,Trilocale,mid,north,1.0,3,mid-small
750.0,55.0,Verona,Bilocale,mid,north,1.0,2,small
825.0,70.0,Verona,Bilocale,mid,north,1.0,2,mid-small
1200.0,105.0,Verona,Trilocale,mid,north,1.0,3,mid
650.0,50.0,Verona,Bilocale,mid,north,1.0,2,small
1350.0,120.0,Verona,Trilocale,mid,north,1.0,3,mid
790.0,75.0,Verona,Bilocale,mid,north,1.0,2,mid-small
750.0,62.0,Verona,Bilocale,mid,north,1.0,2,small
900.0,90.0,Verona,Trilocale,mid,north,1.0,3,mid-small
1350.0,120.0,Verona,Trilocale,mid,north,1.0,3,mid
2500.0,150.0,Verona,Quadrilocale,mid,north,1.0,4,mid
2000.0,112.0,Verona,Terratetto,mid,north,1.0,4,mid
1000.0,150.0,Verona,Appartamento,mid,north,1.0,5,mid
750.0,72.0,Verona,Trilocale,mid,north,1.0,3,mid-small
720.0,73.0,Verona,Quadrilocale,mid,north,1.0,4,mid-small
750.0,50.0,Verona,Bilocale,mid,north,1.0,2,small
950.0,95.0,Verona,Quadrilocale,mid,north,1.0,4,mid-small
800.0,90.0,Verona,Trilocale,mid,north,1.0,3,mid-small
1200.0,100.0,Verona,Trilocale,mid,north,1.0,3,mid
650.0,90.0,Verona,Quadrilocale,mid,north,1.0,4,mid-small
1500.0,190.0,Verona,Appartamento,mid,north,1.0,5,mid
1600.0,198.0,Verona,Appartamento,mid,north,1.0,5,mid
780.0,40.0,Verona,Bilocale,mid,north,1.0,2,small
1500.0,115.0,Verona,Quadrilocale,mid,north,1.0,4,mid
1300.0,120.0,Verona,Trilocale,mid,north,1.0,3,mid
1200.0,156.0,Verona,Appartamento,mid,north,1.0,5,mid
600.0,50.0,Verona,Bilocale,mid,north,1.0,2,small
1100.0,113.0,Verona,Quadrilocale,mid,north,1.0,4,mid
590.0,41.0,Verona,Monolocale,mid,north,2.0,1,small
800.0,110.0,Verona,Quadrilocale,mid,north,2.0,4,mid
720.0,72.0,Verona,Trilocale,mid,north,2.0,3,mid-small
850.0,90.0,Verona,Trilocale,mid,north,2.0,3,mid-small
570.0,50.0,Verona,Bilocale,mid,north,2.0,2,small
1300.0,120.0,Verona,Quadrilocale,mid,north,2.0,4,mid
1400.0,160.0,Verona,Appartamento,mid,north,2.0,5,mid
2800.0,170.0,Verona,Appartamento,mid,north,2.0,5,mid
800.0,78.0,Verona,Villa,mid,north,2.0,2,mid-small
1200.0,120.0,Verona,Appartamento,mid,north,2.0,5,mid
630.0,65.0,Verona,Bilocale,mid,north,2.0,2,small
700.0,65.0,Verona,Bilocale,mid,north,2.0,2,small
600.0,35.0,Verona,Monolocale,mid,north,2.0,1,very small
1200.0,80.0,Verona,Trilocale,mid,north,2.0,3,mid-small
900.0,85.0,Verona,Quadrilocale,mid,north,2.0,4,mid-small
1550.0,115.0,Verona,Mansarda,mid,north,2.0,3,mid
620.0,50.0,Verona,Bilocale,mid,north,2.0,2,small
900.0,75.0,Verona,Quadrilocale,mid,north,2.0,4,mid-small
1200.0,65.0,Verona,Bilocale,mid,north,2.0,2,small
1200.0,72.0,Verona,Bilocale,mid,north,2.0,2,mid-small
600.0,106.0,Verona,Quadrilocale,mid,north,2.0,4,mid
1000.0,65.0,Verona,Bilocale,mid,north,2.0,2,small
800.0,45.0,Verona,Bilocale,mid,north,2.0,2,small
1300.0,80.0,Verona,Trilocale,mid,north,1.0,3,mid-small
2200.0,110.0,Verona,Trilocale,mid,north,1.0,3,mid
700.0,50.0,Verona,Bilocale,mid,north,1.0,2,small
900.0,74.0,Verona,Bilocale,mid,north,1.0,2,mid-small
550.0,55.0,Verona,Bilocale,mid,north,1.0,2,small
670.0,95.0,Verona,Trilocale,mid,north,1.0,3,mid-small
750.0,70.0,Verona,Bilocale,mid,north,1.0,2,mid-small
700.0,35.0,Verona,Monolocale,mid,north,1.0,1,very small
580.0,66.0,Verona,Bilocale,mid,north,1.0,2,small
800.0,50.0,Verona,Trilocale,mid,north,1.0,3,small
650.0,60.0,Verona,Bilocale,mid,north,1.0,2,small
700.0,55.0,Verona,Bilocale,mid,north,1.0,2,small
600.0,30.0,Verona,Monolocale,mid,north,1.0,1,very small
290.0,30.0,Verona,Trilocale,mid,north,1.0,3,very small
480.0,40.0,Verona,Bilocale,mid,north,1.0,2,small
600.0,60.0,Verona,Bilocale,mid,north,1.0,2,small
400.0,45.0,Verona,Monolocale,mid,north,1.0,1,small
600.0,65.0,Verona,Bilocale,mid,north,1.0,2,small
450.0,35.0,Verona,Monolocale,mid,north,1.0,1,very small
750.0,62.0,Verona,Bilocale,mid,north,1.0,2,small
1750.0,190.0,Verona,Appartamento,mid,north,1.0,5,mid
800.0,100.0,Verona,Trilocale,mid,north,1.0,3,mid
800.0,110.0,Verona,Quadrilocale,mid,north,1.0,4,mid
550.0,50.0,Verona,Bilocale,mid,north,1.0,2,small
650.0,70.0,Verona,Trilocale,mid,north,1.0,3,mid-small
800.0,100.0,Verona,Quadrilocale,mid,north,1.0,4,mid
700.0,70.0,Verona,Trilocale,mid,north,1.0,3,mid-small
900.0,66.0,Verona,Trilocale,mid,north,1.0,3,small
500.0,55.0,Verona,Bilocale,mid,north,1.0,2,small
1700.0,160.0,Verona,Appartamento,mid,north,1.0,5,mid
1000.0,50.0,Verona,Bilocale,mid,north,1.0,2,small
900.0,100.0,Verona,Trilocale,mid,north,1.0,3,mid
600.0,35.0,Verona,Monolocale,mid,north,1.0,1,very small
720.0,55.0,Verona,Trilocale,mid,north,1.0,3,small
670.0,125.0,Verona,Quadrilocale,mid,north,1.0,4,mid
690.0,70.0,Verona,Bilocale,mid,north,1.0,2,mid-small
650.0,90.0,Verona,Trilocale,mid,north,1.0,3,mid-small
500.0,40.0,Verona,Monolocale,mid,north,1.0,1,small
650.0,65.0,Verona,Bilocale,mid,north,1.0,2,small
1200.0,56.0,Verona,Mansarda,mid,north,1.0,2,small
800.0,100.0,Verona,Trilocale,mid,north,1.0,3,mid
680.0,40.0,Verona,Bilocale,mid,north,1.0,2,small
580.0,60.0,Verona,Bilocale,mid,north,1.0,2,small
700.0,80.0,Verona,Trilocale,mid,north,1.0,3,mid-small
1400.0,147.0,Verona,Trilocale,mid,north,1.0,3,mid
1300.0,85.0,Verona,Villa,mid,north,1.0,4,mid-small
650.0,40.0,Verona,Bilocale,mid,north,1.0,2,small
3500.0,450.0,Verona,Villa,mid,north,1.0,6,very large
700.0,82.0,Verona,Quadrilocale,mid,north,1.0,4,mid-small
750.0,30.0,Verona,Monolocale,mid,north,1.0,1,very small
600.0,85.0,Verona,Trilocale,mid,north,1.0,3,mid-small
790.0,140.0,Verona,Appartamento,mid,north,1.0,5,mid
1250.0,100.0,Verona,Trilocale,mid,north,1.0,3,mid
400.0,30.0,Verona,Monolocale,mid,north,1.0,1,very small
600.0,70.0,Verona,Bilocale,mid,north,1.0,2,mid-small
1200.0,95.0,Verona,Trilocale,mid,north,1.0,3,mid-small
500.0,62.0,Verona,Monolocale,mid,north,1.0,1,small
1190.0,90.0,Verona,Trilocale,mid,north,1.0,3,mid-small
9000.0,50.0,Verona,Bilocale,mid,north,1.0,2,small
1500.0,170.0,Verona,Appartamento,mid,north,1.0,6,mid
1300.0,86.0,Verona,Quadrilocale,mid,north,1.0,4,mid-small
1000.0,90.0,Verona,Quadrilocale,mid,north,1.0,4,mid-small
750.0,100.0,Verona,Quadrilocale,mid,north,1.0,4,mid
1500.0,65.0,Verona,Bilocale,mid,north,1.0,2,small
600.0,77.0,Verona,Monolocale,mid,north,1.0,1,mid-small
460.0,40.0,Verona,Monolocale,mid,north,1.0,1,small
600.0,50.0,Verona,Bilocale,mid,north,1.0,2,small
2200.0,250.0,Verona,Appartamento,mid,north,1.0,5,large
1500.0,100.0,Verona,Quadrilocale,mid,north,1.0,4,mid
3700.0,400.0,Verona,Appartamento,mid,north,1.0,6,very large
650.0,65.0,Verona,Bilocale,mid,north,1.0,2,small
950.0,60.0,Verona,Bilocale,mid,north,1.0,2,small
1200.0,100.0,Verona,Trilocale,mid,north,1.0,3,mid
800.0,60.0,Verona,Trilocale,mid,north,1.0,3,small
900.0,60.0,Verona,Bilocale,mid,north,1.0,2,small
2000.0,180.0,Verona,Appartamento,mid,north,1.0,5,mid
2500.0,158.0,Verona,Appartamento,mid,north,1.0,5,mid
1200.0,90.0,Verona,Bilocale,mid,north,1.0,2,mid-small
1100.0,140.0,Verona,Quadrilocale,mid,north,1.0,4,mid
1000.0,49.0,Verona,Bilocale,mid,north,1.0,2,small
2500.0,150.0,Verona,Villa,mid,north,1.0,5,mid
1000.0,80.0,Verona,Quadrilocale,mid,north,1.0,4,mid-small
850.0,78.0,Verona,Trilocale,mid,north,1.0,3,mid-small
1100.0,70.0,Verona,Bilocale,mid,north,1.0,2,mid-small
2900.0,90.0,Verona,Quadrilocale,mid,north,1.0,4,mid-small
450.0,30.0,Verona,Monolocale,mid,north,1.0,1,very small
1350.0,125.0,Verona,Appartamento,mid,north,1.0,5,mid
850.0,110.0,Verona,Quadrilocale,mid,north,1.0,4,mid
1450.0,50.0,Verona,Bilocale,mid,north,1.0,2,small
700.0,55.0,Verona,Bilocale,mid,north,4.0,2,small
800.0,70.0,Verona,Monolocale,mid,north,4.0,1,mid-small
950.0,80.0,Verona,Trilocale,mid,north,4.0,3,mid-small
750.0,75.0,Verona,Trilocale,mid,north,4.0,3,mid-small
700.0,88.0,Verona,Quadrilocale,mid,north,4.0,4,mid-small
1000.0,80.0,Verona,Trilocale,mid,north,4.0,3,mid-small
750.0,50.0,Verona,Bilocale,mid,north,4.0,2,small
1400.0,132.0,Verona,Appartamento,mid,north,4.0,5,mid
1500.0,60.0,Verona,Bilocale,mid,north,4.0,2,small
850.0,120.0,Verona,Trilocale,mid,north,4.0,3,mid
1180.0,75.0,Verona,Trilocale,mid,north,4.0,3,mid-small
600.0,50.0,Verona,Bilocale,mid,north,4.0,2,small
450.0,35.0,Verona,Monolocale,mid,north,4.0,1,very small
900.0,110.0,Verona,Quadrilocale,mid,north,4.0,4,mid
430.0,35.0,Verona,Bilocale,mid,north,4.0,2,very small
530.0,39.0,Verona,Bilocale,mid,north,4.0,2,very small
750.0,75.0,Verona,Bilocale,mid,north,4.0,2,mid-small
1300.0,120.0,Venezia,Appartamento,mid,north,0.0,6,mid
1750.0,75.0,Venezia,Trilocale,mid,north,0.0,3,mid-small
1500.0,60.0,Venezia,Appartamento,mid,north,0.0,5,small
1500.0,125.0,Venezia,Appartamento,mid,north,0.0,5,mid
1550.0,140.0,Venezia,Appartamento,mid,north,0.0,5,mid
6500.0,285.0,Venezia,Appartamento,mid,north,0.0,6,large
4000.0,184.0,Venezia,Appartamento,mid,north,0.0,5,mid
3500.0,160.0,Venezia,Appartamento,mid,north,0.0,6,mid
3000.0,150.0,Venezia,Quadrilocale,mid,north,0.0,4,mid
4500.0,200.0,Venezia,Appartamento,mid,north,0.0,6,large
1800.0,70.0,Venezia,Quadrilocale,mid,north,0.0,4,mid-small
2200.0,180.0,Venezia,Appartamento,mid,north,0.0,5,mid
2200.0,140.0,Venezia,Appartamento,mid,north,0.0,5,mid
2000.0,85.0,Venezia,Appartamento,mid,north,0.0,5,mid-small
3500.0,189.0,Venezia,Appartamento,mid,north,0.0,6,mid
750.0,90.0,Venezia,Trilocale,mid,north,0.0,3,mid-small
2600.0,120.0,Venezia,Appartamento,mid,north,0.0,5,mid
900.0,35.0,Venezia,Bilocale,mid,north,0.0,2,very small
1700.0,80.0,Venezia,Trilocale,mid,north,0.0,3,mid-small
1300.0,40.0,Venezia,Trilocale,mid,north,0.0,3,small
2300.0,200.0,Venezia,Mansarda,mid,north,0.0,4,large
1000.0,70.0,Venezia,Bilocale,mid,north,0.0,2,mid-small
2500.0,80.0,Venezia,Quadrilocale,mid,north,0.0,4,mid-small
1200.0,109.0,Venezia,Attico,mid,north,0.0,4,mid
2000.0,140.0,Venezia,Appartamento,mid,north,0.0,5,mid
950.0,90.0,Venezia,Trilocale,mid,north,4.0,3,mid-small
900.0,40.0,Venezia,Bilocale,mid,north,4.0,2,small
1600.0,90.0,Venezia,Quadrilocale,mid,north,4.0,4,mid-small
1400.0,80.0,Venezia,Trilocale,mid,north,4.0,3,mid-small
1600.0,110.0,Venezia,Quadrilocale,mid,north,4.0,4,mid
2500.0,160.0,Venezia,Appartamento,mid,north,4.0,5,mid
2200.0,100.0,Venezia,Quadrilocale,mid,north,4.0,4,mid
1400.0,75.0,Venezia,Quadrilocale,mid,north,4.0,4,mid-small
2100.0,100.0,Venezia,Quadrilocale,mid,north,4.0,4,mid
1300.0,120.0,Venezia,Quadrilocale,mid,north,4.0,4,mid
4200.0,135.0,Venezia,Appartamento,mid,north,4.0,5,mid
2000.0,120.0,Venezia,Appartamento,mid,north,4.0,5,mid
2000.0,120.0,Venezia,Appartamento,mid,north,4.0,5,mid
750.0,82.0,Venezia,Quadrilocale,mid,north,4.0,4,mid-small
1800.0,85.0,Venezia,Terratetto,mid,north,4.0,3,mid-small
900.0,66.0,Venezia,Trilocale,mid,north,4.0,3,small
2200.0,120.0,Venezia,Appartamento,mid,north,4.0,6,mid
750.0,115.0,Venezia,Appartamento,mid,north,4.0,5,mid
900.0,62.0,Venezia,Bilocale,mid,north,4.0,2,small
1100.0,80.0,Venezia,Quadrilocale,mid,north,4.0,4,mid-small
1200.0,60.0,Venezia,Trilocale,mid,north,4.0,3,small
1500.0,120.0,Venezia,Quadrilocale,mid,north,4.0,4,mid
1050.0,60.0,Venezia,Trilocale,mid,north,4.0,3,small
1400.0,90.0,Venezia,Quadrilocale,mid,north,1.0,4,mid-small
800.0,45.0,Venezia,Bilocale,mid,north,1.0,2,small
850.0,50.0,Venezia,Trilocale,mid,north,1.0,3,small
2800.0,150.0,Venezia,Quadrilocale,mid,north,1.0,4,mid
1300.0,130.0,Venezia,Quadrilocale,mid,north,1.0,4,mid
3000.0,225.0,Venezia,Appartamento,mid,north,1.0,6,large
1000.0,78.0,Venezia,Trilocale,mid,north,1.0,3,mid-small
2200.0,100.0,Venezia,Quadrilocale,mid,north,1.0,4,mid
1000.0,120.0,Venezia,Appartamento,mid,north,1.0,5,mid
1200.0,30.0,Venezia,Monolocale,mid,north,1.0,1,very small
4500.0,50.0,Venezia,Bilocale,mid,north,1.0,2,small
1500.0,80.0,Venezia,Trilocale,mid,north,1.0,3,mid-small
1400.0,60.0,Venezia,Bilocale,mid,north,1.0,2,small
1800.0,110.0,Venezia,Quadrilocale,mid,north,1.0,4,mid
1300.0,75.0,Venezia,Quadrilocale,mid,north,1.0,4,mid-small
1500.0,45.0,Venezia,Bilocale,mid,north,1.0,2,small
1150.0,117.0,Venezia,Trilocale,mid,north,1.0,3,mid
1300.0,80.0,Venezia,Trilocale,mid,north,1.0,3,mid-small
800.0,74.0,Venezia,Trilocale,mid,north,1.0,3,mid-small
750.0,28.0,Venezia,Monolocale,mid,north,1.0,1,very small
1100.0,120.0,Venezia,Trilocale,mid,north,1.0,3,mid
720.0,70.0,Venezia,Bilocale,mid,north,1.0,2,mid-small
1000.0,80.0,Venezia,Quadrilocale,mid,north,1.0,4,mid-small
800.0,70.0,Venezia,Trilocale,mid,north,1.0,3,mid-small
1800.0,92.0,Venezia,Trilocale,mid,north,1.0,3,mid-small
3200.0,200.0,Venezia,Appartamento,mid,north,2.0,6,large
1400.0,92.0,Venezia,Trilocale,mid,north,2.0,3,mid-small
2400.0,120.0,Venezia,Appartamento,mid,north,2.0,5,mid
1000.0,110.0,Venezia,Quadrilocale,mid,north,2.0,4,mid
1150.0,65.0,Venezia,Trilocale,mid,north,2.0,3,small
4950.0,668.0,Venezia,Palazzo,mid,north,2.0,2,very large
1200.0,90.0,Venezia,Trilocale,mid,north,2.0,3,mid-small
700.0,75.0,Venezia,Quadrilocale,mid,north,2.0,4,mid-small
1300.0,90.0,Venezia,Appartamento,mid,north,2.0,5,mid-small
800.0,80.0,Venezia,Trilocale,mid,north,2.0,3,mid-small
3500.0,282.0,Venezia,Appartamento,mid,north,2.0,6,large
850.0,50.0,Venezia,Bilocale,mid,north,2.0,2,small
1500.0,170.0,Venezia,Appartamento,mid,north,2.0,6,mid
5000.0,770.0,Venezia,Palazzo,mid,north,2.0,2,very large
1400.0,110.0,Venezia,Appartamento,mid,north,2.0,5,mid
1000.0,80.0,Venezia,Appartamento,mid,north,2.0,5,mid-small
650.0,35.0,Venezia,Monolocale,mid,north,2.0,1,very small
930.0,62.0,Venezia,Bilocale,mid,north,2.0,2,small
1700.0,215.0,Venezia,Villa,mid,north,2.0,6,large
750.0,100.0,Venezia,Quadrilocale,mid,north,2.0,4,mid
1200.0,55.0,Venezia,Trilocale,mid,north,2.0,3,small
1000.0,120.0,Venezia,Quadrilocale,mid,north,2.0,4,mid
1300.0,74.0,Venezia,Trilocale,mid,north,3.0,3,mid-small
1800.0,150.0,Venezia,Appartamento,mid,north,3.0,6,mid
1600.0,180.0,Venezia,Appartamento,mid,north,3.0,5,mid
1100.0,80.0,Venezia,Trilocale,mid,north,3.0,3,mid-small
1600.0,116.0,Venezia,Trilocale,mid,north,3.0,3,mid
980.0,35.0,Venezia,Bilocale,mid,north,3.0,2,very small
1500.0,270.0,Venezia,Appartamento,mid,north,3.0,6,large
1100.0,55.0,Venezia,Trilocale,mid,north,3.0,3,small
1500.0,110.0,Venezia,Quadrilocale,mid,north,3.0,4,mid
760.0,41.0,Venezia,Bilocale,mid,north,3.0,2,small
1800.0,74.0,Venezia,Trilocale,mid,north,3.0,3,mid-small
1500.0,115.0,Venezia,Appartamento,mid,north,3.0,5,mid
1500.0,130.0,Venezia,Appartamento,mid,north,3.0,5,mid
1500.0,60.0,Venezia,Trilocale,mid,north,3.0,3,small
750.0,75.0,Venezia,Bilocale,mid,north,3.0,2,mid-small
950.0,100.0,Venezia,Quadrilocale,mid,north,3.0,4,mid
745.0,46.0,Venezia,Monolocale,mid,north,3.0,1,small
800.0,40.0,Venezia,Bilocale,mid,north,3.0,2,small
800.0,50.0,Venezia,Bilocale,mid,north,3.0,2,small
2500.0,140.0,Venezia,Trilocale,mid,north,3.0,3,mid
900.0,50.0,Venezia,Bilocale,mid,north,3.0,2,small
2400.0,170.0,Venezia,Quadrilocale,mid,north,3.0,4,mid
1500.0,90.0,Venezia,Trilocale,mid,north,3.0,3,mid-small
1400.0,130.0,Venezia,Quadrilocale,mid,north,3.0,4,mid
2100.0,92.0,Venezia,Trilocale,mid,north,0.0,3,mid-small
900.0,85.0,Venezia,Quadrilocale,mid,north,0.0,4,mid-small
1000.0,50.0,Venezia,Bilocale,mid,north,0.0,2,small
850.0,45.0,Venezia,Bilocale,mid,north,0.0,2,small
1050.0,50.0,Venezia,Bilocale,mid,north,0.0,2,small
1100.0,160.0,Venezia,Trilocale,mid,north,0.0,3,mid
800.0,50.0,Venezia,Bilocale,mid,north,0.0,2,small
2500.0,170.0,Venezia,Appartamento,mid,north,0.0,6,mid
1500.0,110.0,Venezia,Appartamento,mid,north,0.0,5,mid
900.0,85.0,Venezia,Quadrilocale,mid,north,0.0,4,mid-small
850.0,45.0,Venezia,Bilocale,mid,north,0.0,2,small
800.0,100.0,Venezia,Quadrilocale,mid,north,0.0,4,mid
1500.0,110.0,Venezia,Appartamento,mid,north,0.0,5,mid
900.0,40.0,Venezia,Bilocale,mid,north,0.0,2,small
650.0,70.0,Venezia,Bilocale,mid,north,0.0,2,mid-small
950.0,85.0,Venezia,Trilocale,mid,north,0.0,3,mid-small
1000.0,50.0,Venezia,Bilocale,mid,north,0.0,2,small
1200.0,200.0,Venezia,Palazzo,mid,north,0.0,5,large
650.0,70.0,Venezia,Bilocale,mid,north,0.0,2,mid-small
1200.0,90.0,Venezia,Bilocale,mid,north,0.0,2,mid-small
950.0,85.0,Venezia,Quadrilocale,mid,north,0.0,4,mid-small
2000.0,100.0,Venezia,Quadrilocale,mid,north,0.0,4,mid
600.0,60.0,Venezia,Bilocale,mid,north,0.0,2,small
800.0,100.0,Venezia,Quadrilocale,mid,north,0.0,4,mid
1800.0,120.0,Venezia,Appartamento,mid,north,6.0,5,mid
900.0,51.0,Venezia,Trilocale,mid,north,6.0,3,small
700.0,36.0,Venezia,Monolocale,mid,north,6.0,1,very small
1500.0,70.0,Venezia,Trilocale,mid,north,6.0,3,mid-small
1300.0,140.0,Venezia,Appartamento,mid,north,6.0,5,mid
650.0,30.0,Venezia,Monolocale,mid,north,6.0,1,very small
1800.0,80.0,Venezia,Appartamento,mid,north,6.0,5,mid-small
4000.0,300.0,Venezia,Appartamento,mid,north,6.0,6,large
2300.0,90.0,Venezia,Trilocale,mid,north,6.0,3,mid-small
1200.0,65.0,Venezia,Bilocale,mid,north,6.0,2,small
650.0,55.0,Venezia,Bilocale,mid,north,6.0,2,small
850.0,100.0,Venezia,Trilocale,mid,north,6.0,3,mid
700.0,80.0,Venezia,Trilocale,mid,north,6.0,3,mid-small
1100.0,86.0,Venezia,Trilocale,mid,north,6.0,3,mid-small
1100.0,120.0,Venezia,Quadrilocale,mid,north,6.0,4,mid
650.0,60.0,Venezia,Trilocale,mid,north,6.0,3,small
1300.0,115.0,Venezia,Trilocale,mid,north,6.0,3,mid
1200.0,90.0,Venezia,Trilocale,mid,north,6.0,3,mid-small
2000.0,85.0,Venezia,Attico,mid,north,6.0,3,mid-small
1300.0,110.0,Venezia,Trilocale,mid,north,6.0,3,mid
1200.0,100.0,Venezia,Quadrilocale,mid,north,6.0,4,mid
2000.0,142.0,Venezia,Quadrilocale,mid,north,6.0,4,mid
1600.0,135.0,Venezia,Appartamento,mid,north,6.0,5,mid
2000.0,70.0,Venezia,Appartamento,mid,north,6.0,5,mid-small
600.0,110.0,Venezia,Quadrilocale,mid,north,3.0,4,mid
4000.0,239.0,Venezia,Appartamento,mid,north,3.0,6,large
1600.0,80.0,Venezia,Quadrilocale,mid,north,3.0,4,mid-small
750.0,130.0,Venezia,Villa,mid,north,3.0,5,mid
680.0,48.0,Venezia,Bilocale,mid,north,3.0,2,small
3200.0,75.0,Venezia,Attico,mid,north,3.0,3,mid-small
1800.0,95.0,Venezia,Appartamento,mid,north,3.0,5,mid-small
1800.0,180.0,Venezia,Mansarda,mid,north,3.0,4,mid
700.0,80.0,Venezia,Quadrilocale,mid,north,3.0,4,mid-small
900.0,100.0,Venezia,Quadrilocale,mid,north,3.0,4,mid
2500.0,170.0,Venezia,Attico,mid,north,3.0,5,mid
3000.0,75.0,Venezia,Bilocale,mid,north,3.0,2,mid-small
1450.0,900.0,Venezia,Terratetto,mid,north,3.0,6,very large
1100.0,75.0,Venezia,Quadrilocale,mid,north,3.0,4,mid-small
550.0,75.0,Venezia,Trilocale,mid,north,3.0,3,mid-small
1500.0,140.0,Venezia,Appartamento,mid,north,3.0,5,mid
2200.0,160.0,Venezia,Appartamento,mid,north,3.0,6,mid
850.0,110.0,Venezia,Appartamento,mid,north,3.0,6,mid
1000.0,64.0,Venezia,Monolocale,mid,north,3.0,1,small
1300.0,60.0,Venezia,Bilocale,mid,north,3.0,2,small
920.0,100.0,Venezia,Quadrilocale,mid,north,1.0,4,mid
2500.0,90.0,Venezia,Appartamento,mid,north,1.0,5,mid-small
500.0,70.0,Venezia,Bilocale,mid,north,1.0,2,mid-small
1600.0,65.0,Venezia,Trilocale,mid,north,1.0,3,small
2500.0,200.0,Venezia,Trilocale,mid,north,1.0,3,large
900.0,40.0,Venezia,Bilocale,mid,north,1.0,2,small
1000.0,70.0,Venezia,Trilocale,mid,north,1.0,3,mid-small
2500.0,150.0,Venezia,Villa,mid,north,1.0,4,mid
2300.0,290.0,Venezia,Quadrilocale,mid,north,1.0,4,large
730.0,83.0,Venezia,Villa,mid,north,1.0,3,mid-small
1500.0,75.0,Venezia,Quadrilocale,mid,north,1.0,4,mid-small
1400.0,113.0,Venezia,Quadrilocale,mid,north,1.0,4,mid
850.0,95.0,Venezia,Quadrilocale,mid,north,1.0,4,mid-small
1600.0,80.0,Venezia,Bilocale,mid,north,1.0,2,mid-small
2100.0,90.0,Venezia,Trilocale,mid,north,1.0,3,mid-small
2600.0,200.0,Venezia,Appartamento,mid,north,1.0,6,large
2700.0,200.0,Venezia,Appartamento,mid,north,1.0,6,large
3500.0,400.0,Venezia,Palazzo,mid,north,1.0,4,very large
1850.0,190.0,Venezia,Appartamento,mid,north,2.0,6,mid
5000.0,400.0,Venezia,Palazzo,mid,north,2.0,6,very large
3000.0,110.0,Venezia,Trilocale,mid,north,2.0,3,mid
1200.0,45.0,Venezia,Appartamento,mid,north,2.0,5,small
3000.0,90.0,Venezia,Trilocale,mid,north,2.0,3,mid-small
2400.0,300.0,Venezia,Villa,mid,north,2.0,5,large
1000.0,70.0,Venezia,Bilocale,mid,north,2.0,2,mid-small
2000.0,95.0,Venezia,Quadrilocale,mid,north,2.0,4,mid-small
2000.0,500.0,Venezia,Appartamento,mid,north,2.0,6,very large
1000.0,40.0,Venezia,Bilocale,mid,north,2.0,2,small
1500.0,90.0,Venezia,Trilocale,mid,north,2.0,3,mid-small
800.0,45.0,Venezia,Bilocale,mid,north,2.0,2,small
800.0,79.0,Venezia,Trilocale,mid,north,2.0,3,mid-small
1300.0,120.0,Venezia,Appartamento,mid,north,2.0,5,mid
1500.0,70.0,Venezia,Trilocale,mid,north,2.0,3,mid-small
1300.0,70.0,Venezia,Trilocale,mid,north,2.0,3,mid-small
1000.0,127.0,Venezia,Appartamento,mid,north,2.0,6,mid
1250.0,58.0,Venezia,Bilocale,mid,north,2.0,2,small
1500.0,110.0,Venezia,Appartamento,mid,north,2.0,6,mid
1300.0,100.0,Venezia,Quadrilocale,mid,north,2.0,4,mid
1100.0,110.0,Venezia,Appartamento,mid,north,2.0,5,mid
1800.0,80.0,Venezia,Trilocale,mid,north,2.0,3,mid-small
700.0,55.0,Venezia,Quadrilocale,mid,north,2.0,4,small
745.0,46.0,Venezia,Monolocale,mid,north,2.0,1,small
820.0,80.0,Venezia,Trilocale,mid,north,1.0,3,mid-small
1050.0,50.0,Venezia,Bilocale,mid,north,1.0,2,small
880.0,50.0,Venezia,Bilocale,mid,north,1.0,2,small
1300.0,75.0,Venezia,Trilocale,mid,north,1.0,3,mid-small
1900.0,65.0,Venezia,Trilocale,mid,north,1.0,3,small
850.0,45.0,Venezia,Bilocale,mid,north,1.0,2,small
1350.0,155.0,Venezia,Appartamento,mid,north,1.0,6,mid
650.0,68.0,Venezia,Bilocale,mid,north,1.0,2,small
2500.0,60.0,Venezia,Trilocale,mid,north,1.0,3,small
1800.0,80.0,Venezia,Trilocale,mid,north,1.0,3,mid-small
650.0,85.0,Venezia,Trilocale,mid,north,1.0,3,mid-small
1800.0,75.0,Venezia,Terratetto,mid,north,1.0,3,mid-small
1100.0,80.0,Venezia,Trilocale,mid,north,1.0,3,mid-small
1400.0,50.0,Venezia,Bilocale,mid,north,1.0,2,small
900.0,45.0,Venezia,Bilocale,mid,north,1.0,2,small
650.0,55.0,Venezia,Bilocale,mid,north,1.0,2,small
1500.0,30.0,Venezia,Monolocale,mid,north,1.0,1,very small
2000.0,70.0,Venezia,Trilocale,mid,north,1.0,3,mid-small
1100.0,80.0,Venezia,Trilocale,mid,north,1.0,3,mid-small
530.0,39.0,Venezia,Bilocale,mid,north,1.0,2,very small
850.0,100.0,Venezia,Trilocale,mid,north,1.0,3,mid
2500.0,120.0,Messina,Trilocale,mid,south,4.0,3,mid
200.0,130.0,Messina,Trilocale,mid,south,4.0,3,mid
300.0,36.0,Messina,Monolocale,mid,south,4.0,1,very small
580.0,45.0,Messina,Trilocale,mid,south,4.0,3,small
2000.0,130.0,Messina,Trilocale,mid,south,4.0,3,mid
850.0,70.0,Messina,Attico,mid,south,4.0,3,mid-small
600.0,95.0,Messina,Trilocale,mid,south,4.0,3,mid-small
3000.0,204.0,Messina,Villa,mid,south,4.0,4,large
3500.0,343.0,Messina,Appartamento,mid,south,4.0,6,large
1200.0,128.0,Messina,Trilocale,mid,south,4.0,3,mid
550.0,35.0,Messina,Bilocale,mid,south,4.0,2,very small
750.0,90.0,Messina,Trilocale,mid,south,4.0,3,mid-small
700.0,160.0,Messina,Quadrilocale,mid,south,4.0,4,mid
650.0,135.0,Messina,Appartamento,mid,south,4.0,5,mid
6800.0,280.0,Messina,Villa,mid,south,4.0,6,large
500.0,90.0,Messina,Trilocale,mid,south,4.0,3,mid-small
250.0,90.0,Messina,Trilocale,mid,south,4.0,3,mid-small
2000.0,260.0,Messina,Appartamento,mid,south,4.0,5,large
700.0,120.0,Messina,Quadrilocale,mid,south,4.0,4,mid
650.0,85.0,Messina,Trilocale,mid,south,4.0,3,mid-small
250.0,20.0,Messina,Monolocale,mid,south,4.0,1,very small
850.0,79.0,Messina,Attico,mid,south,4.0,3,mid-small
700.0,120.0,Messina,Trilocale,mid,south,4.0,3,mid
660.0,69.0,Messina,Mansarda,mid,south,4.0,2,small
500.0,50.0,Messina,Mansarda,mid,south,3.0,2,small
550.0,72.0,Messina,Trilocale,mid,south,3.0,3,mid-small
900.0,110.0,Messina,Trilocale,mid,south,3.0,3,mid
350.0,38.0,Messina,Bilocale,mid,south,3.0,2,very small
650.0,130.0,Messina,Appartamento,mid,south,3.0,5,mid
500.0,60.0,Messina,Bilocale,mid,south,3.0,2,small
450.0,65.0,Messina,Bilocale,mid,south,3.0,2,small
500.0,50.0,Messina,Bilocale,mid,south,3.0,2,small
750.0,100.0,Messina,Quadrilocale,mid,south,3.0,4,mid
1800.0,65.0,Messina,Bilocale,mid,south,3.0,2,small
750.0,107.0,Messina,Quadrilocale,mid,south,3.0,4,mid
850.0,100.0,Messina,Trilocale,mid,south,3.0,3,mid
470.0,90.0,Messina,Trilocale,mid,south,3.0,3,mid-small
700.0,125.0,Messina,Appartamento,mid,south,3.0,5,mid
550.0,100.0,Messina,Bilocale,mid,south,3.0,2,mid
800.0,100.0,Messina,Quadrilocale,mid,south,3.0,4,mid
500.0,77.0,Messina,Trilocale,mid,south,3.0,3,mid-small
1000.0,70.0,Messina,Trilocale,mid,south,3.0,3,mid-small
500.0,40.0,Messina,Mansarda,mid,south,3.0,2,small
750.0,95.0,Messina,Trilocale,mid,south,3.0,3,mid-small
650.0,141.0,Messina,Quadrilocale,mid,south,3.0,4,mid
570.0,40.0,Messina,Bilocale,mid,south,3.0,2,small
400.0,65.0,Messina,Mansarda,mid,south,3.0,3,small
2000.0,200.0,Messina,Appartamento,mid,south,2.0,5,large
450.0,80.0,Messina,Trilocale,mid,south,2.0,3,mid-small
520.0,99.0,Messina,Trilocale,mid,south,2.0,3,mid-small
450.0,65.0,Messina,Bilocale,mid,south,2.0,2,small
560.0,40.0,Messina,Monolocale,mid,south,2.0,1,small
550.0,90.0,Messina,Trilocale,mid,south,2.0,3,mid-small
600.0,60.0,Messina,Bilocale,mid,south,2.0,2,small
600.0,75.0,Messina,Trilocale,mid,south,2.0,3,mid-small
600.0,124.0,Messina,Trilocale,mid,south,2.0,3,mid
900.0,133.0,Messina,Quadrilocale,mid,south,2.0,4,mid
200.0,25.0,Messina,Monolocale,mid,south,2.0,1,very small
550.0,130.0,Messina,Appartamento,mid,south,2.0,5,mid
580.0,95.0,Messina,Quadrilocale,mid,south,2.0,4,mid-small
550.0,60.0,Messina,Trilocale,mid,south,2.0,3,small
380.0,70.0,Messina,Bilocale,mid,south,2.0,2,mid-small
450.0,60.0,Messina,Trilocale,mid,south,2.0,3,small
800.0,115.0,Messina,Quadrilocale,mid,south,2.0,4,mid
800.0,95.0,Messina,Bilocale,mid,south,2.0,2,mid-small
800.0,130.0,Messina,Quadrilocale,mid,south,2.0,4,mid
220.0,20.0,Messina,Appartamento,mid,south,2.0,6,very small
600.0,65.0,Messina,Monolocale,mid,south,2.0,1,small
2500.0,165.0,Messina,Quadrilocale,mid,south,2.0,4,mid
550.0,65.0,Messina,Trilocale,mid,south,2.0,3,small
950.0,179.0,Messina,Appartamento,mid,south,2.0,5,mid
950.0,110.0,Messina,Trilocale,mid,south,2.0,3,mid
350.0,38.0,Messina,Monolocale,mid,south,2.0,1,very small
600.0,85.0,Messina,Trilocale,mid,south,2.0,3,mid-small
850.0,117.0,Messina,Quadrilocale,mid,south,2.0,4,mid
1200.0,80.0,Messina,Bilocale,mid,south,2.0,2,mid-small
200.0,110.0,Messina,Quadrilocale,mid,south,2.0,4,mid
600.0,80.0,Messina,Quadrilocale,mid,south,2.0,4,mid-small
8000.0,773.0,Messina,Villa,mid,south,2.0,6,very large
450.0,55.0,Messina,Bilocale,mid,south,2.0,2,small
600.0,201.0,Messina,Trilocale,mid,south,2.0,3,large
1200.0,220.0,Messina,Appartamento,mid,south,2.0,6,large
550.0,68.0,Messina,Bilocale,mid,south,2.0,2,small
800.0,154.0,Messina,Quadrilocale,mid,south,2.0,4,mid
520.0,80.0,Messina,Bilocale,mid,south,2.0,2,mid-small
650.0,140.0,Messina,Appartamento,mid,south,2.0,5,mid
300.0,25.0,Messina,Monolocale,mid,south,2.0,1,very small
400.0,55.0,Messina,Bilocale,mid,south,2.0,2,small
3500.0,70.0,Messina,Trilocale,mid,south,2.0,3,mid-small
800.0,60.0,Messina,Attico,mid,south,2.0,2,small
400.0,95.0,Messina,Trilocale,mid,south,2.0,3,mid-small
370.0,55.0,Messina,Bilocale,mid,south,2.0,2,small
550.0,70.0,Messina,Bilocale,mid,south,2.0,2,mid-small
550.0,90.0,Messina,Quadrilocale,mid,south,1.0,4,mid-small
700.0,160.0,Messina,Appartamento,mid,south,1.0,5,mid
850.0,140.0,Messina,Quadrilocale,mid,south,1.0,4,mid
700.0,115.0,Messina,Trilocale,mid,south,1.0,3,mid
700.0,110.0,Messina,Quadrilocale,mid,south,1.0,4,mid
450.0,255.0,Messina,Trilocale,mid,south,1.0,3,large
4000.0,400.0,Messina,Appartamento,mid,south,1.0,6,very large
6500.0,800.0,Messina,Villa,mid,south,1.0,6,very large
450.0,70.0,Messina,Trilocale,mid,south,1.0,3,mid-small
500.0,120.0,Messina,Quadrilocale,mid,south,1.0,4,mid
1800.0,48.0,Messina,Bilocale,mid,south,1.0,2,small
2200.0,71.0,Messina,Bilocale,mid,south,1.0,2,mid-small
700.0,50.0,Messina,Bilocale,mid,south,1.0,2,small
370.0,60.0,Messina,Bilocale,mid,south,1.0,2,small
250.0,95.0,Messina,Attico,mid,south,1.0,4,mid-small
1000.0,83.0,Messina,Trilocale,mid,south,1.0,3,mid-small
600.0,95.0,Messina,Trilocale,mid,south,1.0,3,mid-small
600.0,80.0,Messina,Bilocale,mid,south,1.0,2,mid-small
650.0,105.0,Messina,Quadrilocale,mid,south,1.0,4,mid
800.0,145.0,Messina,Appartamento,mid,south,1.0,5,mid
1250.0,218.0,Messina,Appartamento,mid,south,1.0,6,large
1000.0,180.0,Messina,Appartamento,mid,south,1.0,5,mid
500.0,30.0,Messina,Monolocale,mid,south,1.0,1,very small
550.0,50.0,Messina,Bilocale,mid,south,1.0,2,small
320.0,40.0,Messina,Mansarda,mid,south,1.0,2,small
1000.0,100.0,Messina,Trilocale,mid,south,1.0,3,mid
1400.0,51.0,Messina,Bilocale,mid,south,1.0,2,small
300.0,169.0,Messina,Appartamento,mid,south,1.0,5,mid
500.0,60.0,Messina,Bilocale,mid,south,1.0,2,small
650.0,130.0,Messina,Appartamento,mid,south,1.0,5,mid
550.0,100.0,Messina,Quadrilocale,mid,south,1.0,4,mid
1000.0,35.0,Messina,Monolocale,mid,south,1.0,1,very small
700.0,100.0,Messina,Appartamento,mid,south,1.0,5,mid
350.0,35.0,Messina,Monolocale,mid,south,1.0,1,very small
380.0,70.0,Messina,Trilocale,mid,south,1.0,3,mid-small
1200.0,180.0,Messina,Appartamento,mid,south,1.0,6,mid
750.0,150.0,Messina,Villa,mid,south,1.0,4,mid
350.0,70.0,Messina,Trilocale,mid,south,1.0,3,mid-small
200.0,130.0,Messina,Quadrilocale,mid,south,1.0,4,mid
500.0,118.0,Messina,Quadrilocale,mid,south,1.0,4,mid
400.0,68.0,Messina,Bilocale,mid,south,1.0,2,small
1500.0,50.0,Messina,Bilocale,mid,south,1.0,2,small
550.0,40.0,Messina,Bilocale,mid,south,1.0,2,small
1350.0,170.0,Messina,Appartamento,mid,south,1.0,6,mid
700.0,110.0,Messina,Trilocale,mid,south,5.0,3,mid
450.0,65.0,Messina,Bilocale,mid,south,5.0,2,small
2500.0,87.0,Messina,Terratetto,mid,south,5.0,3,mid-small
2600.0,100.0,Messina,Trilocale,mid,south,5.0,3,mid
400.0,110.0,Messina,Trilocale,mid,south,5.0,3,mid
540.0,70.0,Messina,Bilocale,mid,south,5.0,2,mid-small
690.0,130.0,Messina,Trilocale,mid,south,5.0,3,mid
520.0,108.0,Messina,Quadrilocale,mid,south,5.0,4,mid
750.0,90.0,Messina,Trilocale,mid,south,5.0,3,mid-small
550.0,90.0,Messina,Trilocale,mid,south,5.0,3,mid-small
800.0,100.0,Messina,Trilocale,mid,south,5.0,3,mid
650.0,80.0,Messina,Attico,mid,south,5.0,3,mid-small
350.0,73.0,Messina,Bilocale,mid,south,5.0,2,mid-small
2900.0,105.0,Messina,Trilocale,mid,south,5.0,3,mid
950.0,110.0,Messina,Trilocale,mid,south,5.0,3,mid
800.0,110.0,Messina,Quadrilocale,mid,south,5.0,4,mid
650.0,148.0,Messina,Trilocale,mid,south,5.0,3,mid
700.0,70.0,Messina,Trilocale,mid,south,5.0,3,mid-small
350.0,105.0,Messina,Trilocale,mid,south,5.0,3,mid
700.0,100.0,Messina,Quadrilocale,mid,south,5.0,4,mid
1100.0,60.0,Messina,Bilocale,mid,south,5.0,2,small
450.0,95.0,Messina,Trilocale,mid,south,5.0,3,mid-small
900.0,120.0,Messina,Villa,mid,south,5.0,5,mid
650.0,65.0,Messina,Bilocale,mid,south,5.0,2,small
600.0,95.0,Messina,Trilocale,mid,south,5.0,3,mid-small
600.0,90.0,Messina,Quadrilocale,mid,south,3.0,4,mid-small
1800.0,80.0,Messina,Bilocale,mid,south,3.0,2,mid-small
750.0,80.0,Messina,Bilocale,mid,south,3.0,2,mid-small
750.0,80.0,Messina,Trilocale,mid,south,3.0,3,mid-small
400.0,85.0,Messina,Trilocale,mid,south,3.0,3,mid-small
450.0,60.0,Messina,Bilocale,mid,south,3.0,2,small
350.0,50.0,Messina,Bilocale,mid,south,3.0,2,small
350.0,50.0,Messina,Mansarda,mid,south,3.0,2,small
540.0,71.0,Messina,Bilocale,mid,south,3.0,2,mid-small
600.0,110.0,Messina,Quadrilocale,mid,south,3.0,4,mid
400.0,95.0,Messina,Trilocale,mid,south,3.0,3,mid-small
600.0,45.0,Messina,Bilocale,mid,south,3.0,2,small
700.0,60.0,Messina,Bilocale,mid,south,3.0,2,small
400.0,50.0,Messina,Appartamento,mid,south,3.0,2,small
400.0,50.0,Messina,Bilocale,mid,south,3.0,2,small
400.0,50.0,Messina,Palazzo,mid,south,3.0,2,small
550.0,40.0,Messina,Bilocale,mid,south,3.0,2,small
2000.0,100.0,Messina,Trilocale,mid,south,3.0,3,mid
3200.0,400.0,Padova,Appartamento,mid,north,2.0,6,very large
2500.0,255.0,Padova,Appartamento,mid,north,2.0,6,large
870.0,93.0,Padova,Quadrilocale,mid,north,2.0,4,mid-small
800.0,45.0,Padova,Bilocale,mid,north,2.0,2,small
700.0,30.0,Padova,Monolocale,mid,north,2.0,1,very small
700.0,30.0,Padova,Monolocale,mid,north,2.0,1,very small
1000.0,45.0,Padova,Mansarda,mid,north,2.0,3,small
1500.0,185.0,Padova,Attico,mid,north,2.0,4,mid
900.0,60.0,Padova,Bilocale,mid,north,2.0,2,small
1100.0,90.0,Padova,Trilocale,mid,north,2.0,3,mid-small
1300.0,110.0,Padova,Quadrilocale,mid,north,2.0,4,mid
700.0,44.0,Padova,Bilocale,mid,north,2.0,2,small
1250.0,85.0,Padova,Trilocale,mid,north,2.0,3,mid-small
1250.0,60.0,Padova,Bilocale,mid,north,2.0,2,small
1200.0,159.0,Padova,Quadrilocale,mid,north,2.0,4,mid
750.0,30.0,Padova,Bilocale,mid,north,2.0,2,very small
2400.0,55.0,Padova,Bilocale,mid,north,2.0,2,small
1000.0,123.0,Padova,Trilocale,mid,north,2.0,3,mid
2200.0,114.0,Padova,Loft,mid,north,2.0,2,mid
1200.0,20.0,Padova,Monolocale,mid,north,2.0,1,very small
1200.0,20.0,Padova,Monolocale,mid,north,2.0,1,very small
1600.0,88.0,Padova,Bilocale,mid,north,2.0,2,mid-small
1200.0,200.0,Padova,Quadrilocale,mid,north,2.0,4,large
1000.0,46.0,Padova,Bilocale,mid,north,2.0,2,small
1150.0,35.0,Padova,Monolocale,mid,north,2.0,1,very small
1200.0,125.0,Padova,Appartamento,mid,north,2.0,5,mid
1150.0,28.0,Padova,Monolocale,mid,north,2.0,1,very small
1400.0,77.0,Padova,Bilocale,mid,north,2.0,2,mid-small
1400.0,42.0,Padova,Bilocale,mid,north,2.0,2,small
1350.0,31.0,Padova,Bilocale,mid,north,2.0,2,very small
1000.0,88.0,Padova,Trilocale,mid,north,2.0,3,mid-small
1400.0,113.0,Padova,Trilocale,mid,north,2.0,3,mid
1350.0,40.0,Padova,Bilocale,mid,north,2.0,2,small
1050.0,60.0,Padova,Bilocale,mid,north,2.0,2,small
1520.0,90.0,Padova,Trilocale,mid,north,2.0,3,mid-small
900.0,30.0,Padova,Monolocale,mid,north,2.0,1,very small
900.0,82.0,Padova,Trilocale,mid,north,2.0,3,mid-small
1200.0,95.0,Padova,Quadrilocale,mid,north,2.0,4,mid-small
1100.0,100.0,Padova,Bilocale,mid,north,2.0,2,mid
1660.0,250.0,Padova,Appartamento,mid,north,2.0,5,large
1100.0,90.0,Padova,Quadrilocale,mid,north,2.0,4,mid-small
1100.0,147.0,Padova,Terratetto,mid,north,2.0,6,mid
1500.0,120.0,Padova,Quadrilocale,mid,north,2.0,4,mid
1200.0,108.0,Padova,Trilocale,mid,north,2.0,3,mid
1200.0,80.0,Padova,Trilocale,mid,north,2.0,3,mid-small
950.0,90.0,Padova,Trilocale,mid,north,2.0,3,mid-small
1000.0,100.0,Padova,Bilocale,mid,north,2.0,2,mid
1200.0,103.0,Padova,Attico,mid,north,2.0,2,mid
1300.0,88.0,Padova,Villa,mid,north,2.0,3,mid-small
1400.0,145.0,Padova,Appartamento,mid,north,2.0,5,mid
550.0,24.0,Padova,Monolocale,mid,north,2.0,1,very small
1200.0,86.0,Padova,Trilocale,mid,north,2.0,3,mid-small
1550.0,62.0,Padova,Bilocale,mid,north,2.0,2,small
800.0,34.0,Padova,Bilocale,mid,north,2.0,2,very small
1500.0,160.0,Padova,Quadrilocale,mid,north,2.0,4,mid
750.0,60.0,Padova,Bilocale,mid,north,2.0,2,small
2000.0,120.0,Padova,Trilocale,mid,north,2.0,3,mid
1000.0,100.0,Padova,Trilocale,mid,north,2.0,3,mid
2600.0,240.0,Padova,Appartamento,mid,north,2.0,5,large
1400.0,150.0,Padova,Appartamento,mid,north,2.0,5,mid
800.0,35.0,Padova,Bilocale,mid,north,2.0,2,very small
800.0,35.0,Padova,Monolocale,mid,north,2.0,1,very small
1000.0,107.0,Padova,Trilocale,mid,north,2.0,3,mid
870.0,35.0,Padova,Bilocale,mid,north,2.0,2,very small
4900.0,270.0,Padova,Villa,mid,north,2.0,6,large
1000.0,100.0,Padova,Quadrilocale,mid,north,2.0,4,mid
1900.0,169.0,Padova,Attico,mid,north,2.0,4,mid
1050.0,118.0,Padova,Appartamento,mid,north,2.0,5,mid
1300.0,106.0,Padova,Trilocale,mid,north,2.0,3,mid
1200.0,90.0,Padova,Trilocale,mid,north,2.0,3,mid-small
850.0,75.0,Padova,Trilocale,mid,north,2.0,3,mid-small
1200.0,94.0,Padova,Attico,mid,north,2.0,3,mid-small
4900.0,250.0,Padova,Villa,mid,north,2.0,6,large
750.0,73.0,Padova,Trilocale,mid,north,1.0,3,mid-small
800.0,61.0,Padova,Bilocale,mid,north,1.0,2,small
1800.0,154.0,Padova,Appartamento,mid,north,1.0,5,mid
700.0,58.0,Padova,Bilocale,mid,north,1.0,2,small
1000.0,100.0,Padova,Trilocale,mid,north,1.0,3,mid
850.0,60.0,Padova,Trilocale,mid,north,1.0,3,small
4000.0,490.0,Padova,Terratetto,mid,north,1.0,6,very large
1800.0,110.0,Padova,Trilocale,mid,north,1.0,3,mid
1800.0,189.0,Padova,Quadrilocale,mid,north,1.0,4,mid
1250.0,90.0,Padova,Quadrilocale,mid,north,1.0,4,mid-small
1300.0,147.0,Padova,Quadrilocale,mid,north,1.0,4,mid
1400.0,80.0,Padova,Appartamento,mid,north,1.0,5,mid-small
870.0,105.0,Padova,Quadrilocale,mid,north,1.0,4,mid
1300.0,75.0,Padova,Trilocale,mid,north,1.0,3,mid-small
1050.0,76.0,Padova,Mansarda,mid,north,1.0,3,mid-small
1350.0,120.0,Padova,Appartamento,mid,north,1.0,5,mid
800.0,85.0,Padova,Quadrilocale,mid,north,1.0,4,mid-small
1000.0,72.0,Padova,Trilocale,mid,north,1.0,3,mid-small
700.0,80.0,Padova,Trilocale,mid,north,1.0,3,mid-small
900.0,50.0,Padova,Bilocale,mid,north,1.0,2,small
1000.0,45.0,Padova,Bilocale,mid,north,1.0,2,small
1300.0,120.0,Padova,Trilocale,mid,north,1.0,3,mid
2200.0,215.0,Padova,Quadrilocale,mid,north,1.0,4,large
990.0,100.0,Padova,Trilocale,mid,north,2.0,3,mid
700.0,30.0,Padova,Bilocale,mid,north,2.0,2,very small
7000.0,600.0,Padova,Palazzo,mid,north,2.0,6,very large
700.0,57.0,Padova,Bilocale,mid,north,2.0,2,small
1000.0,50.0,Padova,Bilocale,mid,north,2.0,2,small
2000.0,200.0,Padova,Attico,mid,north,2.0,4,large
2600.0,310.0,Padova,Appartamento,mid,north,2.0,6,large
1300.0,165.0,Padova,Quadrilocale,mid,north,2.0,4,mid
1200.0,110.0,Padova,Quadrilocale,mid,north,2.0,4,mid
2000.0,124.0,Padova,Attico,mid,north,2.0,4,mid
1000.0,123.0,Padova,Appartamento,mid,north,2.0,5,mid
1050.0,107.0,Padova,Quadrilocale,mid,north,2.0,4,mid
1300.0,70.0,Padova,Trilocale,mid,north,2.0,3,mid-small
1000.0,45.0,Padova,Monolocale,mid,north,2.0,1,small
450.0,35.0,Padova,Monolocale,mid,north,2.0,1,very small
1000.0,45.0,Padova,Monolocale,mid,north,2.0,1,small
900.0,45.0,Padova,Monolocale,mid,north,2.0,1,small
1350.0,280.0,Padova,Villa,mid,north,2.0,6,large
900.0,35.0,Padova,Monolocale,mid,north,2.0,1,very small
1200.0,90.0,Padova,Appartamento,mid,north,2.0,6,mid-small
650.0,50.0,Padova,Bilocale,mid,north,2.0,2,small
2300.0,60.0,Padova,Trilocale,mid,north,2.0,3,small
900.0,70.0,Padova,Trilocale,mid,north,0.5,3,mid-small
1200.0,150.0,Padova,Appartamento,mid,north,0.5,5,mid
750.0,80.0,Padova,Trilocale,mid,north,0.5,3,mid-small
2300.0,130.0,Padova,Mansarda,mid,north,0.5,4,mid
1100.0,107.0,Padova,Trilocale,mid,north,0.5,3,mid
1000.0,50.0,Padova,Bilocale,mid,north,0.5,2,small
1200.0,102.0,Padova,Quadrilocale,mid,north,0.5,4,mid
1300.0,154.0,Padova,Appartamento,mid,north,0.5,5,mid
3800.0,490.0,Padova,Appartamento,mid,north,0.5,6,very large
900.0,60.0,Padova,Bilocale,mid,north,0.5,2,small
800.0,40.0,Padova,Monolocale,mid,north,0.5,1,small
1250.0,130.0,Padova,Quadrilocale,mid,north,0.5,4,mid
850.0,105.0,Padova,Appartamento,mid,north,0.5,5,mid
850.0,120.0,Padova,Quadrilocale,mid,north,0.5,4,mid
450.0,40.0,Padova,Bilocale,mid,north,0.5,2,small
1500.0,108.0,Padova,Appartamento,mid,north,0.5,5,mid
700.0,45.0,Padova,Bilocale,mid,north,0.5,2,small
1200.0,140.0,Padova,Appartamento,mid,north,0.5,5,mid
1400.0,80.0,Padova,Trilocale,mid,north,0.5,3,mid-small
1080.0,80.0,Padova,Trilocale,mid,north,0.5,3,mid-small
1500.0,115.0,Padova,Quadrilocale,mid,north,0.5,4,mid
700.0,40.0,Padova,Bilocale,mid,north,0.5,2,small
1300.0,75.0,Padova,Trilocale,mid,north,0.5,3,mid-small
1850.0,197.0,Padova,Appartamento,mid,north,0.5,6,mid
1500.0,115.0,Padova,Quadrilocale,mid,north,0.5,4,mid
1000.0,43.0,Padova,Monolocale,mid,north,2.0,1,small
1800.0,110.0,Padova,Appartamento,mid,north,2.0,5,mid
1000.0,89.0,Padova,Quadrilocale,mid,north,2.0,4,mid-small
630.0,70.0,Padova,Trilocale,mid,north,2.0,3,mid-small
1000.0,43.0,Padova,Monolocale,mid,north,2.0,1,small
1100.0,130.0,Padova,Appartamento,mid,north,2.0,5,mid
1200.0,90.0,Padova,Quadrilocale,mid,north,2.0,4,mid-small
950.0,90.0,Padova,Quadrilocale,mid,north,2.0,4,mid-small
990.0,118.0,Padova,Appartamento,mid,north,2.0,5,mid
2400.0,260.0,Padova,Appartamento,mid,north,2.0,6,large
1000.0,120.0,Padova,Quadrilocale,mid,north,2.0,4,mid
450.0,30.0,Padova,Monolocale,mid,north,2.0,1,very small
850.0,90.0,Padova,Trilocale,mid,north,2.0,3,mid-small
520.0,60.0,Padova,Monolocale,mid,north,2.0,1,small
1100.0,80.0,Padova,Bilocale,mid,north,2.0,2,mid-small
650.0,60.0,Padova,Mansarda,mid,north,2.0,2,small
1300.0,190.0,Padova,Villa,mid,north,2.0,4,mid
690.0,70.0,Padova,Trilocale,mid,north,2.0,3,mid-small
630.0,55.0,Padova,Bilocale,mid,north,2.0,2,small
560.0,50.0,Padova,Bilocale,mid,north,2.0,2,small
560.0,40.0,Padova,Monolocale,mid,north,0.0,1,small
600.0,55.0,Padova,Bilocale,mid,north,0.0,2,small
600.0,55.0,Padova,Bilocale,mid,north,0.0,2,small
650.0,45.0,Padova,Bilocale,mid,north,0.0,2,small
650.0,50.0,Padova,Bilocale,mid,north,0.0,2,small
620.0,50.0,Padova,Bilocale,mid,north,0.0,2,small
630.0,55.0,Padova,Bilocale,mid,north,0.0,2,small
680.0,45.0,Padova,Bilocale,mid,north,0.0,2,small
680.0,50.0,Padova,Bilocale,mid,north,0.0,2,small
600.0,50.0,Padova,Bilocale,mid,north,0.0,2,small
650.0,45.0,Padova,Bilocale,mid,north,0.0,2,small
700.0,50.0,Padova,Bilocale,mid,north,0.0,2,small
650.0,60.0,Padova,Bilocale,mid,north,0.0,2,small
600.0,60.0,Padova,Bilocale,mid,north,0.0,2,small
600.0,50.0,Padova,Bilocale,mid,north,0.0,2,small
500.0,40.0,Padova,Monolocale,mid,north,0.0,1,small
600.0,50.0,Padova,Bilocale,mid,north,0.0,2,small
650.0,50.0,Padova,Bilocale,mid,north,0.0,2,small
700.0,40.0,Padova,Bilocale,mid,north,0.0,2,small
560.0,40.0,Padova,Monolocale,mid,north,0.0,1,small
1400.0,200.0,Padova,Appartamento,mid,north,0.0,5,large
900.0,90.0,Padova,Trilocale,mid,north,0.0,3,mid-small
1000.0,43.0,Padova,Bilocale,mid,north,0.0,2,small
1000.0,90.0,Padova,Trilocale,mid,north,0.0,3,mid-small
1080.0,80.0,Padova,Trilocale,mid,north,1.0,3,mid-small
400.0,167.0,Padova,Quadrilocale,mid,north,1.0,4,mid
800.0,40.0,Padova,Bilocale,mid,north,1.0,2,small
1000.0,90.0,Padova,Bilocale,mid,north,1.0,2,mid-small
300.0,100.0,Padova,Trilocale,mid,north,1.0,3,mid
850.0,58.0,Padova,Bilocale,mid,north,1.0,2,small
1400.0,140.0,Padova,Quadrilocale,mid,north,1.0,4,mid
1500.0,120.0,Padova,Quadrilocale,mid,north,1.0,4,mid
520.0,53.0,Padova,Quadrilocale,mid,north,1.0,4,small
1250.0,130.0,Padova,Quadrilocale,mid,north,1.0,4,mid
950.0,90.0,Padova,Trilocale,mid,north,1.0,3,mid-small
1600.0,90.0,Trieste,Trilocale,mid,north,6.0,3,mid-small
1100.0,110.0,Trieste,Quadrilocale,mid,north,6.0,4,mid
1300.0,65.0,Trieste,Mansarda,mid,north,6.0,2,small
2900.0,84.0,Trieste,Trilocale,mid,north,6.0,3,mid-small
2500.0,228.0,Trieste,Appartamento,mid,north,6.0,6,large
850.0,74.0,Trieste,Trilocale,mid,north,6.0,3,mid-small
650.0,85.0,Trieste,Trilocale,mid,north,6.0,3,mid-small
700.0,55.0,Trieste,Bilocale,mid,north,6.0,2,small
1350.0,170.0,Trieste,Quadrilocale,mid,north,6.0,4,mid
1100.0,124.0,Trieste,Trilocale,mid,north,6.0,3,mid
650.0,85.0,Trieste,Trilocale,mid,north,6.0,3,mid-small
800.0,100.0,Trieste,Trilocale,mid,north,6.0,3,mid
650.0,73.0,Trieste,Trilocale,mid,north,6.0,3,mid-small
800.0,125.0,Trieste,Quadrilocale,mid,north,6.0,4,mid
380.0,50.0,Trieste,Bilocale,mid,north,6.0,2,small
580.0,80.0,Trieste,Trilocale,mid,north,6.0,3,mid-small
1130.0,110.0,Trieste,Bilocale,mid,north,6.0,2,mid
720.0,60.0,Trieste,Bilocale,mid,north,6.0,2,small
490.0,50.0,Trieste,Bilocale,mid,north,6.0,2,small
1600.0,120.0,Trieste,Trilocale,mid,north,6.0,3,mid
650.0,76.0,Trieste,Monolocale,mid,north,6.0,1,mid-small
720.0,75.0,Trieste,Trilocale,mid,north,6.0,3,mid-small
2150.0,130.0,Trieste,Trilocale,mid,north,6.0,3,mid
620.0,70.0,Trieste,Bilocale,mid,north,1.0,2,mid-small
490.0,56.0,Trieste,Bilocale,mid,north,1.0,2,small
750.0,82.0,Trieste,Attico,mid,north,1.0,3,mid-small
550.0,65.0,Trieste,Bilocale,mid,north,1.0,2,small
450.0,25.0,Trieste,Bilocale,mid,north,1.0,2,very small
550.0,55.0,Trieste,Bilocale,mid,north,1.0,2,small
1200.0,60.0,Trieste,Attico,mid,north,1.0,2,small
750.0,75.0,Trieste,Trilocale,mid,north,1.0,3,mid-small
570.0,52.0,Trieste,Bilocale,mid,north,1.0,2,small
900.0,61.0,Trieste,Bilocale,mid,north,1.0,2,small
750.0,70.0,Trieste,Bilocale,mid,north,1.0,2,mid-small
900.0,119.0,Trieste,Quadrilocale,mid,north,1.0,4,mid
570.0,70.0,Trieste,Bilocale,mid,north,1.0,2,mid-small
670.0,86.0,Trieste,Trilocale,mid,north,1.0,3,mid-small
650.0,105.0,Trieste,Trilocale,mid,north,1.0,3,mid
1300.0,110.0,Trieste,Quadrilocale,mid,north,1.0,4,mid
500.0,50.0,Trieste,Bilocale,mid,north,1.0,2,small
550.0,65.0,Trieste,Bilocale,mid,north,1.0,2,small
1500.0,200.0,Trieste,Appartamento,mid,north,1.0,6,large
950.0,130.0,Trieste,Quadrilocale,mid,north,1.0,4,mid
800.0,110.0,Trieste,Trilocale,mid,north,1.0,3,mid
800.0,80.0,Trieste,Trilocale,mid,north,4.0,3,mid-small
618.0,69.0,Trieste,Bilocale,mid,north,4.0,2,small
1200.0,115.0,Trieste,Trilocale,mid,north,4.0,3,mid
1000.0,60.0,Trieste,Trilocale,mid,north,4.0,3,small
620.0,75.0,Trieste,Bilocale,mid,north,4.0,2,mid-small
460.0,65.0,Trieste,Bilocale,mid,north,4.0,2,small
850.0,140.0,Trieste,Quadrilocale,mid,north,4.0,4,mid
515.0,40.0,Trieste,Bilocale,mid,north,4.0,2,small
5500.0,320.0,Trieste,Palazzo,mid,north,4.0,6,large
2300.0,150.0,Trieste,Quadrilocale,mid,north,4.0,4,mid
900.0,90.0,Trieste,Bilocale,mid,north,4.0,2,mid-small
1350.0,155.0,Trieste,Quadrilocale,mid,north,4.0,4,mid
800.0,60.0,Trieste,Attico,mid,north,4.0,3,small
500.0,50.0,Trieste,Monolocale,mid,north,4.0,1,small
600.0,55.0,Trieste,Bilocale,mid,north,4.0,2,small
800.0,92.0,Trieste,Trilocale,mid,north,4.0,3,mid-small
1800.0,224.0,Trieste,Appartamento,mid,north,4.0,6,large
850.0,54.0,Trieste,Villa,mid,north,4.0,2,small
1300.0,63.0,Trieste,Bilocale,mid,north,4.0,2,small
630.0,70.0,Trieste,Trilocale,mid,north,4.0,3,mid-small
450.0,45.0,Trieste,Bilocale,mid,north,4.0,2,small
800.0,52.0,Trieste,Bilocale,mid,north,4.0,2,small
750.0,61.0,Trieste,Bilocale,mid,north,4.0,2,small
1150.0,130.0,Trieste,Trilocale,mid,north,4.0,3,mid
650.0,80.0,Trieste,Trilocale,mid,north,4.0,3,mid-small
1500.0,120.0,Trieste,Appartamento,mid,north,4.0,5,mid
950.0,82.0,Trieste,Trilocale,mid,north,4.0,3,mid-small
700.0,77.0,Trieste,Bilocale,mid,north,4.0,2,mid-small
900.0,80.0,Trieste,Bilocale,mid,north,4.0,2,mid-small
1300.0,160.0,Trieste,Quadrilocale,mid,north,4.0,4,mid
800.0,85.0,Trieste,Bilocale,mid,north,4.0,2,mid-small
900.0,91.0,Trieste,Quadrilocale,mid,north,4.0,4,mid-small
650.0,45.0,Trieste,Mansarda,mid,north,4.0,2,small
3000.0,150.0,Trieste,Villa,mid,north,4.0,4,mid
600.0,60.0,Trieste,Bilocale,mid,north,4.0,2,small
850.0,81.0,Trieste,Trilocale,mid,north,4.0,3,mid-small
430.0,40.0,Trieste,Monolocale,mid,north,4.0,1,small
700.0,65.0,Trieste,Bilocale,mid,north,4.0,2,small
480.0,35.0,Trieste,Monolocale,mid,north,4.0,1,very small
950.0,80.0,Trieste,Bilocale,mid,north,4.0,2,mid-small
600.0,100.0,Trieste,Appartamento,mid,north,4.0,5,mid
850.0,78.0,Trieste,Bilocale,mid,north,4.0,2,mid-small
490.0,60.0,Trieste,Bilocale,mid,north,4.0,2,small
950.0,56.0,Trieste,Bilocale,mid,north,4.0,2,small
640.0,65.0,Trieste,Trilocale,mid,north,4.0,3,small
850.0,80.0,Trieste,Trilocale,mid,north,1.0,3,mid-small
600.0,130.0,Trieste,Quadrilocale,mid,north,1.0,4,mid
1100.0,78.0,Trieste,Bilocale,mid,north,1.0,2,mid-small
650.0,70.0,Trieste,Trilocale,mid,north,1.0,3,mid-small
470.0,55.0,Trieste,Trilocale,mid,north,1.0,3,small
800.0,80.0,Trieste,Trilocale,mid,north,1.0,3,mid-small
1350.0,70.0,Trieste,Trilocale,mid,north,1.0,3,mid-small
700.0,72.0,Trieste,Bilocale,mid,north,1.0,2,mid-small
1100.0,70.0,Trieste,Bilocale,mid,north,1.0,2,mid-small
1500.0,140.0,Trieste,Quadrilocale,mid,north,1.0,4,mid
900.0,90.0,Trieste,Bilocale,mid,north,1.0,2,mid-small
700.0,55.0,Trieste,Bilocale,mid,north,1.0,2,small
750.0,80.0,Trieste,Bilocale,mid,north,1.0,2,mid-small
1200.0,80.0,Trieste,Villa,mid,north,1.0,3,mid-small
750.0,100.0,Trieste,Trilocale,mid,north,1.0,3,mid
650.0,50.0,Trieste,Mansarda,mid,north,1.0,2,small
650.0,65.0,Trieste,Mansarda,mid,north,1.0,2,small
630.0,50.0,Trieste,Monolocale,mid,north,1.0,1,small
1100.0,136.0,Trieste,Quadrilocale,mid,north,1.0,4,mid
1350.0,120.0,Trieste,Villa,mid,north,1.0,4,mid
580.0,64.0,Trieste,Bilocale,mid,north,1.0,2,small
900.0,110.0,Trieste,Trilocale,mid,north,1.0,3,mid
700.0,50.0,Trieste,Bilocale,mid,north,1.0,2,small
1100.0,90.0,Trieste,Bilocale,mid,north,1.0,2,mid-small
750.0,130.0,Trieste,Quadrilocale,mid,north,1.0,4,mid
2500.0,324.0,Trieste,Appartamento,mid,north,1.0,6,large
1650.0,158.0,Trieste,Quadrilocale,mid,north,1.0,4,mid
1500.0,210.0,Trieste,Trilocale,mid,north,1.0,3,large
750.0,60.0,Trieste,Bilocale,mid,north,1.0,2,small
450.0,30.0,Trieste,Monolocale,mid,north,1.0,1,very small
750.0,48.0,Trieste,Bilocale,mid,north,4.0,2,small
1500.0,210.0,Trieste,Appartamento,mid,north,4.0,5,large
2000.0,90.0,Trieste,Quadrilocale,mid,north,4.0,4,mid-small
770.0,95.0,Trieste,Trilocale,mid,north,4.0,3,mid-small
1250.0,200.0,Trieste,Appartamento,mid,north,4.0,4,large
1200.0,126.0,Trieste,Mansarda,mid,north,4.0,4,mid
850.0,90.0,Trieste,Bilocale,mid,north,4.0,2,mid-small
900.0,65.0,Trieste,Bilocale,mid,north,4.0,2,small
850.0,75.0,Trieste,Quadrilocale,mid,north,4.0,4,mid-small
1500.0,210.0,Trieste,Appartamento,mid,north,4.0,5,large
800.0,95.0,Trieste,Trilocale,mid,north,4.0,3,mid-small
490.0,60.0,Trieste,Trilocale,mid,north,4.0,3,small
1000.0,65.0,Trieste,Bilocale,mid,north,4.0,2,small
770.0,85.0,Trieste,Attico,mid,north,4.0,4,mid-small
1100.0,80.0,Trieste,Bilocale,mid,north,4.0,2,mid-small
590.0,92.0,Trieste,Bilocale,mid,north,4.0,2,mid-small
500.0,55.0,Trieste,Bilocale,mid,north,4.0,2,small
450.0,45.0,Trieste,Bilocale,mid,north,2.0,2,small
700.0,72.0,Trieste,Bilocale,mid,north,2.0,2,mid-small
550.0,55.0,Parma,Bilocale,mid-small,north,2.0,2,small
550.0,70.0,Parma,Bilocale,mid-small,north,2.0,2,mid-small
500.0,50.0,Parma,Bilocale,mid-small,north,2.0,2,small
1000.0,100.0,Parma,Trilocale,mid-small,north,2.0,3,mid
1000.0,95.0,Parma,Trilocale,mid-small,north,2.0,3,mid-small
500.0,50.0,Parma,Bilocale,mid-small,north,2.0,2,small
250.0,120.0,Parma,Trilocale,mid-small,north,2.0,3,mid
2500.0,263.0,Parma,Quadrilocale,mid-small,north,2.0,4,large
649.0,65.0,Parma,Bilocale,mid-small,north,2.0,2,small
400.0,36.0,Parma,Monolocale,mid-small,north,2.0,1,very small
600.0,75.0,Parma,Trilocale,mid-small,north,2.0,3,mid-small
500.0,25.0,Parma,Monolocale,mid-small,north,2.0,1,very small
450.0,40.0,Parma,Bilocale,mid-small,north,2.0,2,small
1800.0,105.0,Parma,Trilocale,mid-small,north,2.0,3,mid
1250.0,120.0,Parma,Trilocale,mid-small,north,2.0,3,mid
800.0,55.0,Parma,Bilocale,mid-small,north,2.0,2,small
1050.0,80.0,Parma,Trilocale,mid-small,north,2.0,3,mid-small
1050.0,80.0,Parma,Trilocale,mid-small,north,2.0,3,mid-small
850.0,68.0,Parma,Bilocale,mid-small,north,2.0,2,small
1350.0,106.0,Parma,Trilocale,mid-small,north,2.0,3,mid
1200.0,90.0,Parma,Trilocale,mid-small,north,2.0,3,mid-small
1500.0,105.0,Parma,Trilocale,mid-small,north,2.0,3,mid
1500.0,150.0,Parma,Trilocale,mid-small,north,2.0,3,mid
1300.0,80.0,Parma,Bilocale,mid-small,north,2.0,2,mid-small
760.0,50.0,Parma,Bilocale,mid-small,north,2.0,2,small
1300.0,110.0,Parma,Mansarda,mid-small,north,3.0,4,mid
900.0,105.0,Parma,Quadrilocale,mid-small,north,3.0,4,mid
450.0,35.0,Parma,Monolocale,mid-small,north,3.0,1,very small
900.0,85.0,Parma,Trilocale,mid-small,north,3.0,3,mid-small
700.0,27.0,Parma,Monolocale,mid-small,north,3.0,1,very small
850.0,50.0,Parma,Bilocale,mid-small,north,3.0,2,small
950.0,48.0,Parma,Bilocale,mid-small,north,3.0,2,small
1150.0,135.0,Parma,Appartamento,mid-small,north,3.0,6,mid
1800.0,160.0,Parma,Appartamento,mid-small,north,3.0,6,mid
1500.0,120.0,Parma,Terratetto,mid-small,north,3.0,4,mid
1000.0,65.0,Parma,Bilocale,mid-small,north,3.0,2,small
1500.0,190.0,Parma,Appartamento,mid-small,north,3.0,5,mid
650.0,55.0,Parma,Bilocale,mid-small,north,3.0,2,small
750.0,33.0,Parma,Monolocale,mid-small,north,3.0,1,very small
1000.0,60.0,Parma,Trilocale,mid-small,north,3.0,3,small
1100.0,80.0,Parma,Trilocale,mid-small,north,3.0,3,mid-small
950.0,54.0,Parma,Bilocale,mid-small,north,3.0,2,small
750.0,45.0,Parma,Bilocale,mid-small,north,3.0,2,small
650.0,35.0,Parma,Bilocale,mid-small,north,3.0,2,very small
900.0,45.0,Parma,Bilocale,mid-small,north,3.0,2,small
3000.0,156.0,Parma,Trilocale,mid-small,north,3.0,3,mid
1100.0,50.0,Parma,Bilocale,mid-small,north,3.0,2,small
770.0,70.0,Parma,Bilocale,mid-small,north,3.0,2,mid-small
570.0,45.0,Parma,Bilocale,mid-small,north,3.0,2,small
750.0,45.0,Parma,Bilocale,mid-small,north,0.0,2,small
1100.0,135.0,Parma,Trilocale,mid-small,north,0.0,3,mid
2000.0,250.0,Parma,Appartamento,mid-small,north,0.0,5,large
2500.0,210.0,Parma,Appartamento,mid-small,north,0.0,5,large
1100.0,106.0,Parma,Trilocale,mid-small,north,0.0,3,mid
750.0,75.0,Parma,Trilocale,mid-small,north,0.0,3,mid-small
800.0,55.0,Parma,Bilocale,mid-small,north,0.0,2,small
1100.0,73.0,Parma,Trilocale,mid-small,north,0.0,3,mid-small
900.0,122.0,Parma,Quadrilocale,mid-small,north,0.0,4,mid
1100.0,60.0,Parma,Bilocale,mid-small,north,0.0,2,small
1500.0,112.0,Parma,Trilocale,mid-small,north,0.0,3,mid
550.0,50.0,Parma,Bilocale,mid-small,north,0.0,2,small
750.0,70.0,Parma,Bilocale,mid-small,north,0.0,2,mid-small
1300.0,75.0,Parma,Trilocale,mid-small,north,0.0,3,mid-small
950.0,55.0,Parma,Bilocale,mid-small,north,0.0,2,small
1200.0,77.0,Parma,Trilocale,mid-small,north,0.0,3,mid-small
300.0,100.0,Parma,Appartamento,mid-small,north,0.0,5,mid
1500.0,150.0,Parma,Trilocale,mid-small,north,0.0,3,mid
1100.0,64.0,Parma,Bilocale,mid-small,north,0.0,2,small
1100.0,60.0,Parma,Bilocale,mid-small,north,0.0,2,small
850.0,60.0,Parma,Mansarda,mid-small,north,0.0,2,small
2000.0,350.0,Parma,Villa,mid-small,north,0.0,6,large
1100.0,60.0,Parma,Bilocale,mid-small,north,2.0,2,small
1100.0,90.0,Parma,Trilocale,mid-small,north,2.0,3,mid-small
1500.0,110.0,Parma,Trilocale,mid-small,north,2.0,3,mid
1300.0,70.0,Parma,Bilocale,mid-small,north,2.0,2,mid-small
750.0,55.0,Parma,Bilocale,mid-small,north,2.0,2,small
400.0,30.0,Parma,Monolocale,mid-small,north,2.0,1,very small
950.0,90.0,Parma,Trilocale,mid-small,north,2.0,3,mid-small
1950.0,150.0,Parma,Quadrilocale,mid-small,north,2.0,4,mid
550.0,58.0,Parma,Bilocale,mid-small,north,2.0,2,small
1600.0,100.0,Parma,Trilocale,mid-small,north,2.0,3,mid
750.0,95.0,Parma,Quadrilocale,mid-small,north,2.0,4,mid-small
1800.0,100.0,Parma,Quadrilocale,mid-small,north,2.0,4,mid
1100.0,96.0,Parma,Trilocale,mid-small,north,2.0,3,mid-small
1200.0,70.0,Parma,Attico,mid-small,north,2.0,2,mid-small
450.0,40.0,Parma,Monolocale,mid-small,north,2.0,1,small
800.0,50.0,Parma,Bilocale,mid-small,north,2.0,2,small
750.0,90.0,Parma,Trilocale,mid-small,north,2.0,3,mid-small
670.0,45.0,Parma,Bilocale,mid-small,north,2.0,2,small
600.0,50.0,Parma,Bilocale,mid-small,north,2.0,2,small
900.0,95.0,Parma,Attico,mid-small,north,2.0,2,mid-small
650.0,52.0,Parma,Bilocale,mid-small,north,2.0,2,small
1000.0,100.0,Parma,Bilocale,mid-small,north,2.0,2,mid
900.0,50.0,Parma,Bilocale,mid-small,north,2.0,2,small
1000.0,103.0,Parma,Quadrilocale,mid-small,north,2.0,4,mid
1200.0,80.0,Parma,Trilocale,mid-small,north,2.0,3,mid-small
1050.0,78.0,Parma,Trilocale,mid-small,north,2.0,3,mid-small
750.0,95.0,Parma,Trilocale,mid-small,north,2.0,3,mid-small
600.0,55.0,Parma,Bilocale,mid-small,north,2.0,2,small
700.0,40.0,Parma,Bilocale,mid-small,north,2.0,2,small
1200.0,140.0,Parma,Quadrilocale,mid-small,north,2.0,4,mid
600.0,50.0,Parma,Bilocale,mid-small,north,2.0,2,small
870.0,64.0,Parma,Bilocale,mid-small,north,2.0,2,small
1050.0,80.0,Parma,Trilocale,mid-small,north,2.0,3,mid-small
1200.0,115.0,Parma,Appartamento,mid-small,north,2.0,5,mid
520.0,50.0,Parma,Bilocale,mid-small,north,2.0,2,small
500.0,29.0,Parma,Monolocale,mid-small,north,2.0,1,very small
1100.0,140.0,Parma,Appartamento,mid-small,north,2.0,5,mid
1600.0,190.0,Parma,Quadrilocale,mid-small,north,2.0,4,mid
1250.0,120.0,Parma,Trilocale,mid-small,north,2.0,3,mid
650.0,70.0,Parma,Trilocale,mid-small,north,2.0,3,mid-small
750.0,80.0,Parma,Quadrilocale,mid-small,north,2.0,4,mid-small
700.0,45.0,Parma,Bilocale,mid-small,north,2.0,2,small
3000.0,180.0,Parma,Loft,mid-small,north,2.0,4,mid
1600.0,160.0,Parma,Appartamento,mid-small,north,2.0,5,mid
850.0,110.0,Parma,Trilocale,mid-small,north,2.0,3,mid
550.0,42.0,Parma,Bilocale,mid-small,north,4.0,2,small
750.0,140.0,Parma,Trilocale,mid-small,north,4.0,3,mid
2200.0,195.0,Parma,Appartamento,mid-small,north,4.0,5,mid
700.0,95.0,Parma,Quadrilocale,mid-small,north,4.0,4,mid-small
700.0,95.0,Parma,Quadrilocale,mid-small,north,4.0,4,mid-small
1500.0,160.0,Parma,Trilocale,mid-small,north,4.0,3,mid
700.0,80.0,Parma,Trilocale,mid-small,north,4.0,3,mid-small
750.0,70.0,Parma,Bilocale,mid-small,north,4.0,2,mid-small
1600.0,155.0,Parma,Appartamento,mid-small,north,4.0,6,mid
550.0,45.0,Parma,Bilocale,mid-small,north,4.0,2,small
600.0,63.0,Parma,Bilocale,mid-small,north,4.0,2,small
800.0,90.0,Parma,Quadrilocale,mid-small,north,4.0,4,mid-small
500.0,50.0,Parma,Bilocale,mid-small,north,4.0,2,small
325.0,105.0,Parma,Quadrilocale,mid-small,north,4.0,4,mid
680.0,75.0,Parma,Trilocale,mid-small,north,4.0,3,mid-small
620.0,30.0,Parma,Monolocale,mid-small,north,4.0,1,very small
550.0,25.0,Parma,Monolocale,mid-small,north,4.0,1,very small
900.0,110.0,Parma,Quadrilocale,mid-small,north,4.0,4,mid
1200.0,140.0,Parma,Trilocale,mid-small,north,4.0,3,mid
1100.0,110.0,Parma,Appartamento,mid-small,north,4.0,5,mid
700.0,80.0,Parma,Trilocale,mid-small,north,4.0,3,mid-small
1200.0,100.0,Parma,Trilocale,mid-small,north,4.0,3,mid
750.0,55.0,Parma,Bilocale,mid-small,north,4.0,2,small
1000.0,75.0,Parma,Bilocale,mid-small,north,4.0,2,mid-small
670.0,55.0,Parma,Bilocale,mid-small,north,0.5,2,small
640.0,75.0,Parma,Trilocale,mid-small,north,0.5,3,mid-small
1150.0,145.0,Parma,Mansarda,mid-small,north,0.5,4,mid
470.0,38.0,Parma,Monolocale,mid-small,north,0.5,1,very small
550.0,60.0,Parma,Bilocale,mid-small,north,0.5,2,small
850.0,70.0,Parma,Bilocale,mid-small,north,0.5,2,mid-small
1200.0,145.0,Parma,Quadrilocale,mid-small,north,0.5,4,mid
1200.0,178.0,Parma,Appartamento,mid-small,north,0.5,6,mid
1300.0,100.0,Parma,Trilocale,mid-small,north,0.5,3,mid
1000.0,60.0,Parma,Bilocale,mid-small,north,0.5,2,small
550.0,55.0,Parma,Trilocale,mid-small,north,0.5,3,small
2000.0,340.0,Parma,Villa,mid-small,north,0.5,6,large
800.0,100.0,Parma,Quadrilocale,mid-small,north,0.5,4,mid
1000.0,60.0,Parma,Bilocale,mid-small,north,0.5,2,small
570.0,51.0,Parma,Mansarda,mid-small,north,0.5,2,small
850.0,40.0,Parma,Bilocale,mid-small,north,0.5,2,small
1400.0,65.0,Parma,Bilocale,mid-small,north,0.5,2,small
1350.0,40.0,Parma,Bilocale,mid-small,north,0.5,2,small
1400.0,150.0,Parma,Quadrilocale,mid-small,north,0.5,4,mid
670.0,55.0,Parma,Bilocale,mid-small,north,0.5,2,small
1570.0,130.0,Parma,Appartamento,mid-small,north,0.5,5,mid
680.0,90.0,Parma,Trilocale,mid-small,north,0.5,3,mid-small
550.0,75.0,Parma,Trilocale,mid-small,north,0.5,3,mid-small
850.0,55.0,Parma,Bilocale,mid-small,north,0.5,2,small
350.0,40.0,Parma,Monolocale,mid-small,north,2.0,1,small
1300.0,110.0,Parma,Trilocale,mid-small,north,2.0,3,mid
1000.0,70.0,Parma,Trilocale,mid-small,north,2.0,3,mid-small
1500.0,150.0,Parma,Trilocale,mid-small,north,2.0,3,mid
750.0,63.0,Parma,Bilocale,mid-small,north,2.0,2,small
900.0,85.0,Parma,Quadrilocale,mid-small,north,2.0,4,mid-small
390.0,40.0,Parma,Monolocale,mid-small,north,2.0,1,small
1200.0,50.0,Parma,Monolocale,mid-small,north,2.0,1,small
500.0,60.0,Parma,Bilocale,mid-small,north,2.0,2,small
700.0,30.0,Parma,Monolocale,mid-small,north,2.0,1,very small
450.0,50.0,Parma,Bilocale,mid-small,north,2.0,2,small
1200.0,45.0,Parma,Bilocale,mid-small,north,2.0,2,small
1000.0,40.0,Parma,Bilocale,mid-small,north,2.0,2,small
650.0,65.0,Parma,Bilocale,mid-small,north,2.0,2,small
2100.0,460.0,Parma,Villa,mid-small,north,2.0,6,very large
1850.0,160.0,Parma,Appartamento,mid-small,north,2.0,5,mid
650.0,60.0,Parma,Bilocale,mid-small,north,2.0,2,small
1000.0,80.0,Parma,Bilocale,mid-small,north,2.0,2,mid-small
900.0,35.0,Parma,Monolocale,mid-small,north,2.0,1,very small
1150.0,100.0,Parma,Trilocale,mid-small,north,2.0,3,mid
1200.0,75.0,Parma,Trilocale,mid-small,north,2.0,3,mid-small
550.0,40.0,Parma,Monolocale,mid-small,north,2.0,1,small
1100.0,137.0,Parma,Quadrilocale,mid-small,north,2.0,4,mid
1000.0,100.0,Parma,Trilocale,mid-small,north,2.0,3,mid
1500.0,140.0,Parma,Trilocale,mid-small,north,2.0,3,mid
650.0,93.0,Parma,Trilocale,mid-small,north,1.0,3,mid-small
550.0,45.0,Parma,Bilocale,mid-small,north,1.0,2,small
500.0,50.0,Parma,Bilocale,mid-small,north,1.0,2,small
500.0,47.0,Parma,Bilocale,mid-small,north,1.0,2,small
500.0,20.0,Parma,Monolocale,mid-small,north,1.0,1,very small
1400.0,60.0,Parma,Bilocale,mid-small,north,1.0,2,small
800.0,100.0,Parma,Quadrilocale,mid-small,north,1.0,4,mid
900.0,85.0,Parma,Quadrilocale,mid-small,north,1.0,4,mid-small
1200.0,90.0,Parma,Trilocale,mid-small,north,1.0,3,mid-small
850.0,60.0,Parma,Trilocale,mid-small,north,1.0,3,small
1250.0,130.0,Parma,Appartamento,mid-small,north,1.0,5,mid
1250.0,90.0,Parma,Bilocale,mid-small,north,1.0,2,mid-small
750.0,65.0,Parma,Bilocale,mid-small,north,1.0,2,small
550.0,28.0,Parma,Monolocale,mid-small,north,1.0,1,very small
750.0,45.0,Parma,Mansarda,mid-small,north,1.0,2,small
900.0,110.0,Parma,Quadrilocale,mid-small,north,1.0,4,mid
480.0,25.0,Parma,Monolocale,mid-small,north,1.0,1,very small
750.0,45.0,Parma,Bilocale,mid-small,north,1.0,2,small
1200.0,50.0,Parma,Bilocale,mid-small,north,1.0,2,small
400.0,60.0,Parma,Bilocale,mid-small,north,1.0,2,small
1100.0,35.0,Parma,Monolocale,mid-small,north,3.0,1,very small
1200.0,40.0,Parma,Monolocale,mid-small,north,3.0,1,small
850.0,55.0,Parma,Bilocale,mid-small,north,3.0,2,small
1350.0,150.0,Parma,Villa,mid-small,north,3.0,5,mid
800.0,25.0,Parma,Monolocale,mid-small,north,3.0,1,very small
600.0,55.0,Parma,Bilocale,mid-small,north,3.0,2,small
1250.0,90.0,Parma,Trilocale,mid-small,north,3.0,3,mid-small
1050.0,35.0,Parma,Monolocale,mid-small,north,3.0,1,very small
700.0,85.0,Parma,Trilocale,mid-small,north,3.0,3,mid-small
450.0,30.0,Parma,Monolocale,mid-small,north,3.0,1,very small
1350.0,150.0,Parma,Appartamento,mid-small,north,3.0,5,mid
400.0,35.0,Parma,Monolocale,mid-small,north,3.0,1,very small
1200.0,120.0,Parma,Trilocale,mid-small,north,3.0,3,mid
1700.0,160.0,Parma,Quadrilocale,mid-small,north,3.0,4,mid
1500.0,140.0,Parma,Quadrilocale,mid-small,north,3.0,4,mid
1400.0,60.0,Parma,Trilocale,mid-small,north,3.0,3,small
3000.0,420.0,Parma,Villa,mid-small,north,3.0,5,very large
1000.0,70.0,Parma,Trilocale,mid-small,north,3.0,3,mid-small
1650.0,160.0,Parma,Appartamento,mid-small,north,3.0,5,mid
1200.0,80.0,Parma,Trilocale,mid-small,north,1.0,3,mid-small
1100.0,100.0,Parma,Quadrilocale,mid-small,north,1.0,4,mid
1150.0,100.0,Parma,Trilocale,mid-small,north,1.0,3,mid
430.0,120.0,Parma,Appartamento,mid-small,north,1.0,6,mid
800.0,60.0,Parma,Bilocale,mid-small,north,1.0,2,small
720.0,100.0,Parma,Quadrilocale,mid-small,north,1.0,4,mid
850.0,60.0,Parma,Bilocale,mid-small,north,1.0,2,small
1500.0,165.0,Parma,Appartamento,mid-small,north,1.0,6,mid
900.0,47.0,Parma,Bilocale,mid-small,north,1.0,2,small
800.0,46.0,Parma,Mansarda,mid-small,north,1.0,2,small
880.0,55.0,Parma,Bilocale,mid-small,north,1.0,2,small
600.0,55.0,Parma,Bilocale,mid-small,north,1.0,2,small
1200.0,70.0,Parma,Trilocale,mid-small,north,1.0,3,mid-small
1000.0,48.0,Parma,Mansarda,mid-small,north,1.0,2,small
900.0,54.0,Parma,Bilocale,mid-small,north,1.0,2,small
950.0,40.0,Parma,Monolocale,mid-small,north,1.0,1,small
700.0,110.0,Parma,Quadrilocale,mid-small,north,1.0,4,mid
750.0,54.0,Parma,Bilocale,mid-small,north,1.0,2,small
350.0,30.0,Parma,Monolocale,mid-small,north,1.0,1,very small
300.0,101.0,Parma,Trilocale,mid-small,north,1.0,3,mid
1000.0,60.0,Parma,Monolocale,mid-small,north,1.0,1,small
1350.0,35.0,Parma,Bilocale,mid-small,north,1.0,2,very small
900.0,85.0,Parma,Trilocale,mid-small,north,1.0,3,mid-small
650.0,20.0,Parma,Monolocale,mid-small,north,1.0,1,very small
1200.0,100.0,Parma,Trilocale,mid-small,north,3.0,3,mid
1600.0,140.0,Parma,Appartamento,mid-small,north,3.0,6,mid
1100.0,50.0,Parma,Monolocale,mid-small,north,3.0,1,small
700.0,66.0,Brescia,Trilocale,mid,north,3.0,3,small
1500.0,160.0,Brescia,Appartamento,mid,north,3.0,5,mid
1450.0,90.0,Brescia,Trilocale,mid,north,3.0,3,mid-small
1100.0,80.0,Brescia,Bilocale,mid,north,3.0,2,mid-small
2500.0,360.0,Brescia,Palazzo,mid,north,3.0,6,large
1100.0,150.0,Brescia,Trilocale,mid,north,3.0,3,mid
1050.0,55.0,Brescia,Bilocale,mid,north,3.0,2,small
1250.0,90.0,Brescia,Trilocale,mid,north,3.0,3,mid-small
3750.0,180.0,Brescia,Mansarda,mid,north,3.0,5,mid
2150.0,250.0,Brescia,Appartamento,mid,north,3.0,5,large
680.0,70.0,Brescia,Bilocale,mid,north,3.0,2,mid-small
1000.0,82.0,Brescia,Bilocale,mid,north,3.0,2,mid-small
1300.0,55.0,Brescia,Bilocale,mid,north,3.0,2,small
1000.0,110.0,Brescia,Trilocale,mid,north,3.0,3,mid
1000.0,110.0,Brescia,Trilocale,mid,north,3.0,3,mid
900.0,75.0,Brescia,Bilocale,mid,north,3.0,2,mid-small
4000.0,385.0,Brescia,Villa,mid,north,3.0,6,large
840.0,75.0,Brescia,Trilocale,mid,north,3.0,3,mid-small
1500.0,160.0,Brescia,Appartamento,mid,north,3.0,6,mid
650.0,75.0,Brescia,Trilocale,mid,north,3.0,3,mid-small
650.0,60.0,Brescia,Bilocale,mid,north,3.0,2,small
900.0,120.0,Brescia,Trilocale,mid,north,3.0,3,mid
1000.0,130.0,Brescia,Trilocale,mid,north,1.0,3,mid
2250.0,200.0,Brescia,Appartamento,mid,north,1.0,6,large
1150.0,120.0,Brescia,Quadrilocale,mid,north,1.0,4,mid
700.0,70.0,Brescia,Trilocale,mid,north,1.0,3,mid-small
1300.0,80.0,Brescia,Trilocale,mid,north,1.0,3,mid-small
1500.0,160.0,Brescia,Quadrilocale,mid,north,1.0,4,mid
1600.0,110.0,Brescia,Quadrilocale,mid,north,1.0,4,mid
1600.0,100.0,Brescia,Quadrilocale,mid,north,1.0,4,mid
400.0,28.0,Brescia,Monolocale,mid,north,1.0,1,very small
750.0,80.0,Brescia,Trilocale,mid,north,1.0,3,mid-small
550.0,80.0,Brescia,Trilocale,mid,north,1.0,3,mid-small
670.0,83.0,Brescia,Trilocale,mid,north,1.0,3,mid-small
1300.0,120.0,Brescia,Trilocale,mid,north,1.0,3,mid
600.0,55.0,Brescia,Bilocale,mid,north,1.0,2,small
700.0,45.0,Brescia,Monolocale,mid,north,1.0,1,small
1500.0,130.0,Brescia,Quadrilocale,mid,north,1.0,4,mid
850.0,65.0,Brescia,Bilocale,mid,north,1.0,2,small
550.0,60.0,Brescia,Bilocale,mid,north,1.0,2,small
2500.0,340.0,Brescia,Appartamento,mid,north,1.0,5,large
850.0,79.0,Brescia,Trilocale,mid,north,1.0,3,mid-small
1600.0,110.0,Brescia,Quadrilocale,mid,north,1.0,4,mid
850.0,104.0,Brescia,Trilocale,mid,north,1.0,3,mid
1200.0,130.0,Brescia,Quadrilocale,mid,north,1.0,4,mid
2800.0,500.0,Brescia,Appartamento,mid,north,1.0,6,very large
550.0,40.0,Brescia,Bilocale,mid,north,1.0,2,small
500.0,65.0,Brescia,Bilocale,mid,north,1.0,2,small
1600.0,150.0,Brescia,Quadrilocale,mid,north,1.0,4,mid
850.0,85.0,Brescia,Trilocale,mid,north,1.0,3,mid-small
750.0,100.0,Brescia,Trilocale,mid,north,1.0,3,mid
1500.0,160.0,Brescia,Quadrilocale,mid,north,1.0,4,mid
1350.0,126.0,Brescia,Trilocale,mid,north,1.0,3,mid
300.0,21.0,Brescia,Monolocale,mid,north,1.0,1,very small
1000.0,79.0,Brescia,Trilocale,mid,north,1.0,3,mid-small
900.0,100.0,Brescia,Trilocale,mid,north,1.0,3,mid
1200.0,188.0,Brescia,Palazzo,mid,north,1.0,3,mid
680.0,50.0,Brescia,Bilocale,mid,north,1.0,2,small
580.0,57.0,Brescia,Bilocale,mid,north,1.0,2,small
600.0,80.0,Brescia,Trilocale,mid,north,1.0,3,mid-small
1200.0,140.0,Brescia,Quadrilocale,mid,north,1.0,4,mid
1300.0,220.0,Brescia,Terratetto,mid,north,1.0,6,large
1500.0,130.0,Brescia,Trilocale,mid,north,1.0,3,mid
400.0,35.0,Brescia,Monolocale,mid,north,1.0,1,very small
1350.0,80.0,Brescia,Trilocale,mid,north,1.0,3,mid-small
700.0,117.0,Brescia,Trilocale,mid,north,1.0,3,mid
900.0,135.0,Brescia,Quadrilocale,mid,north,1.0,4,mid
650.0,79.0,Brescia,Trilocale,mid,north,3.0,3,mid-small
700.0,110.0,Brescia,Trilocale,mid,north,3.0,3,mid
1350.0,140.0,Brescia,Trilocale,mid,north,3.0,3,mid
1800.0,67.0,Brescia,Quadrilocale,mid,north,3.0,4,small
950.0,70.0,Brescia,Bilocale,mid,north,3.0,2,mid-small
2500.0,180.0,Brescia,Quadrilocale,mid,north,3.0,4,mid
700.0,85.0,Brescia,Trilocale,mid,north,3.0,3,mid-small
1300.0,200.0,Brescia,Quadrilocale,mid,north,3.0,4,large
700.0,115.0,Brescia,Quadrilocale,mid,north,3.0,4,mid
530.0,60.0,Brescia,Bilocale,mid,north,3.0,2,small
800.0,65.0,Brescia,Bilocale,mid,north,3.0,2,small
850.0,80.0,Brescia,Trilocale,mid,north,3.0,3,mid-small
700.0,100.0,Brescia,Trilocale,mid,north,3.0,3,mid
390.0,30.0,Brescia,Monolocale,mid,north,3.0,1,very small
1150.0,138.0,Brescia,Quadrilocale,mid,north,3.0,4,mid
2500.0,130.0,Brescia,Quadrilocale,mid,north,3.0,4,mid
2500.0,200.0,Brescia,Quadrilocale,mid,north,3.0,4,large
680.0,90.0,Brescia,Trilocale,mid,north,3.0,3,mid-small
1000.0,55.0,Brescia,Bilocale,mid,north,3.0,2,small
420.0,60.0,Brescia,Bilocale,mid,north,3.0,2,small
1600.0,140.0,Brescia,Quadrilocale,mid,north,0.0,4,mid
380.0,30.0,Brescia,Monolocale,mid,north,0.0,1,very small
650.0,90.0,Brescia,Quadrilocale,mid,north,0.0,4,mid-small
490.0,43.0,Brescia,Monolocale,mid,north,0.0,1,small
1300.0,140.0,Brescia,Trilocale,mid,north,0.0,3,mid
2500.0,230.0,Brescia,Quadrilocale,mid,north,0.0,4,large
550.0,70.0,Brescia,Trilocale,mid,north,0.0,3,mid-small
1000.0,100.0,Brescia,Trilocale,mid,north,0.0,3,mid
1200.0,100.0,Brescia,Trilocale,mid,north,0.0,3,mid
670.0,80.0,Brescia,Trilocale,mid,north,0.0,3,mid-small
950.0,40.0,Brescia,Monolocale,mid,north,0.0,1,small
2500.0,340.0,Brescia,Appartamento,mid,north,0.0,5,large
2200.0,83.0,Brescia,Trilocale,mid,north,0.0,3,mid-small
2450.0,60.0,Brescia,Loft,mid,north,0.0,2,small
1250.0,170.0,Brescia,Palazzo,mid,north,0.0,5,mid
1600.0,75.0,Brescia,Bilocale,mid,north,0.0,2,mid-small
680.0,94.0,Brescia,Trilocale,mid,north,0.0,3,mid-small
2300.0,32.0,Brescia,Bilocale,mid,north,0.0,2,very small
650.0,60.0,Brescia,Mansarda,mid,north,0.0,2,small
1300.0,50.0,Brescia,Bilocale,mid,north,0.0,2,small
1350.0,70.0,Brescia,Bilocale,mid,north,2.0,2,mid-small
780.0,50.0,Brescia,Bilocale,mid,north,2.0,2,small
600.0,58.0,Brescia,Bilocale,mid,north,2.0,2,small
800.0,100.0,Brescia,Trilocale,mid,north,2.0,3,mid
1800.0,130.0,Brescia,Casale,mid,north,2.0,3,mid
1800.0,130.0,Brescia,Trilocale,mid,north,2.0,3,mid
550.0,60.0,Brescia,Bilocale,mid,north,2.0,2,small
800.0,100.0,Brescia,Trilocale,mid,north,2.0,3,mid
550.0,48.0,Brescia,Bilocale,mid,north,2.0,2,small
1250.0,75.0,Brescia,Trilocale,mid,north,2.0,3,mid-small
600.0,40.0,Brescia,Monolocale,mid,north,2.0,1,small
650.0,50.0,Prato,Bilocale,mid,center,3.0,2,small
950.0,120.0,Prato,Appartamento,mid,center,3.0,5,mid
2200.0,200.0,Prato,Appartamento,mid,center,3.0,5,large
750.0,74.0,Prato,Bilocale,mid,center,3.0,2,mid-small
800.0,85.0,Prato,Quadrilocale,mid,center,3.0,4,mid-small
750.0,65.0,Prato,Trilocale,mid,center,3.0,3,small
1000.0,97.0,Prato,Quadrilocale,mid,center,3.0,4,mid-small
1000.0,70.0,Prato,Bilocale,mid,center,3.0,2,mid-small
1500.0,113.0,Prato,Quadrilocale,mid,center,3.0,4,mid
750.0,100.0,Prato,Quadrilocale,mid,center,3.0,4,mid
1000.0,130.0,Prato,Appartamento,mid,center,3.0,5,mid
1200.0,182.0,Prato,Appartamento,mid,center,3.0,6,mid
1200.0,80.0,Prato,Trilocale,mid,center,3.0,3,mid-small
900.0,116.0,Prato,Appartamento,mid,center,3.0,5,mid
670.0,75.0,Prato,Trilocale,mid,center,3.0,3,mid-small
3000.0,260.0,Prato,Villa,mid,center,3.0,6,large
1100.0,114.0,Prato,Trilocale,mid,center,3.0,3,mid
1000.0,157.0,Prato,Appartamento,mid,center,3.0,5,mid
1500.0,150.0,Prato,Appartamento,mid,center,3.0,5,mid
900.0,50.0,Prato,Bilocale,mid,center,3.0,2,small
5000.0,560.0,Prato,Terratetto,mid,center,3.0,6,very large
730.0,63.0,Prato,Trilocale,mid,center,3.0,3,small
690.0,63.0,Prato,Bilocale,mid,center,3.0,2,small
2500.0,280.0,Prato,Quadrilocale,mid,center,3.0,4,large
1599.0,140.0,Prato,Quadrilocale,mid,center,3.0,4,mid
700.0,60.0,Prato,Bilocale,mid,center,1.0,2,small
1200.0,95.0,Prato,Quadrilocale,mid,center,1.0,4,mid-small
1000.0,70.0,Prato,Bilocale,mid,center,1.0,2,mid-small
900.0,46.0,Prato,Bilocale,mid,center,1.0,2,small
720.0,45.0,Prato,Bilocale,mid,center,1.0,2,small
1000.0,75.0,Prato,Trilocale,mid,center,1.0,3,mid-small
800.0,70.0,Prato,Trilocale,mid,center,1.0,3,mid-small
1200.0,70.0,Prato,Terratetto,mid,center,1.0,2,mid-small
800.0,45.0,Prato,Bilocale,mid,center,1.0,2,small
1000.0,70.0,Prato,Bilocale,mid,center,1.0,2,mid-small
750.0,80.0,Prato,Appartamento,mid,center,1.0,2,mid-small
900.0,100.0,Prato,Trilocale,mid,center,1.0,3,mid
1599.0,140.0,Prato,Villa,mid,center,1.0,4,mid
500.0,35.0,Prato,Monolocale,mid,center,1.0,1,very small
300.0,75.0,Prato,Trilocale,mid,center,1.0,3,mid-small
750.0,30.0,Prato,Monolocale,mid,center,1.0,1,very small
1200.0,125.0,Prato,Quadrilocale,mid,center,1.0,4,mid
650.0,56.0,Taranto,Monolocale,mid,south,1.0,1,small
550.0,84.0,Taranto,Bilocale,mid,south,1.0,2,mid-small
850.0,114.0,Taranto,Trilocale,mid,south,1.0,3,mid
575.0,94.0,Taranto,Trilocale,mid,south,1.0,3,mid-small
850.0,150.0,Taranto,Appartamento,mid,south,1.0,5,mid
650.0,102.0,Taranto,Quadrilocale,mid,south,1.0,4,mid
550.0,94.0,Taranto,Trilocale,mid,south,1.0,3,mid-small
700.0,160.0,Taranto,Appartamento,mid,south,1.0,6,mid
750.0,111.0,Taranto,Attico,mid,south,1.0,3,mid
500.0,85.0,Taranto,Bilocale,mid,south,1.0,2,mid-small
500.0,100.0,Taranto,Quadrilocale,mid,south,1.0,4,mid
570.0,110.0,Taranto,Quadrilocale,mid,south,1.0,4,mid
650.0,117.0,Taranto,Quadrilocale,mid,south,1.0,4,mid
500.0,70.0,Taranto,Bilocale,mid,south,1.0,2,mid-small
600.0,110.0,Taranto,Trilocale,mid,south,1.0,3,mid
550.0,110.0,Taranto,Appartamento,mid,south,1.0,5,mid
650.0,105.0,Taranto,Trilocale,mid,south,1.0,3,mid
450.0,80.0,Taranto,Bilocale,mid,south,1.0,2,mid-small
600.0,110.0,Taranto,Trilocale,mid,south,1.0,3,mid
450.0,85.0,Taranto,Trilocale,mid,south,1.0,3,mid-small
750.0,115.0,Taranto,Trilocale,mid,south,1.0,3,mid
1000.0,160.0,Taranto,Palazzo,mid,south,1.0,5,mid
550.0,110.0,Taranto,Trilocale,mid,south,1.0,3,mid
600.0,48.0,Taranto,Bilocale,mid,south,1.0,2,small
850.0,50.0,Taranto,Loft,mid,south,1.0,2,small
600.0,80.0,Taranto,Bilocale,mid,south,1.0,2,mid-small
600.0,40.0,Taranto,Monolocale,mid,south,1.0,1,small
650.0,160.0,Taranto,Appartamento,mid,south,1.0,5,mid
700.0,170.0,Taranto,Quadrilocale,mid,south,1.0,4,mid
550.0,90.0,Taranto,Trilocale,mid,south,1.0,3,mid-small
1500.0,125.0,Taranto,Appartamento,mid,south,1.0,5,mid
570.0,120.0,Taranto,Quadrilocale,mid,south,1.0,4,mid
1000.0,153.0,Taranto,Trilocale,mid,south,1.0,3,mid
650.0,160.0,Taranto,Appartamento,mid,south,1.0,5,mid
750.0,115.0,Taranto,Trilocale,mid,south,1.0,3,mid
650.0,110.0,Taranto,Quadrilocale,mid,south,1.0,4,mid
1200.0,120.0,Taranto,Quadrilocale,mid,south,1.0,4,mid
750.0,160.0,Taranto,Quadrilocale,mid,south,1.0,4,mid
400.0,65.0,Taranto,Bilocale,mid,south,1.0,2,small
450.0,80.0,Taranto,Bilocale,mid,south,1.0,2,mid-small
600.0,95.0,Taranto,Trilocale,mid,south,1.0,3,mid-small
750.0,120.0,Taranto,Quadrilocale,mid,south,1.0,4,mid
600.0,125.0,Taranto,Quadrilocale,mid,south,1.0,4,mid
500.0,85.0,Taranto,Quadrilocale,mid,south,1.0,4,mid-small
800.0,100.0,Taranto,Trilocale,mid,south,1.0,3,mid
400.0,90.0,Taranto,Trilocale,mid,south,1.0,3,mid-small
530.0,60.0,Taranto,Bilocale,mid,south,1.0,2,small
500.0,60.0,Taranto,Bilocale,mid,south,1.0,2,small
370.0,50.0,Taranto,Bilocale,mid,south,1.0,2,small
600.0,85.0,Taranto,Quadrilocale,mid,south,0.5,4,mid-small
1100.0,120.0,Taranto,Quadrilocale,mid,south,0.5,4,mid
1200.0,130.0,Taranto,Quadrilocale,mid,south,0.5,4,mid
550.0,90.0,Taranto,Trilocale,mid,south,0.5,3,mid-small
500.0,85.0,Taranto,Palazzo,mid,south,0.5,3,mid-small
450.0,80.0,Taranto,Bilocale,mid,south,0.5,2,mid-small
800.0,105.0,Taranto,Trilocale,mid,south,0.5,3,mid
700.0,120.0,Taranto,Quadrilocale,mid,south,0.5,4,mid
600.0,90.0,Taranto,Trilocale,mid,south,0.5,3,mid-small
600.0,100.0,Taranto,Quadrilocale,mid,south,0.5,4,mid
650.0,100.0,Taranto,Quadrilocale,mid,south,0.5,4,mid
700.0,120.0,Taranto,Quadrilocale,mid,south,0.5,4,mid
600.0,80.0,Taranto,Trilocale,mid,south,0.5,3,mid-small
850.0,180.0,Taranto,Villa,mid,south,0.5,6,mid
400.0,48.0,Taranto,Monolocale,mid,south,0.5,1,small
1000.0,170.0,Taranto,Villa,mid,south,0.5,5,mid
520.0,70.0,Taranto,Trilocale,mid,south,0.5,3,mid-small
650.0,125.0,Taranto,Appartamento,mid,south,0.5,6,mid
390.0,70.0,Taranto,Bilocale,mid,south,0.5,2,mid-small
600.0,120.0,Taranto,Quadrilocale,mid,south,0.5,4,mid
585.0,70.0,Taranto,Bilocale,mid,south,0.5,2,mid-small
600.0,90.0,Taranto,Trilocale,mid,south,0.5,3,mid-small
550.0,68.0,Taranto,Trilocale,mid,south,0.5,3,small
800.0,125.0,Taranto,Villa,mid,south,0.5,4,mid
700.0,90.0,Taranto,Trilocale,mid,south,0.5,3,mid-small
650.0,100.0,Taranto,Appartamento,mid,south,1.0,5,mid
650.0,110.0,Taranto,Trilocale,mid,south,1.0,3,mid
800.0,150.0,Taranto,Appartamento,mid,south,1.0,5,mid
800.0,150.0,Taranto,Trilocale,mid,south,1.0,3,mid
500.0,65.0,Taranto,Bilocale,mid,south,1.0,2,small
100.0,120.0,Taranto,Quadrilocale,mid,south,1.0,4,mid
600.0,80.0,Taranto,Trilocale,mid,south,1.0,3,mid-small
550.0,91.0,Taranto,Quadrilocale,mid,south,1.0,4,mid-small
420.0,80.0,Taranto,Bilocale,mid,south,1.0,2,mid-small
470.0,51.0,Taranto,Bilocale,mid,south,1.0,2,small
350.0,55.0,Taranto,Bilocale,mid,south,1.0,2,small
1050.0,140.0,Taranto,Quadrilocale,mid,south,1.0,4,mid
500.0,41.0,Taranto,Bilocale,mid,south,1.0,2,small
800.0,140.0,Taranto,Appartamento,mid,south,1.0,6,mid
500.0,30.0,Taranto,Bilocale,mid,south,1.0,2,very small
530.0,45.0,Taranto,Bilocale,mid,south,1.0,2,small
540.0,40.0,Modena,Bilocale,mid-small,north,1.0,2,small
1200.0,152.0,Modena,Appartamento,mid-small,north,1.0,6,mid
1150.0,91.0,Modena,Quadrilocale,mid-small,north,1.0,4,mid-small
2000.0,90.0,Modena,Quadrilocale,mid-small,north,1.0,4,mid-small
1200.0,53.0,Modena,Bilocale,mid-small,north,1.0,2,small
1600.0,180.0,Modena,Villa,mid-small,north,1.0,4,mid
2000.0,250.0,Modena,Appartamento,mid-small,north,1.0,6,large
1800.0,189.0,Modena,Appartamento,mid-small,north,1.0,5,mid
1500.0,89.0,Modena,Quadrilocale,mid-small,north,1.0,4,mid-small
2000.0,121.0,Modena,Trilocale,mid-small,north,1.0,3,mid
580.0,36.0,Modena,Bilocale,mid-small,north,1.0,2,very small
1000.0,100.0,Modena,Appartamento,mid-small,north,1.0,5,mid
1200.0,85.0,Modena,Trilocale,mid-small,north,1.0,3,mid-small
2500.0,220.0,Modena,Appartamento,mid-small,north,1.0,6,large
3000.0,152.0,Modena,Appartamento,mid-small,north,1.0,5,mid
930.0,58.0,Modena,Bilocale,mid-small,north,1.0,2,small
1500.0,100.0,Modena,Trilocale,mid-small,north,1.0,3,mid
850.0,93.0,Modena,Quadrilocale,mid-small,north,1.0,4,mid-small
1100.0,110.0,Modena,Appartamento,mid-small,north,1.0,5,mid
2000.0,65.0,Modena,Bilocale,mid-small,north,1.0,2,small
1000.0,98.0,Modena,Quadrilocale,mid-small,north,1.0,4,mid-small
2500.0,80.0,Modena,Quadrilocale,mid-small,north,1.0,4,mid-small
1210.0,95.0,Modena,Quadrilocale,mid-small,north,1.0,4,mid-small
2900.0,250.0,Modena,Appartamento,mid-small,north,1.0,6,large
1200.0,40.0,Modena,Bilocale,mid-small,north,2.0,2,small
850.0,70.0,Modena,Trilocale,mid-small,north,2.0,3,mid-small
1300.0,112.0,Modena,Quadrilocale,mid-small,north,2.0,4,mid
1200.0,30.0,Modena,Monolocale,mid-small,north,2.0,1,very small
2600.0,85.0,Modena,Quadrilocale,mid-small,north,2.0,4,mid-small
840.0,65.0,Modena,Trilocale,mid-small,north,2.0,3,small
840.0,75.0,Modena,Trilocale,mid-small,north,2.0,3,mid-small
3600.0,300.0,Modena,Appartamento,mid-small,north,2.0,6,large
800.0,40.0,Modena,Bilocale,mid-small,north,2.0,2,small
860.0,57.0,Modena,Trilocale,mid-small,north,2.0,3,small
1100.0,80.0,Modena,Trilocale,mid-small,north,2.0,3,mid-small
3200.0,300.0,Modena,Villa,mid-small,north,2.0,5,large
1400.0,140.0,Modena,Appartamento,mid-small,north,2.0,5,mid
950.0,45.0,Modena,Attico,mid-small,north,2.0,2,small
700.0,50.0,Modena,Bilocale,mid-small,north,2.0,2,small
2500.0,85.0,Modena,Quadrilocale,mid-small,north,2.0,4,mid-small
1400.0,120.0,Modena,Appartamento,mid-small,north,2.0,5,mid
1600.0,85.0,Modena,Quadrilocale,mid-small,north,2.0,4,mid-small
900.0,58.0,Modena,Bilocale,mid-small,north,2.0,2,small
1000.0,65.0,Modena,Bilocale,mid-small,north,2.0,2,small
1300.0,80.0,Modena,Bilocale,mid-small,north,2.0,2,mid-small
1200.0,135.0,Modena,Appartamento,mid-small,north,2.0,5,mid
1150.0,75.0,Modena,Trilocale,mid-small,north,2.0,3,mid-small
600.0,90.0,Modena,Quadrilocale,mid-small,north,2.0,4,mid-small
950.0,75.0,Modena,Trilocale,mid-small,north,2.0,3,mid-small
2300.0,203.0,Modena,Appartamento,mid-small,north,2.0,6,large
1300.0,80.0,Modena,Trilocale,mid-small,north,2.0,3,mid-small
3500.0,220.0,Modena,Villa,mid-small,north,2.0,6,large
740.0,58.0,Modena,Bilocale,mid-small,north,2.0,2,small
1200.0,105.0,Modena,Quadrilocale,mid-small,north,2.0,4,mid
1500.0,200.0,Modena,Quadrilocale,mid-small,north,2.0,4,large
950.0,105.0,Modena,Trilocale,mid-small,north,2.0,3,mid
1200.0,115.0,Modena,Quadrilocale,mid-small,north,2.0,4,mid
760.0,80.0,Modena,Trilocale,mid-small,north,2.0,3,mid-small
1500.0,100.0,Modena,Quadrilocale,mid-small,north,2.0,4,mid
1900.0,130.0,Modena,Quadrilocale,mid-small,north,2.0,4,mid
1200.0,60.0,Modena,Trilocale,mid-small,north,2.0,3,small
2100.0,190.0,Modena,Quadrilocale,mid-small,north,2.0,4,mid
726.0,107.0,Modena,Quadrilocale,mid-small,north,2.0,4,mid
1000.0,90.0,Modena,Trilocale,mid-small,north,2.0,3,mid-small
950.0,40.0,Modena,Bilocale,mid-small,north,2.0,2,small
2500.0,80.0,Modena,Quadrilocale,mid-small,north,2.0,4,mid-small
1200.0,144.0,Modena,Appartamento,mid-small,north,2.0,5,mid
1800.0,164.0,Modena,Trilocale,mid-small,north,2.0,3,mid
1100.0,160.0,Modena,Appartamento,mid-small,north,2.0,6,mid
1800.0,120.0,Modena,Quadrilocale,mid-small,north,2.0,4,mid
1200.0,105.0,Modena,Quadrilocale,mid-small,north,2.0,4,mid
800.0,25.0,Modena,Monolocale,mid-small,north,2.0,1,very small
1200.0,25.0,Modena,Bilocale,mid-small,north,2.0,2,very small
1000.0,70.0,Modena,Trilocale,mid-small,north,2.0,3,mid-small
1500.0,40.0,Modena,Bilocale,mid-small,north,2.0,2,small
1300.0,95.0,Modena,Quadrilocale,mid-small,north,2.0,4,mid-small
1100.0,55.0,Modena,Bilocale,mid-small,north,2.0,2,small
1800.0,120.0,Modena,Quadrilocale,mid-small,north,2.0,4,mid
2000.0,239.0,Modena,Appartamento,mid-small,north,2.0,6,large
2000.0,80.0,Modena,Bilocale,mid-small,north,2.0,2,mid-small
1000.0,80.0,Modena,Trilocale,mid-small,north,2.0,3,mid-small
800.0,25.0,Modena,Monolocale,mid-small,north,2.0,1,very small
2000.0,240.0,Modena,Appartamento,mid-small,north,2.0,6,large
1500.0,100.0,Modena,Quadrilocale,mid-small,north,2.0,4,mid
1100.0,150.0,Modena,Appartamento,mid-small,north,2.0,5,mid
1100.0,140.0,Modena,Appartamento,mid-small,north,2.0,5,mid
850.0,50.0,Modena,Quadrilocale,mid-small,north,2.0,4,small
990.0,110.0,Modena,Trilocale,mid-small,north,2.0,3,mid
1000.0,68.0,Modena,Trilocale,mid-small,north,2.0,3,small
700.0,60.0,Modena,Bilocale,mid-small,north,2.0,2,small
900.0,105.0,Modena,Quadrilocale,mid-small,north,2.0,4,mid
1000.0,55.0,Modena,Bilocale,mid-small,north,2.0,2,small
2000.0,150.0,Modena,Terratetto,mid-small,north,2.0,6,mid
2300.0,190.0,Modena,Appartamento,mid-small,north,2.0,5,mid
2300.0,204.0,Modena,Quadrilocale,mid-small,north,2.0,4,large
1900.0,273.0,Modena,Villa,mid-small,north,2.0,6,large
1000.0,85.0,Modena,Quadrilocale,mid-small,north,2.0,4,mid-small
800.0,50.0,Modena,Bilocale,mid-small,north,3.0,2,small
570.0,35.0,Modena,Bilocale,mid-small,north,3.0,2,very small
550.0,50.0,Modena,Bilocale,mid-small,north,3.0,2,small
980.0,70.0,Modena,Trilocale,mid-small,north,3.0,3,mid-small
700.0,50.0,Modena,Trilocale,mid-small,north,3.0,3,small
1100.0,80.0,Modena,Trilocale,mid-small,north,3.0,3,mid-small
900.0,95.0,Modena,Attico,mid-small,north,3.0,3,mid-small
1250.0,140.0,Modena,Attico,mid-small,north,3.0,6,mid
1500.0,170.0,Modena,Appartamento,mid-small,north,3.0,5,mid
950.0,50.0,Modena,Bilocale,mid-small,north,3.0,2,small
350.0,20.0,Modena,Monolocale,mid-small,north,3.0,1,very small
1800.0,130.0,Modena,Appartamento,mid-small,north,3.0,5,mid
1400.0,100.0,Modena,Quadrilocale,mid-small,north,3.0,4,mid
1000.0,100.0,Modena,Quadrilocale,mid-small,north,3.0,4,mid
550.0,55.0,Modena,Bilocale,mid-small,north,3.0,2,small
700.0,110.0,Modena,Villa,mid-small,north,3.0,5,mid
1100.0,60.0,Modena,Bilocale,mid-small,north,3.0,2,small
1000.0,80.0,Modena,Trilocale,mid-small,north,3.0,3,mid-small
1400.0,90.0,Modena,Bilocale,mid-small,north,3.0,2,mid-small
480.0,50.0,Modena,Bilocale,mid-small,north,3.0,2,small
1000.0,85.0,Modena,Quadrilocale,mid-small,north,3.0,4,mid-small
550.0,75.0,Modena,Quadrilocale,mid-small,north,3.0,4,mid-small
600.0,70.0,Modena,Quadrilocale,mid-small,north,3.0,4,mid-small
900.0,110.0,Modena,Appartamento,mid-small,north,3.0,5,mid
980.0,70.0,Modena,Trilocale,mid-small,north,3.0,3,mid-small
1000.0,47.0,Modena,Bilocale,mid-small,north,5.0,2,small
700.0,55.0,Modena,Bilocale,mid-small,north,5.0,2,small
570.0,40.0,Modena,Bilocale,mid-small,north,5.0,2,small
900.0,105.0,Modena,Quadrilocale,mid-small,north,5.0,4,mid
500.0,30.0,Modena,Monolocale,mid-small,north,5.0,1,very small
700.0,96.0,Modena,Quadrilocale,mid-small,north,5.0,4,mid-small
900.0,95.0,Modena,Trilocale,mid-small,north,5.0,3,mid-small
1800.0,140.0,Modena,Quadrilocale,mid-small,north,5.0,4,mid
85.0,189.0,Modena,Palazzo,mid-small,north,5.0,2,mid
640.0,50.0,Modena,Bilocale,mid-small,north,5.0,2,small
450.0,30.0,Modena,Monolocale,mid-small,north,5.0,1,very small
2600.0,110.0,Modena,Attico,mid-small,north,5.0,3,mid
440.0,50.0,Modena,Bilocale,mid-small,north,5.0,2,small
500.0,27.0,Modena,Monolocale,mid-small,north,5.0,1,very small
1200.0,113.0,Modena,Appartamento,mid-small,north,5.0,5,mid
850.0,80.0,Modena,Trilocale,mid-small,north,5.0,3,mid-small
550.0,55.0,Modena,Bilocale,mid-small,north,5.0,2,small
700.0,70.0,Modena,Quadrilocale,mid-small,north,5.0,4,mid-small
1200.0,90.0,Modena,Quadrilocale,mid-small,north,5.0,4,mid-small
150.0,150.0,Modena,Quadrilocale,mid-small,north,5.0,4,mid
2500.0,250.0,Modena,Appartamento,mid-small,north,5.0,6,large
1400.0,120.0,Modena,Quadrilocale,mid-small,north,5.0,4,mid
600.0,50.0,Modena,Bilocale,mid-small,north,5.0,2,small
540.0,45.0,Modena,Bilocale,mid-small,north,5.0,2,small
900.0,90.0,Modena,Trilocale,mid-small,north,1.0,3,mid-small
1000.0,60.0,Modena,Bilocale,mid-small,north,1.0,2,small
850.0,65.0,Modena,Trilocale,mid-small,north,1.0,3,small
624.0,80.0,Modena,Mansarda,mid-small,north,1.0,3,mid-small
100.0,85.0,Modena,Trilocale,mid-small,north,1.0,3,mid-small
750.0,85.0,Modena,Appartamento,mid-small,north,1.0,5,mid-small
100.0,91.0,Modena,Trilocale,mid-small,north,1.0,3,mid-small
1400.0,95.0,Modena,Quadrilocale,mid-small,north,1.0,4,mid-small
2000.0,80.0,Modena,Quadrilocale,mid-small,north,1.0,4,mid-small
1000.0,100.0,Modena,Appartamento,mid-small,north,1.0,5,mid
2000.0,289.0,Modena,Villa,mid-small,north,1.0,5,large
2500.0,220.0,Modena,Villa,mid-small,north,1.0,5,large
570.0,50.0,Modena,Bilocale,mid-small,north,1.0,2,small
2300.0,190.0,Modena,Appartamento,mid-small,north,1.0,6,mid
2000.0,120.0,Modena,Quadrilocale,mid-small,north,1.0,4,mid
255.0,50.0,Modena,Monolocale,mid-small,north,1.0,1,small
750.0,100.0,Modena,Trilocale,mid-small,north,1.0,3,mid
600.0,85.0,Modena,Quadrilocale,mid-small,north,1.0,4,mid-small
550.0,38.0,Modena,Monolocale,mid-small,north,1.0,1,very small
550.0,45.0,Modena,Bilocale,mid-small,north,1.0,2,small
580.0,50.0,Modena,Bilocale,mid-small,north,1.0,2,small
700.0,95.0,Modena,Appartamento,mid-small,north,1.0,6,mid-small
560.0,50.0,Modena,Bilocale,mid-small,north,1.0,2,small
600.0,55.0,Modena,Bilocale,mid-small,north,1.0,2,small
2000.0,217.0,Modena,Appartamento,mid-small,north,1.0,6,large
1100.0,100.0,Modena,Trilocale,mid-small,north,1.0,3,mid
950.0,78.0,Modena,Trilocale,mid-small,north,1.0,3,mid-small
900.0,65.0,Modena,Trilocale,mid-small,north,1.0,3,small
750.0,75.0,Modena,Trilocale,mid-small,north,1.0,3,mid-small
800.0,72.0,Modena,Trilocale,mid-small,north,1.0,3,mid-small
900.0,70.0,Modena,Trilocale,mid-small,north,1.0,3,mid-small
700.0,55.0,Modena,Bilocale,mid-small,north,1.0,2,small
750.0,55.0,Modena,Bilocale,mid-small,north,1.0,2,small
2000.0,120.0,Modena,Quadrilocale,mid-small,north,1.0,4,mid
1000.0,102.0,Modena,Trilocale,mid-small,north,1.0,3,mid
1100.0,200.0,Modena,Quadrilocale,mid-small,north,1.0,4,large
1800.0,339.0,Modena,Villa,mid-small,north,1.0,6,large
560.0,40.0,Modena,Monolocale,mid-small,north,1.0,1,small
100.0,45.0,Modena,Trilocale,mid-small,north,1.0,3,small
600.0,40.0,Modena,Monolocale,mid-small,north,1.0,1,small
650.0,20.0,Modena,Monolocale,mid-small,north,1.0,1,very small
2500.0,140.0,Modena,Quadrilocale,mid-small,north,1.0,4,mid
1100.0,80.0,Modena,Trilocale,mid-small,north,1.0,3,mid-small
1200.0,80.0,Modena,Trilocale,mid-small,north,1.0,3,mid-small
2200.0,110.0,Modena,Quadrilocale,mid-small,north,1.0,4,mid
1200.0,100.0,Modena,Appartamento,mid-small,north,1.0,6,mid
2000.0,120.0,Modena,Attico,mid-small,north,1.0,5,mid
980.0,70.0,Modena,Trilocale,mid-small,north,1.0,3,mid-small
850.0,65.0,Modena,Mansarda,mid-small,north,4.0,2,small
1500.0,140.0,Modena,Attico,mid-small,north,4.0,4,mid
600.0,25.0,Modena,Bilocale,mid-small,north,4.0,2,very small
850.0,70.0,Modena,Bilocale,mid-small,north,4.0,2,mid-small
800.0,60.0,Modena,Bilocale,mid-small,north,4.0,2,small
